caseyear,state,st_case,statename,ve_total,ve_forms,pvh_invl,peds,pernotmvit,permvit,persons,county,countyname,city,cityname,day,dayname,month,monthname,year,day_week,day_weekname,hour,hourname,minute,minutename,nhs,nhsname,rur_urb,rur_urbname,func_sys,func_sysname,rd_owner,rd_ownername,route,routename,tway_id,tway_id2,milept,mileptname,latitude,latitudename,longitud,longitudname,sp_jur,sp_jurname,harm_ev,harm_evname,man_coll,man_collname,reljct1,reljct1name,reljct2,reljct2name,typ_int,typ_intname,wrk_zone,wrk_zonename,road_fnc,road_fncname,rel_road,rel_roadname,lgt_cond,lgt_condname,weather1,weather1name,weather2,weather2name,weather,weathername,sch_bus,sch_busname,rail,railname,not_hour,not_hourname,not_min,not_minname,arr_hour,arr_hourname,arr_min,arr_minname,hosp_hr,hosp_hrname,hosp_mn,hosp_mnname,cf1,cf1name,cf2,cf2name,cf3,cf3name,fatals,drunk_dr
2018,55,550075,Wisconsin,1,1,0,1,1,2,2,25,DANE (25),0,NOT APPLICABLE,8,8,2,February,2018,5,Thursday,0,0:00am-0:59am,18,18,1,This section IS ON the NHS,1,Rural,3,Principal Arterial - Other,1,State Highway Agency,2,U.S. Highway,US-18,,99998,Not Reported,43.01044167,43.01044167,-89.803188890,-89.803188890,0,No Special Jurisdiction,8,Pedestrian,0,Not a Collision with Motor Vehicle In-Transport,0,No,1,Non-Junction,1,Not an Intersection,0,None,,,1,On Roadway,2,Dark - Not Lighted,10,Cloudy,0,No Additional Atmospheric Conditions,10,Cloudy,0,No,0000000,Not Applicable,0,0:00am-0:59am,20,20,0,0:00am-0:59am,32,32,88,Not Applicable (Not Transported),88,Not Applicable (Not Transported),0,None,0,None,0,None,1,0
2018,55,550076,Wisconsin,5,2,3,0,0,5,5,79,MILWAUKEE (79),3100,MILWAUKEE,4,4,2,February,2018,1,Sunday,11,11:00am-11:59am,4,4,0,This section IS NOT on the NHS,2,Urban,4,Minor Arterial,4,City or Municipal Highway Agency,6,Local Street - Municipality,W LINCOLN AVE,,0,None,43.00291389,43.00291389,-87.932008330,-87.932008330,0,No Special Jurisdiction,12,Motor Vehicle In-Transport,6,Angle,0,No,1,Non-Junction,1,Not an Intersection,0,None,,,1,On Roadway,1,Daylight,4,Snow,0,No Additional Atmospheric Conditions,4,Snow,0,No,0000000,Not Applicable,99,Unknown,99,Unknown,99,Unknown EMS Scene Arrival Hour,99,Unknown EMS Scene Arrival Minutes,99,Unknown,99,Unknown EMS Hospital Arrival Time,14,"Motor Vehicle struck by falling cargo,or something that came loose from or something that was set in motion by a vehicle",0,None,0,None,1,0
2018,55,550077,Wisconsin,3,3,0,0,0,3,3,133,WAUKESHA (133),708,BROOKFIELD,28,28,2,February,2018,4,Wednesday,15,3:00pm-3:59pm,46,46,0,This section IS NOT on the NHS,2,Urban,4,Minor Arterial,2,County Highway Agency,4,County Road,CR-SR,,0,None,43.07385833,43.07385833,-88.185913890,-88.185913890,0,No Special Jurisdiction,12,Motor Vehicle In-Transport,2,Front-to-Front,0,No,1,Non-Junction,1,Not an Intersection,0,None,,,1,On Roadway,1,Daylight,10,Cloudy,0,No Additional Atmospheric Conditions,10,Cloudy,0,No,0000000,Not Applicable,15,3:00pm-3:59pm,47,47,15,3:00pm-3:59pm,55,55,88,Not Applicable (Not Transported),88,Not Applicable (Not Transported),0,None,0,None,0,None,1,1
2018,55,550078,Wisconsin,1,1,0,1,1,4,4,141,WOOD (141),0,NOT APPLICABLE,28,28,2,February,2018,4,Wednesday,20,8:00pm-8:59pm,16,16,0,This section IS NOT on the NHS,1,Rural,4,Minor Arterial,1,State Highway Agency,3,State Highway,SR-73,,99998,Not Reported,44.30707778,44.30707778,-89.813961110,-89.813961110,0,No Special Jurisdiction,8,Pedestrian,0,Not a Collision with Motor Vehicle In-Transport,0,No,1,Non-Junction,1,Not an Intersection,0,None,,,1,On Roadway,2,Dark - Not Lighted,10,Cloudy,0,No Additional Atmospheric Conditions,10,Cloudy,0,No,0000000,Not Applicable,20,8:00pm-8:59pm,18,18,20,8:00pm-8:59pm,24,24,99,Unknown,96,Terminated Transport,19,Recent/Previous Crash scene Nearby,0,None,0,None,1,0
2018,55,550079,Wisconsin,2,2,0,0,0,4,4,73,MARATHON (73),5110,WAUSAU,27,27,4,April,2018,6,Friday,22,10:00pm-10:59pm,11,11,1,This section IS ON the NHS,2,Urban,2,Principal Arterial - Other Freeways and Expressways,1,State Highway Agency,2,U.S. Highway,US-51,BRIDGE ST W,99998,Not Reported,44.96981389,44.96981389,-89.636905560,-89.636905560,0,No Special Jurisdiction,12,Motor Vehicle In-Transport,6,Angle,1,Yes,2,Intersection,2,Four-Way Intersection,0,None,,,1,On Roadway,3,Dark - Lighted,10,Cloudy,0,No Additional Atmospheric Conditions,10,Cloudy,0,No,0000000,Not Applicable,22,10:00pm-10:59pm,13,13,22,10:00pm-10:59pm,17,17,22,10:00pm-10:59pm,31,31,0,None,0,None,0,None,1,0
2018,55,550080,Wisconsin,2,1,1,0,0,4,4,117,SHEBOYGAN (117),4330,SHEBOYGAN,2,2,5,May,2018,4,Wednesday,9,9:00am-9:59am,26,26,0,This section IS NOT on the NHS,2,Urban,7,Local,4,City or Municipal Highway Agency,6,Local Street - Municipality,S 10TH ST,,0,None,43.73920833,43.73920833,-87.716288890,-87.716288890,0,No Special Jurisdiction,33,Curb,0,Not a Collision with Motor Vehicle In-Transport,0,No,1,Non-Junction,1,Not an Intersection,0,None,,,4,On Roadside,1,Daylight,10,Cloudy,0,No Additional Atmospheric Conditions,10,Cloudy,0,No,0000000,Not Applicable,99,Unknown,99,Unknown,99,Unknown EMS Scene Arrival Hour,99,Unknown EMS Scene Arrival Minutes,99,Unknown,99,Unknown EMS Hospital Arrival Time,0,None,0,None,0,None,2,1
2018,55,550081,Wisconsin,1,1,0,0,0,2,2,79,MILWAUKEE (79),3100,MILWAUKEE,14,14,2,February,2018,4,Wednesday,17,5:00pm-5:59pm,13,13,0,This section IS NOT on the NHS,2,Urban,6,Minor Collector,4,City or Municipal Highway Agency,6,Local Street - Municipality,WINDLAKE AVE W,15TH PL S,0,None,43.00086667,43.00086667,-87.932569440,-87.932569440,0,No Special Jurisdiction,5,Fell/Jumped from Vehicle,0,Not a Collision with Motor Vehicle In-Transport,0,No,2,Intersection,2,Four-Way Intersection,0,None,,,1,On Roadway,5,Dusk,1,Clear,0,No Additional Atmospheric Conditions,1,Clear,0,No,0000000,Not Applicable,17,5:00pm-5:59pm,99,Unknown,17,5:00pm-5:59pm,99,Unknown EMS Scene Arrival Minutes,17,5:00pm-5:59pm,99,Unknown EMS Hospital Arrival Time,0,None,0,None,0,None,1,0
2018,55,550082,Wisconsin,2,2,0,0,0,2,2,25,DANE (25),0,NOT APPLICABLE,28,28,2,February,2018,4,Wednesday,21,9:00pm-9:59pm,50,50,1,This section IS ON the NHS,1,Rural,1,Interstate,1,State Highway Agency,1,Interstate,I-94,,99998,Not Reported,43.10998333,43.10998333,-89.196627780,-89.196627780,0,No Special Jurisdiction,12,Motor Vehicle In-Transport,1,Front-to-Rear,1,Yes,18,Through Roadway,1,Not an Intersection,0,None,,,1,On Roadway,2,Dark - Not Lighted,1,Clear,0,No Additional Atmospheric Conditions,1,Clear,0,No,0000000,Not Applicable,21,9:00pm-9:59pm,54,54,22,10:00pm-10:59pm,4,4,99,Unknown,99,Unknown EMS Hospital Arrival Time,0,None,0,None,0,None,1,0
2018,55,550083,Wisconsin,1,1,0,0,0,2,2,105,ROCK (105),2320,JANESVILLE,26,26,2,February,2018,2,Monday,17,5:00pm-5:59pm,22,22,0,This section IS NOT on the NHS,2,Urban,4,Minor Arterial,4,City or Municipal Highway Agency,6,Local Street - Municipality,MEMORIAL DR W,WASHINGTON ST N,0,None,42.69386944,42.69386944,-89.037130560,-89.037130560,0,No Special Jurisdiction,6,Injured In Vehicle (Non-Collision),0,Not a Collision with Motor Vehicle In-Transport,0,No,2,Intersection,2,Four-Way Intersection,0,None,,,1,On Roadway,1,Daylight,99,Reported as Unknown,0,No Additional Atmospheric Conditions,99,Reported as Unknown,0,No,0000000,Not Applicable,17,5:00pm-5:59pm,25,25,17,5:00pm-5:59pm,31,31,99,Unknown,99,Unknown EMS Hospital Arrival Time,0,None,0,None,0,None,1,0
2018,55,550084,Wisconsin,1,1,0,0,0,1,1,105,ROCK (105),0,NOT APPLICABLE,28,28,2,February,2018,4,Wednesday,21,9:00pm-9:59pm,5,5,0,This section IS NOT on the NHS,2,Urban,4,Minor Arterial,1,State Highway Agency,3,State Highway,SR-104,,99998,Not Reported,42.69393056,42.69393056,-89.367808330,-89.367808330,0,No Special Jurisdiction,35,Embankment,0,Not a Collision with Motor Vehicle In-Transport,0,No,1,Non-Junction,1,Not an Intersection,0,None,,,4,On Roadside,2,Dark - Not Lighted,10,Cloudy,0,No Additional Atmospheric Conditions,10,Cloudy,0,No,0000000,Not Applicable,21,9:00pm-9:59pm,7,7,21,9:00pm-9:59pm,20,20,88,Not Applicable (Not Transported),88,Not Applicable (Not Transported),0,None,0,None,0,None,1,0
2018,55,550085,Wisconsin,1,1,0,0,0,1,1,79,MILWAUKEE (79),3100,MILWAUKEE,24,24,2,February,2018,7,Saturday,22,10:00pm-10:59pm,0,0,1,This section IS ON the NHS,2,Urban,3,Principal Arterial - Other,4,City or Municipal Highway Agency,6,Local Street - Municipality,SHERMAN BLVD N,,0,None,43.08367778,43.08367778,-87.967208330,-87.967208330,0,No Special Jurisdiction,33,Curb,0,Not a Collision with Motor Vehicle In-Transport,0,No,1,Non-Junction,1,Not an Intersection,0,None,,,4,On Roadside,3,Dark - Lighted,2,Rain,0,No Additional Atmospheric Conditions,2,Rain,0,No,0000000,Not Applicable,99,Unknown,99,Unknown,99,Unknown EMS Scene Arrival Hour,99,Unknown EMS Scene Arrival Minutes,88,Not Applicable (Not Transported),88,Not Applicable (Not Transported),0,None,0,None,0,None,1,1
2018,55,550086,Wisconsin,1,1,0,1,1,1,1,79,MILWAUKEE (79),3100,MILWAUKEE,25,25,2,February,2018,1,Sunday,0,0:00am-0:59am,4,4,1,This section IS ON the NHS,2,Urban,3,Principal Arterial - Other,1,State Highway Agency,2,U.S. Highway,US-18  N 35TH ST,W WISCONSIN AVE,0,None,43.03886389,43.03886389,-87.957675000,-87.957675000,0,No Special Jurisdiction,8,Pedestrian,0,Not a Collision with Motor Vehicle In-Transport,0,No,3,Intersection-Related,2,Four-Way Intersection,4,"Work Zone, Type Unknown",,,1,On Roadway,3,Dark - Lighted,2,Rain,0,No Additional Atmospheric Conditions,2,Rain,0,No,0000000,Not Applicable,99,Unknown,99,Unknown,99,Unknown EMS Scene Arrival Hour,99,Unknown EMS Scene Arrival Minutes,88,Not Applicable (Not Transported),88,Not Applicable (Not Transported),0,None,0,None,0,None,1,0
2018,55,550087,Wisconsin,2,2,0,0,0,2,2,59,KENOSHA (59),2400,KENOSHA,2,2,3,March,2018,6,Friday,11,11:00am-11:59am,48,48,1,This section IS ON the NHS,2,Urban,3,Principal Arterial - Other,1,State Highway Agency,3,State Highway,SR-32,68TH ST,99998,Not Reported,42.57146111,42.57146111,-87.823363890,-87.823363890,0,No Special Jurisdiction,12,Motor Vehicle In-Transport,7,Sideswipe - Same Direction,0,No,2,Intersection,3,T-Intersection,0,None,,,1,On Roadway,1,Daylight,1,Clear,0,No Additional Atmospheric Conditions,1,Clear,0,No,0000000,Not Applicable,11,11:00am-11:59am,48,48,99,Unknown EMS Scene Arrival Hour,99,Unknown EMS Scene Arrival Minutes,12,12:00pm-12:59pm,30,30,0,None,0,None,0,None,1,0
2018,55,550090,Wisconsin,2,2,0,0,0,2,2,87,OUTAGAMIE (87),0,NOT APPLICABLE,3,3,3,March,2018,7,Saturday,10,10:00am-10:59am,2,2,1,This section IS ON the NHS,1,Rural,3,Principal Arterial - Other,1,State Highway Agency,3,State Highway,SR-55,,99998,Not Reported,44.41941389,44.41941389,-88.291575000,-88.291575000,0,No Special Jurisdiction,12,Motor Vehicle In-Transport,2,Front-to-Front,0,No,1,Non-Junction,1,Not an Intersection,0,None,,,1,On Roadway,1,Daylight,1,Clear,0,No Additional Atmospheric Conditions,1,Clear,0,No,0000000,Not Applicable,10,10:00am-10:59am,10,10,10,10:00am-10:59am,28,28,88,Not Applicable (Not Transported),88,Not Applicable (Not Transported),0,None,0,None,0,None,1,0
2018,55,550091,Wisconsin,2,2,0,0,0,2,2,17,CHIPPEWA (17),0,NOT APPLICABLE,5,5,3,March,2018,2,Monday,18,6:00pm-6:59pm,8,8,0,This section IS NOT on the NHS,1,Rural,5,Major Collector,2,County Highway Agency,4,County Road,CR-F,,0,None,44.86460556,44.86460556,-91.518919440,-91.518919440,0,No Special Jurisdiction,12,Motor Vehicle In-Transport,2,Front-to-Front,0,No,1,Non-Junction,1,Not an Intersection,0,None,,,1,On Roadway,5,Dusk,4,Snow,0,No Additional Atmospheric Conditions,4,Snow,0,No,0000000,Not Applicable,18,6:00pm-6:59pm,10,10,18,6:00pm-6:59pm,24,24,99,Unknown,99,Unknown EMS Hospital Arrival Time,0,None,0,None,0,None,1,0
2018,55,550092,Wisconsin,2,2,0,0,0,3,3,99,PRICE (99),3930,PRENTICE,10,10,3,March,2018,7,Saturday,12,12:00pm-12:59pm,30,30,1,This section IS ON the NHS,2,Urban,3,Principal Arterial - Other,1,State Highway Agency,2,U.S. Highway,US-8,CR-A,99998,Not Reported,45.55315556,45.55315556,-90.290577780,-90.290577780,0,No Special Jurisdiction,12,Motor Vehicle In-Transport,6,Angle,0,No,2,Intersection,2,Four-Way Intersection,0,None,,,1,On Roadway,1,Daylight,1,Clear,0,No Additional Atmospheric Conditions,1,Clear,0,No,0000000,Not Applicable,12,12:00pm-12:59pm,32,32,12,12:00pm-12:59pm,37,37,13,1:00pm-1:59pm,42,42,0,None,0,None,0,None,1,0
2018,55,550093,Wisconsin,2,2,0,0,0,3,3,105,ROCK (105),2320,JANESVILLE,9,9,3,March,2018,6,Friday,21,9:00pm-9:59pm,1,1,0,This section IS NOT on the NHS,2,Urban,4,Minor Arterial,4,City or Municipal Highway Agency,6,Local Street - Municipality,E MILWAUKEE ST,N PONTIAC DR,0,None,42.69555556,42.69555556,-88.987883330,-88.987883330,0,No Special Jurisdiction,12,Motor Vehicle In-Transport,6,Angle,1,Yes,2,Intersection,2,Four-Way Intersection,0,None,,,1,On Roadway,3,Dark - Lighted,1,Clear,0,No Additional Atmospheric Conditions,1,Clear,0,No,0000000,Not Applicable,21,9:00pm-9:59pm,2,2,21,9:00pm-9:59pm,9,9,21,9:00pm-9:59pm,31,31,0,None,0,None,0,None,1,2
2018,55,550094,Wisconsin,2,2,0,0,0,4,4,79,MILWAUKEE (79),3100,MILWAUKEE,2,2,3,March,2018,6,Friday,19,7:00pm-7:59pm,55,55,0,This section IS NOT on the NHS,2,Urban,6,Minor Collector,4,City or Municipal Highway Agency,6,Local Street - Municipality,HOPKINS ST W,,0,None,43.08728056,43.08728056,-87.950847220,-87.950847220,0,No Special Jurisdiction,12,Motor Vehicle In-Transport,2,Front-to-Front,0,No,1,Non-Junction,1,Not an Intersection,0,None,,,1,On Roadway,3,Dark - Lighted,1,Clear,0,No Additional Atmospheric Conditions,1,Clear,0,No,0000000,Not Applicable,99,Unknown,99,Unknown,99,Unknown EMS Scene Arrival Hour,99,Unknown EMS Scene Arrival Minutes,99,Unknown,99,Unknown EMS Hospital Arrival Time,0,None,0,None,0,None,1,1
2018,55,550095,Wisconsin,2,2,0,0,0,4,4,25,DANE (25),0,NOT APPLICABLE,9,9,3,March,2018,6,Friday,14,2:00pm-2:59pm,56,56,0,This section IS NOT on the NHS,1,Rural,4,Minor Arterial,2,County Highway Agency,4,County Road,CR-P,,0,None,43.09498889,43.09498889,-89.650533330,-89.650533330,0,No Special Jurisdiction,12,Motor Vehicle In-Transport,6,Angle,0,No,1,Non-Junction,1,Not an Intersection,0,None,,,1,On Roadway,1,Daylight,1,Clear,0,No Additional Atmospheric Conditions,1,Clear,0,No,0000000,Not Applicable,14,2:00pm-2:59pm,59,59,15,3:00pm-3:59pm,4,4,15,3:00pm-3:59pm,40,40,0,None,0,None,0,None,2,0
2018,55,550096,Wisconsin,1,1,0,0,0,1,1,131,WASHINGTON (131),0,NOT APPLICABLE,11,11,3,March,2018,1,Sunday,3,3:00am-3:59am,59,59,0,This section IS NOT on the NHS,1,Rural,7,Local,3,Town or Township Highway Agency,5,Local Street - Township,MIDLAND DR,,0,None,43.51357778,43.51357778,-88.362086110,-88.362086110,0,No Special Jurisdiction,34,Ditch,0,Not a Collision with Motor Vehicle In-Transport,0,No,1,Non-Junction,1,Not an Intersection,4,"Work Zone, Type Unknown",,,4,On Roadside,2,Dark - Not Lighted,1,Clear,0,No Additional Atmospheric Conditions,1,Clear,0,No,0000000,Not Applicable,4,4:00am-4:59am,11,11,4,4:00am-4:59am,22,22,88,Not Applicable (Not Transported),88,Not Applicable (Not Transported),0,None,0,None,0,None,1,1
2018,55,550097,Wisconsin,1,1,0,0,0,1,1,11,BUFFALO (11),0,NOT APPLICABLE,17,17,3,March,2018,7,Saturday,1,1:00am-1:59am,31,31,0,This section IS NOT on the NHS,1,Rural,5,Major Collector,2,County Highway Agency,4,County Road,CR-X,,0,None,44.38774444,44.38774444,-91.609255560,-91.609255560,0,No Special Jurisdiction,1,Rollover/Overturn,0,Not a Collision with Motor Vehicle In-Transport,0,No,1,Non-Junction,1,Not an Intersection,0,None,,,1,On Roadway,2,Dark - Not Lighted,1,Clear,0,No Additional Atmospheric Conditions,1,Clear,0,No,0000000,Not Applicable,2,2:00am-2:59am,18,18,2,2:00am-2:59am,54,54,88,Not Applicable (Not Transported),88,Not Applicable (Not Transported),0,None,0,None,0,None,1,1
2018,55,550098,Wisconsin,1,1,0,0,0,1,1,105,ROCK (105),0,NOT APPLICABLE,9,9,3,March,2018,6,Friday,99,Unknown Hours,99,Unknown Minutes,0,This section IS NOT on the NHS,1,Rural,7,Local,3,Town or Township Highway Agency,5,Local Street - Township,NELSON RD,,0,None,42.52393889,42.52393889,-89.307166670,-89.307166670,0,No Special Jurisdiction,42,Tree (Standing Only),0,Not a Collision with Motor Vehicle In-Transport,0,No,1,Non-Junction,1,Not an Intersection,0,None,,,4,On Roadside,2,Dark - Not Lighted,1,Clear,0,No Additional Atmospheric Conditions,1,Clear,0,No,0000000,Not Applicable,23,11:00pm-11:59pm,50,50,0,0:00am-0:59am,3,3,88,Not Applicable (Not Transported),88,Not Applicable (Not Transported),18,Date of Crash and Date of EMS Notification were not the same day,0,None,0,None,1,1
2018,55,550099,Wisconsin,2,2,0,0,0,4,4,111,SAUK (111),0,NOT APPLICABLE,20,20,3,March,2018,3,Tuesday,10,10:00am-10:59am,21,21,1,This section IS ON the NHS,1,Rural,3,Principal Arterial - Other,1,State Highway Agency,3,State Highway,SR-23,,99998,Not Reported,43.53286944,43.53286944,-89.913994440,-89.913994440,0,No Special Jurisdiction,12,Motor Vehicle In-Transport,2,Front-to-Front,0,No,1,Non-Junction,1,Not an Intersection,0,None,,,1,On Roadway,1,Daylight,10,Cloudy,0,No Additional Atmospheric Conditions,10,Cloudy,0,No,0000000,Not Applicable,10,10:00am-10:59am,23,23,99,Unknown EMS Scene Arrival Hour,99,Unknown EMS Scene Arrival Minutes,99,Unknown,99,Unknown EMS Hospital Arrival Time,0,None,0,None,0,None,1,0
2018,55,550100,Wisconsin,1,1,0,0,0,1,1,39,FOND DU LAC (39),0,NOT APPLICABLE,8,8,3,March,2018,5,Thursday,13,1:00pm-1:59pm,47,47,0,This section IS NOT on the NHS,1,Rural,5,Major Collector,2,County Highway Agency,4,County Road,CR-V,,0,None,43.67031389,43.67031389,-88.343283330,-88.343283330,0,No Special Jurisdiction,32,Culvert,0,Not a Collision with Motor Vehicle In-Transport,0,No,1,Non-Junction,1,Not an Intersection,0,None,,,4,On Roadside,1,Daylight,10,Cloudy,0,No Additional Atmospheric Conditions,10,Cloudy,0,No,0000000,Not Applicable,13,1:00pm-1:59pm,47,47,13,1:00pm-1:59pm,56,56,88,Not Applicable (Not Transported),88,Not Applicable (Not Transported),0,None,0,None,0,None,1,1
2018,55,550101,Wisconsin,1,1,0,0,0,1,1,63,LA CROSSE (63),0,NOT APPLICABLE,3,3,3,March,2018,7,Saturday,9,9:00am-9:59am,45,45,0,This section IS NOT on the NHS,1,Rural,5,Major Collector,1,State Highway Agency,3,State Highway,SR-162,,99998,Not Reported,43.85631389,43.85631389,-90.983958330,-90.983958330,0,No Special Jurisdiction,38,Fence,0,Not a Collision with Motor Vehicle In-Transport,0,No,1,Non-Junction,1,Not an Intersection,0,None,,,4,On Roadside,1,Daylight,1,Clear,0,No Additional Atmospheric Conditions,1,Clear,0,No,0000000,Not Applicable,99,Unknown,99,Unknown,99,Unknown EMS Scene Arrival Hour,98,Unknown if Arrived,88,Not Applicable (Not Transported),88,Not Applicable (Not Transported),0,None,0,None,0,None,1,0
2018,55,550102,Wisconsin,2,2,0,0,0,3,3,137,WAUSHARA (137),0,NOT APPLICABLE,19,19,3,March,2018,2,Monday,13,1:00pm-1:59pm,17,17,0,This section IS NOT on the NHS,1,Rural,4,Minor Arterial,1,State Highway Agency,3,State Highway,SR-73,5TH AVE,99998,Not Reported,44.21380556,44.21380556,-89.520647220,-89.520647220,0,No Special Jurisdiction,12,Motor Vehicle In-Transport,6,Angle,0,No,2,Intersection,2,Four-Way Intersection,0,None,,,1,On Roadway,1,Daylight,1,Clear,0,No Additional Atmospheric Conditions,1,Clear,0,No,0000000,Not Applicable,13,1:00pm-1:59pm,21,21,13,1:00pm-1:59pm,28,28,14,2:00pm-2:59pm,30,30,0,None,0,None,0,None,1,1
2018,55,550103,Wisconsin,1,1,0,0,0,1,1,27,DODGE (27),0,NOT APPLICABLE,17,17,3,March,2018,7,Saturday,17,5:00pm-5:59pm,47,47,0,This section IS NOT on the NHS,1,Rural,5,Major Collector,2,County Highway Agency,4,County Road,CR-E,,0,None,43.35926389,43.35926389,-88.595900000,-88.595900000,0,No Special Jurisdiction,1,Rollover/Overturn,0,Not a Collision with Motor Vehicle In-Transport,0,No,1,Non-Junction,1,Not an Intersection,0,None,,,4,On Roadside,1,Daylight,1,Clear,0,No Additional Atmospheric Conditions,1,Clear,0,No,0000000,Not Applicable,17,5:00pm-5:59pm,50,50,18,6:00pm-6:59pm,1,1,88,Not Applicable (Not Transported),88,Not Applicable (Not Transported),0,None,0,None,0,None,1,1
2018,55,550104,Wisconsin,1,1,0,0,0,1,1,27,DODGE (27),0,NOT APPLICABLE,19,19,3,March,2018,2,Monday,6,6:00am-6:59am,40,40,0,This section IS NOT on the NHS,1,Rural,7,Local,3,Town or Township Highway Agency,5,Local Street - Township,HICKORY POINT RD (1),,0,None,43.52313889,43.52313889,-88.935558330,-88.935558330,0,No Special Jurisdiction,35,Embankment,0,Not a Collision with Motor Vehicle In-Transport,0,No,1,Non-Junction,1,Not an Intersection,0,None,,,4,On Roadside,4,Dawn,10,Cloudy,0,No Additional Atmospheric Conditions,10,Cloudy,0,No,0000000,Not Applicable,6,6:00am-6:59am,45,45,6,6:00am-6:59am,57,57,7,7:00am-7:59am,31,31,0,None,0,None,0,None,1,1
2018,55,550105,Wisconsin,1,1,0,0,0,2,2,25,DANE (25),5372,WINDSOR,26,26,3,March,2018,2,Monday,4,4:00am-4:59am,9,9,0,This section IS NOT on the NHS,2,Urban,5,Major Collector,2,County Highway Agency,4,County Road,CR-V,,0,None,43.26719167,43.26719167,-89.317202780,-89.317202780,0,No Special Jurisdiction,34,Ditch,0,Not a Collision with Motor Vehicle In-Transport,0,No,1,Non-Junction,1,Not an Intersection,0,None,,,4,On Roadside,2,Dark - Not Lighted,1,Clear,0,No Additional Atmospheric Conditions,1,Clear,0,No,0000000,Not Applicable,4,4:00am-4:59am,14,14,4,4:00am-4:59am,18,18,88,Not Applicable (Not Transported),88,Not Applicable (Not Transported),0,None,0,None,0,None,2,1
2018,55,550106,Wisconsin,1,1,0,0,0,1,1,109,ST. CROIX (109),0,NOT APPLICABLE,31,31,3,March,2018,7,Saturday,2,2:00am-2:59am,0,0,0,This section IS NOT on the NHS,1,Rural,5,Major Collector,2,County Highway Agency,4,County Road,CR-E,PINE VIEW TRL,0,None,45.05732222,45.05732222,-92.744316670,-92.744316670,0,No Special Jurisdiction,59,Traffic Sign Support,0,Not a Collision with Motor Vehicle In-Transport,0,No,3,Intersection-Related,3,T-Intersection,0,None,,,4,On Roadside,2,Dark - Not Lighted,4,Snow,0,No Additional Atmospheric Conditions,4,Snow,0,No,0000000,Not Applicable,2,2:00am-2:59am,21,21,2,2:00am-2:59am,28,28,88,Not Applicable (Not Transported),88,Not Applicable (Not Transported),0,None,0,None,0,None,1,1
2018,55,550107,Wisconsin,1,1,0,0,0,2,2,105,ROCK (105),0,NOT APPLICABLE,31,31,3,March,2018,7,Saturday,2,2:00am-2:59am,22,22,0,This section IS NOT on the NHS,1,Rural,7,Local,3,Town or Township Highway Agency,5,Local Street - Township,DORNER RD,,0,None,42.67211389,42.67211389,-89.295588890,-89.295588890,0,No Special Jurisdiction,42,Tree (Standing Only),0,Not a Collision with Motor Vehicle In-Transport,0,No,1,Non-Junction,1,Not an Intersection,0,None,,,4,On Roadside,2,Dark - Not Lighted,10,Cloudy,0,No Additional Atmospheric Conditions,10,Cloudy,0,No,0000000,Not Applicable,99,Unknown,99,Unknown,99,Unknown EMS Scene Arrival Hour,99,Unknown EMS Scene Arrival Minutes,99,Unknown,99,Unknown EMS Hospital Arrival Time,0,None,0,None,0,None,1,1
2018,55,550108,Wisconsin,1,1,0,0,0,2,2,105,ROCK (105),440,BELOIT,24,24,3,March,2018,7,Saturday,1,1:00am-1:59am,39,39,0,This section IS NOT on the NHS,2,Urban,4,Minor Arterial,4,City or Municipal Highway Agency,6,Local Street - Municipality,WILLOWBROOK RD,,0,None,42.50003333,42.50003333,-88.999997220,-88.999997220,0,No Special Jurisdiction,33,Curb,0,Not a Collision with Motor Vehicle In-Transport,0,No,1,Non-Junction,1,Not an Intersection,0,None,,,4,On Roadside,2,Dark - Not Lighted,1,Clear,0,No Additional Atmospheric Conditions,1,Clear,0,No,0000000,Not Applicable,1,1:00am-1:59am,40,40,1,1:00am-1:59am,49,49,2,2:00am-2:59am,16,16,0,None,0,None,0,None,1,1
2018,55,550109,Wisconsin,3,3,0,0,0,6,6,75,MARINETTE (75),0,NOT APPLICABLE,16,16,3,March,2018,6,Friday,10,10:00am-10:59am,52,52,1,This section IS ON the NHS,1,Rural,3,Principal Arterial - Other,1,State Highway Agency,2,U.S. Highway,US-141,,99998,Not Reported,45.50402500,45.50402500,-87.986516670,-87.986516670,0,No Special Jurisdiction,12,Motor Vehicle In-Transport,1,Front-to-Rear,0,No,8,Driveway Access Related,1,Not an Intersection,0,None,,,1,On Roadway,1,Daylight,1,Clear,0,No Additional Atmospheric Conditions,1,Clear,0,No,0000000,Not Applicable,99,Unknown,99,Unknown,99,Unknown EMS Scene Arrival Hour,99,Unknown EMS Scene Arrival Minutes,99,Unknown,99,Unknown EMS Hospital Arrival Time,0,None,0,None,0,None,1,0
2018,55,550110,Wisconsin,2,2,0,0,0,3,3,79,MILWAUKEE (79),3100,MILWAUKEE,31,31,3,March,2018,7,Saturday,2,2:00am-2:59am,0,0,0,This section IS NOT on the NHS,2,Urban,4,Minor Arterial,4,City or Municipal Highway Agency,6,Local Street - Municipality,N HOPKINS ST,,0,None,43.10031389,43.10031389,-87.958188890,-87.958188890,0,No Special Jurisdiction,12,Motor Vehicle In-Transport,6,Angle,0,No,1,Non-Junction,1,Not an Intersection,0,None,,,1,On Roadway,3,Dark - Lighted,10,Cloudy,0,No Additional Atmospheric Conditions,10,Cloudy,0,No,0000000,Not Applicable,99,Unknown,99,Unknown,99,Unknown EMS Scene Arrival Hour,99,Unknown EMS Scene Arrival Minutes,99,Unknown,99,Unknown EMS Hospital Arrival Time,0,None,0,None,0,None,2,1