caseyear,state,st_case,statename,ve_total,ve_forms,pvh_invl,peds,pernotmvit,permvit,persons,county,countyname,city,cityname,day,dayname,month,monthname,year,day_week,day_weekname,hour,hourname,minute,minutename,nhs,nhsname,rur_urb,rur_urbname,func_sys,func_sysname,rd_owner,rd_ownername,route,routename,tway_id,tway_id2,milept,mileptname,latitude,latitudename,longitud,longitudname,sp_jur,sp_jurname,harm_ev,harm_evname,man_coll,man_collname,reljct1,reljct1name,reljct2,reljct2name,typ_int,typ_intname,wrk_zone,wrk_zonename,road_fnc,road_fncname,rel_road,rel_roadname,lgt_cond,lgt_condname,weather1,weather1name,weather2,weather2name,weather,weathername,sch_bus,sch_busname,rail,railname,not_hour,not_hourname,not_min,not_minname,arr_hour,arr_hourname,arr_min,arr_minname,hosp_hr,hosp_hrname,hosp_mn,hosp_mnname,cf1,cf1name,cf2,cf2name,cf3,cf3name,fatals,drunk_dr
2018,55,550111,Wisconsin,1,1,0,0,0,1,1,35,EAU CLAIRE (35),0,NOT APPLICABLE,23,23,3,March,2018,6,Friday,10,10:00am-10:59am,17,17,0,This section IS NOT on the NHS,1,Rural,5,Major Collector,1,State Highway Agency,2,U.S. Highway,US-53,,99998,Not Reported,44.65861389,44.65861389,-91.320833330,-91.320833330,0,No Special Jurisdiction,42,Tree (Standing Only),0,Not a Collision with Motor Vehicle In-Transport,0,No,1,Non-Junction,1,Not an Intersection,0,None,,,4,On Roadside,1,Daylight,1,Clear,0,No Additional Atmospheric Conditions,1,Clear,0,No,0000000,Not Applicable,10,10:00am-10:59am,20,20,10,10:00am-10:59am,30,30,88,Not Applicable (Not Transported),88,Not Applicable (Not Transported),0,None,0,None,0,None,1,1
2018,55,550112,Wisconsin,2,2,0,0,0,2,2,43,GRANT (43),0,NOT APPLICABLE,21,21,3,March,2018,4,Wednesday,19,7:00pm-7:59pm,55,55,0,This section IS NOT on the NHS,1,Rural,5,Major Collector,2,County Highway Agency,4,County Road,CR-N,,0,None,42.80883056,42.80883056,-90.759538890,-90.759538890,0,No Special Jurisdiction,12,Motor Vehicle In-Transport,2,Front-to-Front,0,No,1,Non-Junction,1,Not an Intersection,0,None,,,1,On Roadway,2,Dark - Not Lighted,1,Clear,0,No Additional Atmospheric Conditions,1,Clear,0,No,0000000,Not Applicable,20,8:00pm-8:59pm,1,1,20,8:00pm-8:59pm,9,9,99,Unknown,99,Unknown EMS Hospital Arrival Time,0,None,0,None,0,None,1,1
2018,55,550113,Wisconsin,2,2,0,0,0,3,3,53,JACKSON (53),0,NOT APPLICABLE,28,28,3,March,2018,4,Wednesday,3,3:00am-3:59am,14,14,1,This section IS ON the NHS,1,Rural,1,Interstate,1,State Highway Agency,1,Interstate,I-94,,99998,Not Reported,44.31685556,44.31685556,-90.870825000,-90.870825000,0,No Special Jurisdiction,12,Motor Vehicle In-Transport,1,Front-to-Rear,0,No,1,Non-Junction,1,Not an Intersection,0,None,,,1,On Roadway,2,Dark - Not Lighted,10,Cloudy,0,No Additional Atmospheric Conditions,10,Cloudy,0,No,0000000,Not Applicable,3,3:00am-3:59am,18,18,3,3:00am-3:59am,28,28,4,4:00am-4:59am,15,15,0,None,0,None,0,None,1,0
2018,55,550114,Wisconsin,1,1,0,0,0,1,1,65,LAFAYETTE (65),0,NOT APPLICABLE,13,13,3,March,2018,3,Tuesday,15,3:00pm-3:59pm,30,30,0,This section IS NOT on the NHS,1,Rural,7,Local,3,Town or Township Highway Agency,5,Local Street - Township,ENGLISH HOLLOW RD,,0,None,42.80983611,42.80983611,-90.031155560,-90.031155560,0,No Special Jurisdiction,38,Fence,0,Not a Collision with Motor Vehicle In-Transport,0,No,1,Non-Junction,1,Not an Intersection,0,None,,,4,On Roadside,1,Daylight,1,Clear,0,No Additional Atmospheric Conditions,1,Clear,0,No,0000000,Not Applicable,15,3:00pm-3:59pm,38,38,15,3:00pm-3:59pm,55,55,16,4:00pm-4:59pm,16,16,0,None,0,None,0,None,1,0
2018,55,550115,Wisconsin,2,2,0,0,0,4,4,127,WALWORTH (127),0,NOT APPLICABLE,28,28,3,March,2018,4,Wednesday,8,8:00am-8:59am,55,55,1,This section IS ON the NHS,1,Rural,3,Principal Arterial - Other,1,State Highway Agency,2,U.S. Highway,US-14,CR-M,99998,Not Reported,42.65273611,42.65273611,-88.776569440,-88.776569440,0,No Special Jurisdiction,12,Motor Vehicle In-Transport,6,Angle,0,No,2,Intersection,2,Four-Way Intersection,0,None,,,1,On Roadway,1,Daylight,1,Clear,0,No Additional Atmospheric Conditions,1,Clear,0,No,0000000,Not Applicable,99,Unknown,99,Unknown,99,Unknown EMS Scene Arrival Hour,99,Unknown EMS Scene Arrival Minutes,99,Unknown,99,Unknown EMS Hospital Arrival Time,0,None,0,None,0,None,1,0
2018,55,550116,Wisconsin,2,2,0,0,0,3,3,51,IRON (51),4272,SAXON,27,27,3,March,2018,3,Tuesday,3,3:00am-3:59am,53,53,1,This section IS ON the NHS,1,Rural,3,Principal Arterial - Other,1,State Highway Agency,2,U.S. Highway,US-2,,99998,Not Reported,46.50041667,46.50041667,-90.418841670,-90.418841670,0,No Special Jurisdiction,12,Motor Vehicle In-Transport,2,Front-to-Front,0,No,1,Non-Junction,1,Not an Intersection,0,None,,,1,On Roadway,2,Dark - Not Lighted,4,Snow,0,No Additional Atmospheric Conditions,4,Snow,0,No,0000000,Not Applicable,4,4:00am-4:59am,15,15,4,4:00am-4:59am,33,33,4,4:00am-4:59am,49,49,0,None,0,None,0,None,1,0
2018,55,550117,Wisconsin,2,2,0,0,0,2,2,123,VERNON (123),0,NOT APPLICABLE,31,31,3,March,2018,7,Saturday,7,7:00am-7:59am,57,57,1,This section IS ON the NHS,1,Rural,3,Principal Arterial - Other,1,State Highway Agency,3,State Highway,SR-35,,99998,Not Reported,43.44131111,43.44131111,-91.209863890,-91.209863890,0,No Special Jurisdiction,12,Motor Vehicle In-Transport,2,Front-to-Front,0,No,1,Non-Junction,1,Not an Intersection,0,None,,,1,On Roadway,1,Daylight,2,Rain,0,No Additional Atmospheric Conditions,2,Rain,0,No,0000000,Not Applicable,8,8:00am-8:59am,4,4,8,8:00am-8:59am,7,7,8,8:00am-8:59am,45,45,0,None,0,None,0,None,1,0
2018,55,550118,Wisconsin,2,2,0,0,0,2,2,25,DANE (25),0,NOT APPLICABLE,2,2,4,April,2018,2,Monday,22,10:00pm-10:59pm,5,5,1,This section IS ON the NHS,1,Rural,3,Principal Arterial - Other,1,State Highway Agency,2,U.S. Highway,US-51,CR-AB,99998,Not Reported,42.96879444,42.96879444,-89.283438890,-89.283438890,0,No Special Jurisdiction,12,Motor Vehicle In-Transport,2,Front-to-Front,0,No,2,Intersection,2,Four-Way Intersection,0,None,,,1,On Roadway,2,Dark - Not Lighted,10,Cloudy,0,No Additional Atmospheric Conditions,10,Cloudy,0,No,0000000,Not Applicable,22,10:00pm-10:59pm,8,8,22,10:00pm-10:59pm,13,13,99,Unknown,99,Unknown EMS Hospital Arrival Time,0,None,0,None,0,None,1,1
2018,55,550120,Wisconsin,1,1,0,0,0,1,1,131,WASHINGTON (131),0,NOT APPLICABLE,3,3,4,April,2018,3,Tuesday,12,12:00pm-12:59pm,0,0,1,This section IS ON the NHS,1,Rural,3,Principal Arterial - Other,1,State Highway Agency,3,State Highway,SR-33 WASHINGTON ST E,AERIAL DR,99998,Not Reported,43.42644722,43.42644722,-88.128777780,-88.128777780,0,No Special Jurisdiction,43,Other Fixed Object,0,Not a Collision with Motor Vehicle In-Transport,0,No,3,Intersection-Related,3,T-Intersection,0,None,,,4,On Roadside,1,Daylight,4,Snow,0,No Additional Atmospheric Conditions,4,Snow,0,No,0000000,Not Applicable,12,12:00pm-12:59pm,4,4,12,12:00pm-12:59pm,12,12,88,Not Applicable (Not Transported),88,Not Applicable (Not Transported),0,None,0,None,0,None,1,0
2018,55,550121,Wisconsin,1,1,0,0,0,1,1,105,ROCK (105),0,NOT APPLICABLE,8,8,4,April,2018,1,Sunday,19,7:00pm-7:59pm,10,10,1,This section IS ON the NHS,1,Rural,3,Principal Arterial - Other,1,State Highway Agency,3,State Highway,SR-81,,99998,Not Reported,42.51433889,42.51433889,-89.139258330,-89.139258330,0,No Special Jurisdiction,32,Culvert,0,Not a Collision with Motor Vehicle In-Transport,0,No,1,Non-Junction,1,Not an Intersection,0,None,,,4,On Roadside,5,Dusk,10,Cloudy,0,No Additional Atmospheric Conditions,10,Cloudy,0,No,0000000,Not Applicable,19,7:00pm-7:59pm,10,10,19,7:00pm-7:59pm,25,25,88,Not Applicable (Not Transported),88,Not Applicable (Not Transported),0,None,0,None,0,None,1,0
2018,55,550122,Wisconsin,2,2,0,0,0,3,3,87,OUTAGAMIE (87),2370,KAUKAUNA,4,4,4,April,2018,4,Wednesday,17,5:00pm-5:59pm,35,35,0,This section IS NOT on the NHS,2,Urban,4,Minor Arterial,1,State Highway Agency,3,State Highway,SR-96,,99998,Not Reported,44.30112500,44.30112500,-88.240897220,-88.240897220,0,No Special Jurisdiction,12,Motor Vehicle In-Transport,6,Angle,0,No,8,Driveway Access Related,1,Not an Intersection,0,None,,,1,On Roadway,1,Daylight,1,Clear,0,No Additional Atmospheric Conditions,1,Clear,0,No,0000000,Not Applicable,99,Unknown,99,Unknown,99,Unknown EMS Scene Arrival Hour,99,Unknown EMS Scene Arrival Minutes,99,Unknown,99,Unknown EMS Hospital Arrival Time,0,None,0,None,0,None,1,0
2018,55,550123,Wisconsin,1,1,0,0,0,1,1,25,DANE (25),0,NOT APPLICABLE,5,5,4,April,2018,5,Thursday,22,10:00pm-10:59pm,40,40,0,This section IS NOT on the NHS,1,Rural,5,Major Collector,1,State Highway Agency,3,State Highway,SR-69,,99998,Not Reported,42.93051667,42.93051667,-89.537530560,-89.537530560,0,No Special Jurisdiction,1,Rollover/Overturn,0,Not a Collision with Motor Vehicle In-Transport,0,No,1,Non-Junction,1,Not an Intersection,0,None,,,4,On Roadside,2,Dark - Not Lighted,1,Clear,0,No Additional Atmospheric Conditions,1,Clear,0,No,0000000,Not Applicable,23,11:00pm-11:59pm,5,5,23,11:00pm-11:59pm,12,12,23,11:00pm-11:59pm,49,49,0,None,0,None,0,None,1,1
2018,55,550124,Wisconsin,2,2,0,0,0,2,2,25,DANE (25),0,NOT APPLICABLE,8,8,4,April,2018,1,Sunday,19,7:00pm-7:59pm,27,27,0,This section IS NOT on the NHS,1,Rural,4,Minor Arterial,1,State Highway Agency,3,State Highway,SR-113,,99998,Not Reported,43.27647778,43.27647778,-89.521327780,-89.521327780,0,No Special Jurisdiction,24,Guardrail Face,0,Not a Collision with Motor Vehicle In-Transport,0,No,1,Non-Junction,1,Not an Intersection,0,None,,,4,On Roadside,5,Dusk,10,Cloudy,0,No Additional Atmospheric Conditions,10,Cloudy,0,No,0000000,Not Applicable,19,7:00pm-7:59pm,30,30,19,7:00pm-7:59pm,41,41,88,Not Applicable (Not Transported),88,Not Applicable (Not Transported),0,None,0,None,0,None,2,1
2018,55,550125,Wisconsin,1,1,0,0,0,1,1,13,BURNETT (13),0,NOT APPLICABLE,13,13,4,April,2018,6,Friday,17,5:00pm-5:59pm,43,43,0,This section IS NOT on the NHS,1,Rural,7,Local,3,Town or Township Highway Agency,5,Local Street - Township,LAKEVIEW CHURCH RD,POQUETTE LAKE RD,0,None,45.78349722,45.78349722,-92.073241670,-92.073241670,0,No Special Jurisdiction,34,Ditch,0,Not a Collision with Motor Vehicle In-Transport,0,No,3,Intersection-Related,3,T-Intersection,0,None,,,4,On Roadside,1,Daylight,10,Cloudy,0,No Additional Atmospheric Conditions,10,Cloudy,0,No,0000000,Not Applicable,17,5:00pm-5:59pm,41,41,99,Unknown EMS Scene Arrival Hour,97,Officially Cancelled,99,Unknown,97,Officially Canceled,0,None,0,None,0,None,1,1
2018,55,550126,Wisconsin,2,2,0,0,0,5,5,21,COLUMBIA (21),0,NOT APPLICABLE,14,14,4,April,2018,7,Saturday,5,5:00am-5:59am,56,56,0,This section IS NOT on the NHS,1,Rural,4,Minor Arterial,1,State Highway Agency,3,State Highway,SR-16,,99998,Not Reported,43.58343333,43.58343333,-89.644880560,-89.644880560,0,No Special Jurisdiction,12,Motor Vehicle In-Transport,6,Angle,0,No,1,Non-Junction,1,Not an Intersection,0,None,,,1,On Roadway,4,Dawn,2,Rain,3,Sleet or Hail,3,Sleet or Hail,0,No,0000000,Not Applicable,6,6:00am-6:59am,0,0,6,6:00am-6:59am,15,15,7,7:00am-7:59am,0,0,0,None,0,None,0,None,1,0
2018,55,550127,Wisconsin,2,2,0,0,0,2,2,55,JEFFERSON (55),0,NOT APPLICABLE,16,16,4,April,2018,2,Monday,21,9:00pm-9:59pm,34,34,0,This section IS NOT on the NHS,1,Rural,5,Major Collector,2,County Highway Agency,4,County Road,CR-N,,0,None,42.89717500,42.89717500,-88.777022220,-88.777022220,0,No Special Jurisdiction,12,Motor Vehicle In-Transport,6,Angle,0,No,1,Non-Junction,1,Not an Intersection,0,None,,,1,On Roadway,2,Dark - Not Lighted,10,Cloudy,0,No Additional Atmospheric Conditions,10,Cloudy,0,No,0000000,Not Applicable,99,Unknown,99,Unknown,99,Unknown EMS Scene Arrival Hour,99,Unknown EMS Scene Arrival Minutes,99,Unknown,99,Unknown EMS Hospital Arrival Time,0,None,0,None,0,None,1,1
2018,55,550128,Wisconsin,2,2,0,0,0,3,3,25,DANE (25),2780,MADISON,11,11,4,April,2018,4,Wednesday,12,12:00pm-12:59pm,56,56,1,This section IS ON the NHS,2,Urban,3,Principal Arterial - Other,1,State Highway Agency,6,Local Street - Municipality,MINERAL POINT RD,S WHITNEY WAY,0,None,43.06087222,43.06087222,-89.472336110,-89.472336110,0,No Special Jurisdiction,12,Motor Vehicle In-Transport,1,Front-to-Rear,0,No,3,Intersection-Related,2,Four-Way Intersection,0,None,,,1,On Roadway,1,Daylight,10,Cloudy,0,No Additional Atmospheric Conditions,10,Cloudy,0,No,0000000,Not Applicable,12,12:00pm-12:59pm,57,57,13,1:00pm-1:59pm,2,2,13,1:00pm-1:59pm,46,46,0,None,0,None,0,None,2,0
2018,55,550129,Wisconsin,1,1,0,0,0,2,2,101,RACINE (101),750,BURLINGTON,10,10,4,April,2018,3,Tuesday,7,7:00am-7:59am,17,17,1,This section IS ON the NHS,2,Urban,3,Principal Arterial - Other,4,City or Municipal Highway Agency,6,Local Street - Municipality,STATE ST W,,0,None,42.67429444,42.67429444,-88.291902780,-88.291902780,0,No Special Jurisdiction,5,Fell/Jumped from Vehicle,0,Not a Collision with Motor Vehicle In-Transport,0,No,1,Non-Junction,1,Not an Intersection,0,None,,,1,On Roadway,1,Daylight,10,Cloudy,0,No Additional Atmospheric Conditions,10,Cloudy,0,No,0000000,Not Applicable,88,Not Applicable (Not Notified),88,Not Applicable (Not Notified),88,Not Applicable,88,Not Applicable,88,Not Applicable (Not Transported),88,Not Applicable (Not Transported),0,None,0,None,0,None,1,0
2018,55,550130,Wisconsin,2,2,0,0,0,4,4,29,DOOR (29),0,NOT APPLICABLE,23,23,4,April,2018,2,Monday,20,8:00pm-8:59pm,14,14,1,This section IS ON the NHS,1,Rural,4,Minor Arterial,1,State Highway Agency,3,State Highway,SR-42,W TOWN LINE RD,99998,Not Reported,44.93705556,44.93705556,-87.337497220,-87.337497220,0,No Special Jurisdiction,12,Motor Vehicle In-Transport,6,Angle,0,No,2,Intersection,2,Four-Way Intersection,0,None,,,1,On Roadway,2,Dark - Not Lighted,10,Cloudy,0,No Additional Atmospheric Conditions,10,Cloudy,0,No,0000000,Not Applicable,20,8:00pm-8:59pm,15,15,20,8:00pm-8:59pm,23,23,20,8:00pm-8:59pm,48,48,0,None,0,None,0,None,1,0
2018,55,550131,Wisconsin,2,2,0,0,0,2,2,135,WAUPACA (135),0,NOT APPLICABLE,25,25,4,April,2018,4,Wednesday,15,3:00pm-3:59pm,10,10,1,This section IS ON the NHS,1,Rural,3,Principal Arterial - Other,1,State Highway Agency,2,U.S. Highway,US-10,CR-X,99998,Not Reported,44.31643333,44.31643333,-88.945791670,-88.945791670,0,No Special Jurisdiction,12,Motor Vehicle In-Transport,6,Angle,1,Yes,5,Entrance/Exit Ramp Related,1,Not an Intersection,0,None,,,1,On Roadway,1,Daylight,1,Clear,0,No Additional Atmospheric Conditions,1,Clear,0,No,0000000,Not Applicable,99,Unknown,99,Unknown,99,Unknown EMS Scene Arrival Hour,99,Unknown EMS Scene Arrival Minutes,99,Unknown,99,Unknown EMS Hospital Arrival Time,0,None,0,None,0,None,1,0
2018,55,550132,Wisconsin,2,2,0,0,0,2,2,97,PORTAGE (97),0,NOT APPLICABLE,24,24,4,April,2018,3,Tuesday,15,3:00pm-3:59pm,18,18,1,This section IS ON the NHS,1,Rural,3,Principal Arterial - Other,1,State Highway Agency,3,State Highway,SR-54,COOLIDGE AVE,99998,Not Reported,44.45068056,44.45068056,-89.589336110,-89.589336110,0,No Special Jurisdiction,12,Motor Vehicle In-Transport,6,Angle,0,No,2,Intersection,2,Four-Way Intersection,0,None,,,1,On Roadway,1,Daylight,1,Clear,0,No Additional Atmospheric Conditions,1,Clear,0,No,0000000,Not Applicable,15,3:00pm-3:59pm,19,19,15,3:00pm-3:59pm,41,41,16,4:00pm-4:59pm,2,2,0,None,0,None,0,None,1,1
2018,55,550133,Wisconsin,1,1,0,1,1,1,1,59,KENOSHA (59),2400,KENOSHA,26,26,4,April,2018,5,Thursday,15,3:00pm-3:59pm,20,20,1,This section IS ON the NHS,2,Urban,3,Principal Arterial - Other,1,State Highway Agency,3,State Highway,SR-32 ALFORD PARK DR,,99998,Not Reported,42.62627500,42.62627500,-87.823113890,-87.823113890,0,No Special Jurisdiction,8,Pedestrian,0,Not a Collision with Motor Vehicle In-Transport,0,No,1,Non-Junction,1,Not an Intersection,0,None,,,1,On Roadway,1,Daylight,1,Clear,0,No Additional Atmospheric Conditions,1,Clear,0,No,0000000,Not Applicable,15,3:00pm-3:59pm,20,20,15,3:00pm-3:59pm,28,28,88,Not Applicable (Not Transported),88,Not Applicable (Not Transported),0,None,0,None,0,None,1,0
2018,55,550134,Wisconsin,1,1,0,0,0,1,1,119,TAYLOR (119),0,NOT APPLICABLE,27,27,4,April,2018,6,Friday,22,10:00pm-10:59pm,12,12,0,This section IS NOT on the NHS,1,Rural,6,Minor Collector,2,County Highway Agency,4,County Road,CR-O,,0,None,45.12036944,45.12036944,-90.258600000,-90.258600000,0,No Special Jurisdiction,34,Ditch,0,Not a Collision with Motor Vehicle In-Transport,0,No,1,Non-Junction,1,Not an Intersection,0,None,,,4,On Roadside,2,Dark - Not Lighted,1,Clear,0,No Additional Atmospheric Conditions,1,Clear,0,No,0000000,Not Applicable,22,10:00pm-10:59pm,20,20,22,10:00pm-10:59pm,47,47,22,10:00pm-10:59pm,55,55,0,None,0,None,0,None,1,1
2018,55,550135,Wisconsin,2,1,1,0,0,1,1,101,RACINE (101),0,NOT APPLICABLE,20,20,4,April,2018,6,Friday,9,9:00am-9:59am,20,20,1,This section IS ON the NHS,1,Rural,1,Interstate,1,State Highway Agency,1,Interstate,I-41,,99998,Not Reported,42.76687500,42.76687500,-87.954133330,-87.954133330,0,No Special Jurisdiction,26,Other Traffic Barrier,0,Not a Collision with Motor Vehicle In-Transport,0,No,1,Non-Junction,1,Not an Intersection,4,"Work Zone, Type Unknown",,,5,Outside Trafficway,1,Daylight,1,Clear,0,No Additional Atmospheric Conditions,1,Clear,0,No,0000000,Not Applicable,9,9:00am-9:59am,20,20,9,9:00am-9:59am,31,31,88,Not Applicable (Not Transported),88,Not Applicable (Not Transported),0,None,0,None,0,None,1,0
2018,55,550137,Wisconsin,2,2,0,0,0,5,5,79,MILWAUKEE (79),3100,MILWAUKEE,19,19,4,April,2018,5,Thursday,18,6:00pm-6:59pm,12,12,0,This section IS NOT on the NHS,2,Urban,7,Local,4,City or Municipal Highway Agency,6,Local Street - Municipality,N 33RD ST,W WALNUT ST,0,None,43.05280556,43.05280556,-87.955261110,-87.955261110,0,No Special Jurisdiction,12,Motor Vehicle In-Transport,6,Angle,0,No,2,Intersection,2,Four-Way Intersection,0,None,,,1,On Roadway,1,Daylight,1,Clear,0,No Additional Atmospheric Conditions,1,Clear,0,No,0000000,Not Applicable,99,Unknown,99,Unknown,99,Unknown EMS Scene Arrival Hour,99,Unknown EMS Scene Arrival Minutes,99,Unknown,99,Unknown EMS Hospital Arrival Time,0,None,0,None,0,None,1,0
2018,55,550138,Wisconsin,3,3,0,0,0,6,6,59,KENOSHA (59),0,NOT APPLICABLE,28,28,4,April,2018,7,Saturday,18,6:00pm-6:59pm,32,32,0,This section IS NOT on the NHS,1,Rural,3,Principal Arterial - Other,2,County Highway Agency,4,County Road,CR-W,,0,None,42.50136389,42.50136389,-88.196161110,-88.196161110,0,No Special Jurisdiction,1,Rollover/Overturn,0,Not a Collision with Motor Vehicle In-Transport,0,No,1,Non-Junction,1,Not an Intersection,0,None,,,1,On Roadway,1,Daylight,1,Clear,0,No Additional Atmospheric Conditions,1,Clear,0,No,0000000,Not Applicable,18,6:00pm-6:59pm,32,32,18,6:00pm-6:59pm,32,32,99,Unknown,99,Unknown EMS Hospital Arrival Time,0,None,0,None,0,None,1,1
2018,55,550139,Wisconsin,2,2,0,0,0,2,2,75,MARINETTE (75),3720,PESHTIGO,12,12,4,April,2018,5,Thursday,14,2:00pm-2:59pm,34,34,0,This section IS NOT on the NHS,2,Urban,5,Major Collector,4,City or Municipal Highway Agency,6,Local Street - Municipality,MAPLE ST,,0,None,45.05280556,45.05280556,-87.734163890,-87.734163890,0,No Special Jurisdiction,12,Motor Vehicle In-Transport,2,Front-to-Front,0,No,8,Driveway Access Related,1,Not an Intersection,0,None,,,1,On Roadway,1,Daylight,10,Cloudy,0,No Additional Atmospheric Conditions,10,Cloudy,0,No,0000000,Not Applicable,14,2:00pm-2:59pm,37,37,14,2:00pm-2:59pm,41,41,88,Not Applicable (Not Transported),88,Not Applicable (Not Transported),0,None,0,None,0,None,1,0
2018,55,550141,Wisconsin,1,1,0,0,0,1,1,101,RACINE (101),0,NOT APPLICABLE,29,29,4,April,2018,1,Sunday,21,9:00pm-9:59pm,25,25,1,This section IS ON the NHS,1,Rural,3,Principal Arterial - Other,1,State Highway Agency,3,State Highway,SR-11 DURAND AVE,,99998,Not Reported,42.68173056,42.68173056,-88.019441670,-88.019441670,0,No Special Jurisdiction,34,Ditch,0,Not a Collision with Motor Vehicle In-Transport,0,No,1,Non-Junction,1,Not an Intersection,0,None,,,4,On Roadside,2,Dark - Not Lighted,1,Clear,0,No Additional Atmospheric Conditions,1,Clear,0,No,0000000,Not Applicable,21,9:00pm-9:59pm,25,25,21,9:00pm-9:59pm,36,36,21,9:00pm-9:59pm,58,58,0,None,0,None,0,None,1,1
2018,55,550142,Wisconsin,2,2,0,1,1,2,2,139,WINNEBAGO (139),3620,OSHKOSH,3,3,5,May,2018,5,Thursday,14,2:00pm-2:59pm,10,10,1,This section IS ON the NHS,2,Urban,3,Principal Arterial - Other,1,State Highway Agency,3,State Highway,SR-44,,99998,Not Reported,44.00050278,44.00050278,-88.569622220,-88.569622220,0,No Special Jurisdiction,9,Pedalcyclist,0,Not a Collision with Motor Vehicle In-Transport,0,No,8,Driveway Access Related,1,Not an Intersection,0,None,,,1,On Roadway,1,Daylight,10,Cloudy,0,No Additional Atmospheric Conditions,10,Cloudy,0,No,0000000,Not Applicable,14,2:00pm-2:59pm,10,10,14,2:00pm-2:59pm,14,14,14,2:00pm-2:59pm,22,22,0,None,0,None,0,None,1,0
2018,55,550143,Wisconsin,1,1,0,0,0,1,1,81,MONROE (81),4530,SPARTA,6,6,5,May,2018,1,Sunday,99,Unknown Hours,99,Unknown Minutes,0,This section IS NOT on the NHS,2,Urban,6,Minor Collector,4,City or Municipal Highway Agency,6,Local Street - Municipality,WALRATH ST,,0,None,43.93838611,43.93838611,-90.791475000,-90.791475000,0,No Special Jurisdiction,52,Guardrail End,0,Not a Collision with Motor Vehicle In-Transport,0,No,1,Non-Junction,1,Not an Intersection,0,None,,,4,On Roadside,9,Reported as Unknown,2,Rain,0,No Additional Atmospheric Conditions,2,Rain,0,No,0000000,Not Applicable,11,11:00am-11:59am,41,41,11,11:00am-11:59am,45,45,88,Not Applicable (Not Transported),88,Not Applicable (Not Transported),0,None,0,None,0,None,1,1
2018,55,550144,Wisconsin,2,2,0,0,0,2,2,9,BROWN (9),0,NOT APPLICABLE,19,19,1,January,2018,6,Friday,14,2:00pm-2:59pm,43,43,0,This section IS NOT on the NHS,1,Rural,5,Major Collector,2,County Highway Agency,4,County Road,CR-D,CR-KK,0,None,44.24160556,44.24160556,-88.172488890,-88.172488890,0,No Special Jurisdiction,12,Motor Vehicle In-Transport,6,Angle,0,No,2,Intersection,2,Four-Way Intersection,0,None,,,1,On Roadway,1,Daylight,1,Clear,0,No Additional Atmospheric Conditions,1,Clear,0,No,0000000,Not Applicable,14,2:00pm-2:59pm,44,44,15,3:00pm-3:59pm,3,3,88,Not Applicable (Not Transported),88,Not Applicable (Not Transported),0,None,0,None,0,None,1,0
2018,55,550145,Wisconsin,2,2,0,0,0,6,6,19,CLARK (19),0,NOT APPLICABLE,24,24,2,February,2018,7,Saturday,8,8:00am-8:59am,49,49,1,This section IS ON the NHS,1,Rural,3,Principal Arterial - Other,1,State Highway Agency,3,State Highway,SR-29,FRENCH TOWN AVE,99998,Not Reported,44.94098056,44.94098056,-90.628419440,-90.628419440,0,No Special Jurisdiction,12,Motor Vehicle In-Transport,6,Angle,0,No,7,Crossover-Related,1,Not an Intersection,0,None,,,1,On Roadway,1,Daylight,1,Clear,0,No Additional Atmospheric Conditions,1,Clear,0,No,0000000,Not Applicable,8,8:00am-8:59am,49,49,9,9:00am-9:59am,3,3,10,10:00am-10:59am,0,0,0,None,0,None,0,None,1,0
2018,55,550146,Wisconsin,1,1,0,1,1,1,1,79,MILWAUKEE (79),3100,MILWAUKEE,15,15,2,February,2018,5,Thursday,5,5:00am-5:59am,45,45,1,This section IS ON the NHS,2,Urban,3,Principal Arterial - Other,1,State Highway Agency,3,State Highway,SR-190,68TH ST S,99998,Not Reported,43.09002500,43.09002500,-87.997188890,-87.997188890,0,No Special Jurisdiction,8,Pedestrian,0,Not a Collision with Motor Vehicle In-Transport,0,No,3,Intersection-Related,2,Four-Way Intersection,0,None,,,1,On Roadway,3,Dark - Lighted,1,Clear,0,No Additional Atmospheric Conditions,1,Clear,0,No,0000000,Not Applicable,5,5:00am-5:59am,51,51,5,5:00am-5:59am,55,55,6,6:00am-6:59am,12,12,0,None,0,None,0,None,1,0
2018,55,550147,Wisconsin,1,1,0,0,0,1,1,25,DANE (25),2820,MAPLE BLUFF,6,6,2,February,2018,3,Tuesday,23,11:00pm-11:59pm,26,26,0,This section IS NOT on the NHS,2,Urban,4,Minor Arterial,4,City or Municipal Highway Agency,6,Local Street - Municipality,SHERMAN AVE N,,0,None,43.10550556,43.10550556,-89.364083330,-89.364083330,0,No Special Jurisdiction,42,Tree (Standing Only),0,Not a Collision with Motor Vehicle In-Transport,0,No,1,Non-Junction,1,Not an Intersection,0,None,,,4,On Roadside,3,Dark - Lighted,4,Snow,0,No Additional Atmospheric Conditions,4,Snow,0,No,0000000,Not Applicable,99,Unknown,99,Unknown,99,Unknown EMS Scene Arrival Hour,99,Unknown EMS Scene Arrival Minutes,99,Unknown,99,Unknown EMS Hospital Arrival Time,0,None,0,None,0,None,1,1