caseyear,state,st_case,statename,ve_total,ve_forms,pvh_invl,peds,pernotmvit,permvit,persons,county,countyname,city,cityname,day,dayname,month,monthname,year,day_week,day_weekname,hour,hourname,minute,minutename,nhs,nhsname,rur_urb,rur_urbname,func_sys,func_sysname,rd_owner,rd_ownername,route,routename,tway_id,tway_id2,milept,mileptname,latitude,latitudename,longitud,longitudname,sp_jur,sp_jurname,harm_ev,harm_evname,man_coll,man_collname,reljct1,reljct1name,reljct2,reljct2name,typ_int,typ_intname,wrk_zone,wrk_zonename,road_fnc,road_fncname,rel_road,rel_roadname,lgt_cond,lgt_condname,weather1,weather1name,weather2,weather2name,weather,weathername,sch_bus,sch_busname,rail,railname,not_hour,not_hourname,not_min,not_minname,arr_hour,arr_hourname,arr_min,arr_minname,hosp_hr,hosp_hrname,hosp_mn,hosp_mnname,cf1,cf1name,cf2,cf2name,cf3,cf3name,fatals,drunk_dr
2018,55,550330,Wisconsin,1,1,0,0,0,2,2,79,MILWAUKEE (79),3100,MILWAUKEE,22,22,7,July,2018,1,Sunday,18,6:00pm-6:59pm,19,19,0,This section IS NOT on the NHS,2,Urban,7,Local,4,City or Municipal Highway Agency,6,Local Street - Municipality,53RD ST S,,0,None,42.97309444,42.97309444,-87.980972220,-87.980972220,0,No Special Jurisdiction,42,Tree (Standing Only),0,Not a Collision with Motor Vehicle In-Transport,0,No,1,Non-Junction,1,Not an Intersection,0,None,,,4,On Roadside,1,Daylight,1,Clear,0,No Additional Atmospheric Conditions,1,Clear,0,No,0000000,Not Applicable,99,Unknown,99,Unknown,99,Unknown EMS Scene Arrival Hour,99,Unknown EMS Scene Arrival Minutes,88,Not Applicable (Not Transported),88,Not Applicable (Not Transported),0,None,0,None,0,None,1,1
2018,55,550331,Wisconsin,1,1,0,0,0,3,3,133,WAUKESHA (133),2990,MENOMONEE FALLS,19,19,9,September,2018,4,Wednesday,18,6:00pm-6:59pm,15,15,1,This section IS ON the NHS,2,Urban,1,Interstate,1,State Highway Agency,1,Interstate,I-41,,99998,Not Reported,43.17881667,43.17881667,-88.093355560,-88.093355560,0,No Special Jurisdiction,25,Concrete Traffic Barrier,0,Not a Collision with Motor Vehicle In-Transport,0,No,1,Non-Junction,1,Not an Intersection,0,None,,,4,On Roadside,1,Daylight,10,Cloudy,0,No Additional Atmospheric Conditions,10,Cloudy,0,No,0000000,Not Applicable,18,6:00pm-6:59pm,16,16,18,6:00pm-6:59pm,23,23,18,6:00pm-6:59pm,58,58,0,None,0,None,0,None,1,1
2018,55,550332,Wisconsin,1,1,0,0,0,2,2,139,WINNEBAGO (139),0,NOT APPLICABLE,24,24,6,June,2018,1,Sunday,17,5:00pm-5:59pm,34,34,0,This section IS NOT on the NHS,1,Rural,6,Minor Collector,3,Town or Township Highway Agency,5,Local Street - Township,S PARK AVE,,0,None,44.14816389,44.14816389,-88.459550000,-88.459550000,0,No Special Jurisdiction,5,Fell/Jumped from Vehicle,0,Not a Collision with Motor Vehicle In-Transport,0,No,1,Non-Junction,1,Not an Intersection,0,None,,,1,On Roadway,1,Daylight,1,Clear,0,No Additional Atmospheric Conditions,1,Clear,0,No,0000000,Not Applicable,99,Unknown,99,Unknown,99,Unknown EMS Scene Arrival Hour,99,Unknown EMS Scene Arrival Minutes,99,Unknown,99,Unknown EMS Hospital Arrival Time,0,None,0,None,0,None,1,0
2018,55,550333,Wisconsin,1,1,0,0,0,2,2,127,WALWORTH (127),0,NOT APPLICABLE,31,31,7,July,2018,3,Tuesday,23,11:00pm-11:59pm,30,30,1,This section IS ON the NHS,1,Rural,3,Principal Arterial - Other,1,State Highway Agency,3,State Highway,SR-50,,99998,Not Reported,42.60317222,42.60317222,-88.547438890,-88.547438890,0,No Special Jurisdiction,5,Fell/Jumped from Vehicle,0,Not a Collision with Motor Vehicle In-Transport,0,No,1,Non-Junction,1,Not an Intersection,0,None,,,1,On Roadway,2,Dark - Not Lighted,1,Clear,0,No Additional Atmospheric Conditions,1,Clear,0,No,0000000,Not Applicable,99,Unknown,99,Unknown,99,Unknown EMS Scene Arrival Hour,99,Unknown EMS Scene Arrival Minutes,99,Unknown,99,Unknown EMS Hospital Arrival Time,0,None,0,None,0,None,1,0
2018,55,550334,Wisconsin,2,2,0,0,0,3,3,5,BARRON (5),0,NOT APPLICABLE,23,23,9,September,2018,1,Sunday,0,0:00am-0:59am,51,51,1,This section IS ON the NHS,1,Rural,3,Principal Arterial - Other,1,State Highway Agency,2,U.S. Highway,US-53,,99998,Not Reported,45.62872500,45.62872500,-91.778130560,-91.778130560,0,No Special Jurisdiction,12,Motor Vehicle In-Transport,2,Front-to-Front,0,No,1,Non-Junction,1,Not an Intersection,0,None,,,1,On Roadway,2,Dark - Not Lighted,1,Clear,0,No Additional Atmospheric Conditions,1,Clear,0,No,0000000,Not Applicable,0,0:00am-0:59am,52,52,1,1:00am-1:59am,0,0,88,Not Applicable (Not Transported),88,Not Applicable (Not Transported),0,None,0,None,0,None,2,0
2018,55,550335,Wisconsin,2,2,0,0,0,4,4,133,WAUKESHA (133),3240,MUKWONAGO,23,23,9,September,2018,1,Sunday,10,10:00am-10:59am,0,0,0,This section IS NOT on the NHS,2,Urban,3,Principal Arterial - Other,1,State Highway Agency,3,State Highway,SR-83,WOLF RUN E,99998,Not Reported,42.84854722,42.84854722,-88.318358330,-88.318358330,0,No Special Jurisdiction,12,Motor Vehicle In-Transport,2,Front-to-Front,0,No,2,Intersection,2,Four-Way Intersection,0,None,,,1,On Roadway,1,Daylight,1,Clear,0,No Additional Atmospheric Conditions,1,Clear,0,No,0000000,Not Applicable,10,10:00am-10:59am,0,0,10,10:00am-10:59am,24,24,10,10:00am-10:59am,41,41,0,None,0,None,0,None,1,0
2018,55,550336,Wisconsin,2,2,0,0,0,4,4,9,BROWN (9),2000,GREEN BAY,9,9,9,September,2018,1,Sunday,20,8:00pm-8:59pm,30,30,1,This section IS ON the NHS,2,Urban,3,Principal Arterial - Other,1,State Highway Agency,2,U.S. Highway,US-141,ABRAMS ST,99998,Not Reported,44.49881667,44.49881667,-87.980744440,-87.980744440,0,No Special Jurisdiction,12,Motor Vehicle In-Transport,6,Angle,0,No,2,Intersection,2,Four-Way Intersection,0,None,,,1,On Roadway,5,Dusk,1,Clear,0,No Additional Atmospheric Conditions,1,Clear,0,No,0000000,Not Applicable,20,8:00pm-8:59pm,30,30,20,8:00pm-8:59pm,34,34,20,8:00pm-8:59pm,35,35,0,None,0,None,0,None,1,0
2018,55,550337,Wisconsin,1,1,0,1,1,1,1,79,MILWAUKEE (79),3100,MILWAUKEE,10,10,9,September,2018,2,Monday,20,8:00pm-8:59pm,28,28,0,This section IS NOT on the NHS,2,Urban,3,Principal Arterial - Other,1,State Highway Agency,3,State Highway,SR-57,W ATKINSON AVE,99998,Not Reported,43.08963056,43.08963056,-87.935880560,-87.935880560,0,No Special Jurisdiction,8,Pedestrian,0,Not a Collision with Motor Vehicle In-Transport,0,No,3,Intersection-Related,2,Four-Way Intersection,0,None,,,1,On Roadway,3,Dark - Lighted,1,Clear,0,No Additional Atmospheric Conditions,1,Clear,0,No,0000000,Not Applicable,99,Unknown,99,Unknown,99,Unknown EMS Scene Arrival Hour,99,Unknown EMS Scene Arrival Minutes,88,Not Applicable (Not Transported),88,Not Applicable (Not Transported),0,None,0,None,0,None,1,0
2018,55,550338,Wisconsin,2,2,0,0,0,5,5,21,COLUMBIA (21),0,NOT APPLICABLE,22,22,9,September,2018,7,Saturday,18,6:00pm-6:59pm,1,1,0,This section IS NOT on the NHS,1,Rural,7,Local,1,State Highway Agency,3,State Highway,SR-127,CR-O,99998,Not Reported,43.61170278,43.61170278,-89.718852780,-89.718852780,0,No Special Jurisdiction,12,Motor Vehicle In-Transport,6,Angle,0,No,2,Intersection,2,Four-Way Intersection,0,None,,,1,On Roadway,1,Daylight,1,Clear,0,No Additional Atmospheric Conditions,1,Clear,0,No,0000000,Not Applicable,18,6:00pm-6:59pm,3,3,18,6:00pm-6:59pm,11,11,19,7:00pm-7:59pm,8,8,0,None,0,None,0,None,3,1
2018,55,550339,Wisconsin,2,2,0,0,0,3,3,139,WINNEBAGO (139),0,NOT APPLICABLE,25,25,9,September,2018,3,Tuesday,8,8:00am-8:59am,0,0,0,This section IS NOT on the NHS,1,Rural,4,Minor Arterial,1,State Highway Agency,3,State Highway,SR-76,CR-GG,0,None,44.11203611,44.11203611,-88.543600000,-88.543600000,0,No Special Jurisdiction,12,Motor Vehicle In-Transport,6,Angle,0,No,2,Intersection,2,Four-Way Intersection,0,None,,,1,On Roadway,1,Daylight,1,Clear,0,No Additional Atmospheric Conditions,1,Clear,0,No,0000000,Not Applicable,8,8:00am-8:59am,1,1,8,8:00am-8:59am,23,23,99,Unknown,99,Unknown EMS Hospital Arrival Time,0,None,0,None,0,None,2,0
2018,55,550340,Wisconsin,1,1,0,1,1,1,1,79,MILWAUKEE (79),3100,MILWAUKEE,11,11,4,April,2018,4,Wednesday,15,3:00pm-3:59pm,43,43,0,This section IS NOT on the NHS,2,Urban,4,Minor Arterial,4,City or Municipal Highway Agency,6,Local Street - Municipality,E KILBOURN AVE,N WATER ST,0,None,43.04219167,43.04219167,-87.910605560,-87.910605560,0,No Special Jurisdiction,8,Pedestrian,0,Not a Collision with Motor Vehicle In-Transport,0,No,3,Intersection-Related,2,Four-Way Intersection,0,None,,,1,On Roadway,1,Daylight,1,Clear,0,No Additional Atmospheric Conditions,1,Clear,0,No,0000000,Not Applicable,99,Unknown,99,Unknown,99,Unknown EMS Scene Arrival Hour,99,Unknown EMS Scene Arrival Minutes,88,Not Applicable (Not Transported),88,Not Applicable (Not Transported),0,None,0,None,0,None,1,0
2018,55,550341,Wisconsin,1,1,0,0,0,1,1,139,WINNEBAGO (139),2980,MENASHA,24,24,8,August,2018,6,Friday,17,5:00pm-5:59pm,50,50,1,This section IS ON the NHS,2,Urban,2,Principal Arterial - Other Freeways and Expressways,1,State Highway Agency,2,U.S. Highway,US-10 RAMP,,99998,Not Reported,44.21836667,44.21836667,-88.452755560,-88.452755560,0,No Special Jurisdiction,18,Other Object (not fixed),0,Not a Collision with Motor Vehicle In-Transport,1,Yes,18,Through Roadway,1,Not an Intersection,4,"Work Zone, Type Unknown",,,1,On Roadway,1,Daylight,10,Cloudy,0,No Additional Atmospheric Conditions,10,Cloudy,0,No,0000000,Not Applicable,99,Unknown,99,Unknown,99,Unknown EMS Scene Arrival Hour,99,Unknown EMS Scene Arrival Minutes,99,Unknown,99,Unknown EMS Hospital Arrival Time,28,Backup Due to Regular Congestion,0,None,0,None,1,0
2018,55,550342,Wisconsin,1,1,0,0,0,1,1,109,ST. CROIX (109),3400,NEW RICHMOND,7,7,10,October,2018,1,Sunday,16,4:00pm-4:59pm,13,13,0,This section IS NOT on the NHS,2,Urban,3,Principal Arterial - Other,1,State Highway Agency,3,State Highway,SR-65,,99998,Not Reported,45.10536944,45.10536944,-92.537486110,-92.537486110,0,No Special Jurisdiction,33,Curb,0,Not a Collision with Motor Vehicle In-Transport,0,No,1,Non-Junction,1,Not an Intersection,0,None,,,3,On Median,1,Daylight,1,Clear,0,No Additional Atmospheric Conditions,1,Clear,0,No,0000000,Not Applicable,16,4:00pm-4:59pm,13,13,16,4:00pm-4:59pm,22,22,99,Unknown,99,Unknown EMS Hospital Arrival Time,13,Aggressive Driving / Road Rage by Non-contact Vehicle Driver,0,None,0,None,1,1
2018,55,550343,Wisconsin,3,2,1,0,2,3,5,83,OCONTO (83),0,NOT APPLICABLE,5,5,5,May,2018,7,Saturday,21,9:00pm-9:59pm,10,10,1,This section IS ON the NHS,1,Rural,1,Interstate,1,State Highway Agency,1,Interstate,I-41,,99998,Not Reported,44.77109167,44.77109167,-88.050727780,-88.050727780,0,No Special Jurisdiction,14,Parked Motor Vehicle,0,Not a Collision with Motor Vehicle In-Transport,1,Yes,19,Other location within Interchange Area,1,Not an Intersection,0,None,,,2,On Shoulder,2,Dark - Not Lighted,1,Clear,0,No Additional Atmospheric Conditions,1,Clear,0,No,0000000,Not Applicable,99,Unknown,99,Unknown,99,Unknown EMS Scene Arrival Hour,99,Unknown EMS Scene Arrival Minutes,99,Unknown,99,Unknown EMS Hospital Arrival Time,23,Indication of a Stalled/Disabled Vehicle,0,None,0,None,1,1
2018,55,550344,Wisconsin,1,1,0,0,0,1,1,73,MARATHON (73),0,NOT APPLICABLE,5,5,8,August,2018,1,Sunday,15,3:00pm-3:59pm,47,47,0,This section IS NOT on the NHS,1,Rural,7,Local,2,County Highway Agency,4,County Road,CR-S,,0,None,45.09746667,45.09746667,-89.946758330,-89.946758330,0,No Special Jurisdiction,32,Culvert,0,Not a Collision with Motor Vehicle In-Transport,0,No,1,Non-Junction,1,Not an Intersection,0,None,,,4,On Roadside,1,Daylight,1,Clear,0,No Additional Atmospheric Conditions,1,Clear,0,No,0000000,Not Applicable,15,3:00pm-3:59pm,47,47,16,4:00pm-4:59pm,3,3,88,Not Applicable (Not Transported),88,Not Applicable (Not Transported),0,None,0,None,0,None,1,0
2018,55,550345,Wisconsin,2,2,0,0,0,3,3,31,DOUGLAS (31),0,NOT APPLICABLE,5,5,8,August,2018,1,Sunday,12,12:00pm-12:59pm,40,40,1,This section IS ON the NHS,1,Rural,3,Principal Arterial - Other,1,State Highway Agency,2,U.S. Highway,US-53,B53,99998,Not Reported,46.31976667,46.31976667,-91.812525000,-91.812525000,0,No Special Jurisdiction,12,Motor Vehicle In-Transport,6,Angle,0,No,2,Intersection,2,Four-Way Intersection,0,None,,,1,On Roadway,1,Daylight,1,Clear,0,No Additional Atmospheric Conditions,1,Clear,0,No,0000000,Not Applicable,12,12:00pm-12:59pm,41,41,99,Unknown EMS Scene Arrival Hour,99,Unknown EMS Scene Arrival Minutes,99,Unknown,99,Unknown EMS Hospital Arrival Time,0,None,0,None,0,None,1,0
2018,55,550346,Wisconsin,3,3,0,0,0,7,7,25,DANE (25),0,NOT APPLICABLE,5,5,8,August,2018,1,Sunday,12,12:00pm-12:59pm,44,44,1,This section IS ON the NHS,1,Rural,3,Principal Arterial - Other,1,State Highway Agency,2,U.S. Highway,US-12,CR-AB,99998,Not Reported,43.04073056,43.04073056,-89.246894440,-89.246894440,0,No Special Jurisdiction,12,Motor Vehicle In-Transport,6,Angle,0,No,2,Intersection,2,Four-Way Intersection,0,None,,,1,On Roadway,1,Daylight,10,Cloudy,0,No Additional Atmospheric Conditions,10,Cloudy,0,No,0000000,Not Applicable,12,12:00pm-12:59pm,46,46,12,12:00pm-12:59pm,58,58,13,1:00pm-1:59pm,48,48,0,None,0,None,0,None,1,0
2018,55,550347,Wisconsin,6,6,0,0,0,10,10,57,JUNEAU (57),0,NOT APPLICABLE,1,1,8,August,2018,4,Wednesday,13,1:00pm-1:59pm,23,23,1,This section IS ON the NHS,1,Rural,1,Interstate,1,State Highway Agency,1,Interstate,I-90,,99998,Not Reported,43.85300000,43.85300000,-90.106361110,-90.106361110,0,No Special Jurisdiction,12,Motor Vehicle In-Transport,1,Front-to-Rear,0,No,1,Non-Junction,1,Not an Intersection,0,None,,,1,On Roadway,1,Daylight,10,Cloudy,0,No Additional Atmospheric Conditions,10,Cloudy,0,No,0000000,Not Applicable,99,Unknown,99,Unknown,99,Unknown EMS Scene Arrival Hour,99,Unknown EMS Scene Arrival Minutes,88,Not Applicable (Not Transported),88,Not Applicable (Not Transported),26,Backup Due to Prior Non-Recurring Incident,0,None,0,None,2,0
2018,55,550348,Wisconsin,1,1,0,0,0,1,1,55,JEFFERSON (55),2307,IXONIA,3,3,8,August,2018,6,Friday,7,7:00am-7:59am,19,19,0,This section IS NOT on the NHS,1,Rural,5,Major Collector,2,County Highway Agency,4,County Road,CR-CW,CR-SC,0,None,43.19700278,43.19700278,-88.632422220,-88.632422220,0,No Special Jurisdiction,18,Other Object (not fixed),0,Not a Collision with Motor Vehicle In-Transport,0,No,3,Intersection-Related,2,Four-Way Intersection,4,"Work Zone, Type Unknown",,,1,On Roadway,1,Daylight,5,"Fog, Smog, Smoke",0,No Additional Atmospheric Conditions,5,"Fog, Smog, Smoke",0,No,0000000,Not Applicable,7,7:00am-7:59am,22,22,99,Unknown EMS Scene Arrival Hour,99,Unknown EMS Scene Arrival Minutes,88,Not Applicable (Not Transported),88,Not Applicable (Not Transported),0,None,0,None,0,None,1,1
2018,55,550349,Wisconsin,2,2,0,0,0,2,2,105,ROCK (105),0,NOT APPLICABLE,5,5,8,August,2018,1,Sunday,4,4:00am-4:59am,33,33,1,This section IS ON the NHS,1,Rural,1,Interstate,1,State Highway Agency,1,Interstate,I-39,,99998,Not Reported,42.64680833,42.64680833,-88.983269440,-88.983269440,0,No Special Jurisdiction,12,Motor Vehicle In-Transport,2,Front-to-Front,0,No,1,Non-Junction,1,Not an Intersection,1,Construction,,,1,On Roadway,2,Dark - Not Lighted,10,Cloudy,0,No Additional Atmospheric Conditions,10,Cloudy,0,No,0000000,Not Applicable,4,4:00am-4:59am,33,33,4,4:00am-4:59am,43,43,5,5:00am-5:59am,9,9,3,Other Maintenance or Construction-Created Condition,19,Recent/Previous Crash scene Nearby,23,Indication of a Stalled/Disabled Vehicle,1,0
2018,55,550350,Wisconsin,1,1,0,0,0,1,1,49,IOWA (49),0,NOT APPLICABLE,12,12,10,October,2018,6,Friday,15,3:00pm-3:59pm,50,50,0,This section IS NOT on the NHS,1,Rural,4,Minor Arterial,1,State Highway Agency,3,State Highway,SR-23,,99998,Not Reported,43.06210833,43.06210833,-90.140447220,-90.140447220,0,No Special Jurisdiction,35,Embankment,0,Not a Collision with Motor Vehicle In-Transport,0,No,1,Non-Junction,1,Not an Intersection,0,None,,,4,On Roadside,1,Daylight,1,Clear,0,No Additional Atmospheric Conditions,1,Clear,0,No,0000000,Not Applicable,15,3:00pm-3:59pm,54,54,16,4:00pm-4:59pm,7,7,88,Not Applicable (Not Transported),88,Not Applicable (Not Transported),0,None,0,None,0,None,1,0
2018,55,550351,Wisconsin,1,1,0,0,0,1,1,131,WASHINGTON (131),0,NOT APPLICABLE,5,5,8,August,2018,1,Sunday,23,11:00pm-11:59pm,47,47,1,This section IS ON the NHS,2,Urban,1,Interstate,1,State Highway Agency,1,Interstate,I-41,,99998,Not Reported,43.34713056,43.34713056,-88.281577780,-88.281577780,0,No Special Jurisdiction,24,Guardrail Face,0,Not a Collision with Motor Vehicle In-Transport,1,Yes,19,Other location within Interchange Area,1,Not an Intersection,0,None,,,4,On Roadside,2,Dark - Not Lighted,10,Cloudy,0,No Additional Atmospheric Conditions,10,Cloudy,0,No,0000000,Not Applicable,23,11:00pm-11:59pm,55,55,23,11:00pm-11:59pm,59,59,88,Not Applicable (Not Transported),88,Not Applicable (Not Transported),0,None,0,None,0,None,1,0
2018,55,550352,Wisconsin,1,1,0,0,0,2,2,133,WAUKESHA (133),708,BROOKFIELD,7,7,8,August,2018,3,Tuesday,10,10:00am-10:59am,0,0,1,This section IS ON the NHS,2,Urban,1,Interstate,1,State Highway Agency,1,Interstate,I-94,,99998,Not Reported,43.02624444,43.02624444,-88.119269440,-88.119269440,0,No Special Jurisdiction,25,Concrete Traffic Barrier,0,Not a Collision with Motor Vehicle In-Transport,0,No,1,Non-Junction,1,Not an Intersection,0,None,,,4,On Roadside,1,Daylight,10,Cloudy,0,No Additional Atmospheric Conditions,10,Cloudy,0,No,0000000,Not Applicable,10,10:00am-10:59am,3,3,10,10:00am-10:59am,12,12,10,10:00am-10:59am,49,49,0,None,0,None,0,None,1,0
2018,55,550353,Wisconsin,3,3,0,0,0,4,4,63,LA CROSSE (63),2490,LA CROSSE,6,6,8,August,2018,2,Monday,20,8:00pm-8:59pm,11,11,1,This section IS ON the NHS,2,Urban,1,Interstate,1,State Highway Agency,1,Interstate,I-90 RAMP,SR-35,99998,Not Reported,43.86317778,43.86317778,-91.238202780,-91.238202780,0,No Special Jurisdiction,33,Curb,0,Not a Collision with Motor Vehicle In-Transport,1,Yes,19,Other location within Interchange Area,1,Not an Intersection,0,None,,,3,On Median,1,Daylight,1,Clear,0,No Additional Atmospheric Conditions,1,Clear,0,No,0000000,Not Applicable,20,8:00pm-8:59pm,11,11,20,8:00pm-8:59pm,21,21,88,Not Applicable (Not Transported),88,Not Applicable (Not Transported),0,None,0,None,0,None,1,0
2018,55,550354,Wisconsin,3,3,0,0,0,3,3,81,MONROE (81),0,NOT APPLICABLE,4,4,8,August,2018,7,Saturday,12,12:00pm-12:59pm,19,19,1,This section IS ON the NHS,1,Rural,1,Interstate,1,State Highway Agency,1,Interstate,I-90 RAMP,,99998,Not Reported,43.98675000,43.98675000,-90.443961110,-90.443961110,0,No Special Jurisdiction,1,Rollover/Overturn,0,Not a Collision with Motor Vehicle In-Transport,1,Yes,20,Entrance/Exit Ramp,1,Not an Intersection,0,None,,,1,On Roadway,1,Daylight,10,Cloudy,0,No Additional Atmospheric Conditions,10,Cloudy,0,No,0000000,Not Applicable,99,Unknown,99,Unknown,99,Unknown EMS Scene Arrival Hour,99,Unknown EMS Scene Arrival Minutes,99,Unknown,99,Unknown EMS Hospital Arrival Time,0,None,0,None,0,None,1,0
2018,55,550355,Wisconsin,1,1,0,0,0,1,1,135,WAUPACA (135),1820,FREMONT,11,11,8,August,2018,7,Saturday,13,1:00pm-1:59pm,52,52,0,This section IS NOT on the NHS,2,Urban,7,Local,4,City or Municipal Highway Agency,6,Local Street - Municipality,WAUPACA ST,,0,None,44.25940556,44.25940556,-88.865608330,-88.865608330,0,No Special Jurisdiction,42,Tree (Standing Only),0,Not a Collision with Motor Vehicle In-Transport,0,No,8,Driveway Access Related,1,Not an Intersection,0,None,,,4,On Roadside,1,Daylight,1,Clear,0,No Additional Atmospheric Conditions,1,Clear,0,No,0000000,Not Applicable,13,1:00pm-1:59pm,55,55,14,2:00pm-2:59pm,0,0,14,2:00pm-2:59pm,47,47,0,None,0,None,0,None,1,0
2018,55,550356,Wisconsin,2,2,0,0,0,5,5,5,BARRON (5),0,NOT APPLICABLE,9,9,8,August,2018,5,Thursday,19,7:00pm-7:59pm,21,21,1,This section IS ON the NHS,1,Rural,3,Principal Arterial - Other,1,State Highway Agency,2,U.S. Highway,US-53,26TH AVE,99998,Not Reported,45.58152222,45.58152222,-91.757938890,-91.757938890,0,No Special Jurisdiction,12,Motor Vehicle In-Transport,6,Angle,0,No,2,Intersection,2,Four-Way Intersection,0,None,,,1,On Roadway,1,Daylight,1,Clear,0,No Additional Atmospheric Conditions,1,Clear,0,No,0000000,Not Applicable,99,Unknown,99,Unknown,99,Unknown EMS Scene Arrival Hour,99,Unknown EMS Scene Arrival Minutes,99,Unknown,99,Unknown EMS Hospital Arrival Time,0,None,0,None,0,None,1,0
2018,55,550357,Wisconsin,1,1,0,0,0,1,1,41,FOREST (41),0,NOT APPLICABLE,11,11,8,August,2018,7,Saturday,0,0:00am-0:59am,0,0,0,This section IS NOT on the NHS,1,Rural,5,Major Collector,2,County Highway Agency,4,County Road,CR-G,,0,None,45.65813056,45.65813056,-88.818877780,-88.818877780,0,No Special Jurisdiction,34,Ditch,0,Not a Collision with Motor Vehicle In-Transport,0,No,1,Non-Junction,1,Not an Intersection,0,None,,,4,On Roadside,2,Dark - Not Lighted,1,Clear,0,No Additional Atmospheric Conditions,1,Clear,0,No,0000000,Not Applicable,0,0:00am-0:59am,15,15,0,0:00am-0:59am,37,37,88,Not Applicable (Not Transported),88,Not Applicable (Not Transported),0,None,0,None,0,None,1,1
2018,55,550358,Wisconsin,1,1,0,0,0,1,1,133,WAUKESHA (133),3352,NEW BERLIN,11,11,8,August,2018,7,Saturday,13,1:00pm-1:59pm,22,22,1,This section IS ON the NHS,2,Urban,1,Interstate,1,State Highway Agency,1,Interstate,I-43,,99998,Not Reported,42.94879444,42.94879444,-88.114955560,-88.114955560,0,No Special Jurisdiction,1,Rollover/Overturn,0,Not a Collision with Motor Vehicle In-Transport,1,Yes,19,Other location within Interchange Area,1,Not an Intersection,0,None,,,3,On Median,1,Daylight,1,Clear,0,No Additional Atmospheric Conditions,1,Clear,0,No,0000000,Not Applicable,13,1:00pm-1:59pm,22,22,13,1:00pm-1:59pm,28,28,88,Not Applicable (Not Transported),88,Not Applicable (Not Transported),0,None,0,None,0,None,1,0
2018,55,550359,Wisconsin,1,1,0,0,0,2,2,55,JEFFERSON (55),0,NOT APPLICABLE,10,10,8,August,2018,6,Friday,21,9:00pm-9:59pm,43,43,1,This section IS ON the NHS,1,Rural,3,Principal Arterial - Other,1,State Highway Agency,3,State Highway,SR-26,,99998,Not Reported,43.03541667,43.03541667,-88.804480560,-88.804480560,0,No Special Jurisdiction,1,Rollover/Overturn,0,Not a Collision with Motor Vehicle In-Transport,1,Yes,19,Other location within Interchange Area,1,Not an Intersection,0,None,,,2,On Shoulder,2,Dark - Not Lighted,1,Clear,0,No Additional Atmospheric Conditions,1,Clear,0,No,0000000,Not Applicable,21,9:00pm-9:59pm,45,45,21,9:00pm-9:59pm,52,52,88,Not Applicable (Not Transported),88,Not Applicable (Not Transported),0,None,0,None,0,None,2,1
2018,55,550360,Wisconsin,3,3,0,0,0,4,4,9,BROWN (9),2173,HOBART,6,6,8,August,2018,2,Monday,13,1:00pm-1:59pm,27,27,1,This section IS ON the NHS,2,Urban,3,Principal Arterial - Other,1,State Highway Agency,3,State Highway,SR-29,CR-U,99998,Not Reported,44.58403611,44.58403611,-88.190177780,-88.190177780,0,No Special Jurisdiction,12,Motor Vehicle In-Transport,6,Angle,0,No,2,Intersection,3,T-Intersection,0,None,,,1,On Roadway,1,Daylight,1,Clear,0,No Additional Atmospheric Conditions,1,Clear,0,No,0000000,Not Applicable,13,1:00pm-1:59pm,30,30,13,1:00pm-1:59pm,39,39,99,Unknown,99,Unknown EMS Hospital Arrival Time,0,None,0,None,0,None,1,0
2018,55,550362,Wisconsin,1,1,0,1,1,1,1,135,WAUPACA (135),5080,WAUPACA,19,19,8,August,2018,1,Sunday,13,1:00pm-1:59pm,16,16,1,This section IS ON the NHS,2,Urban,3,Principal Arterial - Other,4,City or Municipal Highway Agency,6,Local Street - Municipality,ROYALTON ST,HARDING ST,0,None,44.35140556,44.35140556,-89.068038890,-89.068038890,0,No Special Jurisdiction,8,Pedestrian,0,Not a Collision with Motor Vehicle In-Transport,0,No,3,Intersection-Related,2,Four-Way Intersection,0,None,,,1,On Roadway,1,Daylight,1,Clear,0,No Additional Atmospheric Conditions,1,Clear,0,No,0000000,Not Applicable,99,Unknown,99,Unknown,99,Unknown EMS Scene Arrival Hour,99,Unknown EMS Scene Arrival Minutes,99,Unknown,99,Unknown EMS Hospital Arrival Time,0,None,0,None,0,None,1,0
2018,55,550363,Wisconsin,2,2,0,0,0,3,3,25,DANE (25),2780,MADISON,17,17,8,August,2018,6,Friday,5,5:00am-5:59am,15,15,1,This section IS ON the NHS,2,Urban,1,Interstate,1,State Highway Agency,1,Interstate,I-39,,99998,Not Reported,43.13395278,43.13395278,-89.294216670,-89.294216670,0,No Special Jurisdiction,12,Motor Vehicle In-Transport,6,Angle,1,Yes,18,Through Roadway,1,Not an Intersection,0,None,,,1,On Roadway,2,Dark - Not Lighted,2,Rain,5,"Fog, Smog, Smoke",2,Rain,0,No,0000000,Not Applicable,99,Unknown,99,Unknown,99,Unknown EMS Scene Arrival Hour,99,Unknown EMS Scene Arrival Minutes,99,Unknown,99,Unknown EMS Hospital Arrival Time,19,Recent/Previous Crash scene Nearby,23,Indication of a Stalled/Disabled Vehicle,0,None,1,0