caseyear,state,st_case,statename,ve_total,ve_forms,pvh_invl,peds,pernotmvit,permvit,persons,county,countyname,city,cityname,day,dayname,month,monthname,year,day_week,day_weekname,hour,hourname,minute,minutename,nhs,nhsname,rur_urb,rur_urbname,func_sys,func_sysname,rd_owner,rd_ownername,route,routename,tway_id,tway_id2,milept,mileptname,latitude,latitudename,longitud,longitudname,sp_jur,sp_jurname,harm_ev,harm_evname,man_coll,man_collname,reljct1,reljct1name,reljct2,reljct2name,typ_int,typ_intname,wrk_zone,wrk_zonename,road_fnc,road_fncname,rel_road,rel_roadname,lgt_cond,lgt_condname,weather1,weather1name,weather2,weather2name,weather,weathername,sch_bus,sch_busname,rail,railname,not_hour,not_hourname,not_min,not_minname,arr_hour,arr_hourname,arr_min,arr_minname,hosp_hr,hosp_hrname,hosp_mn,hosp_mnname,cf1,cf1name,cf2,cf2name,cf3,cf3name,fatals,drunk_dr
2018,55,550364,Wisconsin,1,1,0,1,1,2,2,15,CALUMET (15),0,NOT APPLICABLE,19,19,8,August,2018,1,Sunday,20,8:00pm-8:59pm,19,19,0,This section IS NOT on the NHS,2,Urban,4,Minor Arterial,2,County Highway Agency,4,County Road,CR-KK,STATE PARK RD,0,None,44.24333056,44.24333056,-88.303091670,-88.303091670,0,No Special Jurisdiction,9,Pedalcyclist,0,Not a Collision with Motor Vehicle In-Transport,0,No,2,Intersection,2,Four-Way Intersection,0,None,,,1,On Roadway,2,Dark - Not Lighted,1,Clear,0,No Additional Atmospheric Conditions,1,Clear,0,No,0000000,Not Applicable,20,8:00pm-8:59pm,19,19,20,8:00pm-8:59pm,27,27,21,9:00pm-9:59pm,42,42,0,None,0,None,0,None,1,1
2018,55,550365,Wisconsin,2,2,0,0,0,5,5,97,PORTAGE (97),0,NOT APPLICABLE,19,19,8,August,2018,1,Sunday,12,12:00pm-12:59pm,47,47,1,This section IS ON the NHS,1,Rural,3,Principal Arterial - Other,1,State Highway Agency,2,U.S. Highway,US-10,,99998,Not Reported,44.50525556,44.50525556,-89.412530560,-89.412530560,0,No Special Jurisdiction,12,Motor Vehicle In-Transport,6,Angle,0,No,7,Crossover-Related,1,Not an Intersection,0,None,,,1,On Roadway,1,Daylight,1,Clear,0,No Additional Atmospheric Conditions,1,Clear,0,No,0000000,Not Applicable,12,12:00pm-12:59pm,50,50,13,1:00pm-1:59pm,0,0,13,1:00pm-1:59pm,37,37,0,None,0,None,0,None,1,0
2018,55,550366,Wisconsin,1,1,0,0,0,2,2,43,GRANT (43),0,NOT APPLICABLE,26,26,8,August,2018,1,Sunday,11,11:00am-11:59am,10,10,0,This section IS NOT on the NHS,1,Rural,5,Major Collector,2,County Highway Agency,4,County Road,CR-O,,0,None,42.68338056,42.68338056,-90.638719440,-90.638719440,0,No Special Jurisdiction,53,Mail Box,0,Not a Collision with Motor Vehicle In-Transport,0,No,1,Non-Junction,1,Not an Intersection,0,None,,,4,On Roadside,1,Daylight,10,Cloudy,0,No Additional Atmospheric Conditions,10,Cloudy,0,No,0000000,Not Applicable,11,11:00am-11:59am,27,27,11,11:00am-11:59am,36,36,88,Not Applicable (Not Transported),88,Not Applicable (Not Transported),0,None,0,None,0,None,2,0
2018,55,550367,Wisconsin,1,1,0,0,0,1,1,13,BURNETT (13),0,NOT APPLICABLE,17,17,8,August,2018,6,Friday,11,11:00am-11:59am,10,10,0,This section IS NOT on the NHS,1,Rural,5,Major Collector,2,County Highway Agency,4,County Road,CR-A,,0,None,45.90179722,45.90179722,-92.325202780,-92.325202780,0,No Special Jurisdiction,35,Embankment,0,Not a Collision with Motor Vehicle In-Transport,0,No,1,Non-Junction,1,Not an Intersection,0,None,,,4,On Roadside,9,Reported as Unknown,99,Reported as Unknown,0,No Additional Atmospheric Conditions,99,Reported as Unknown,0,No,0000000,Not Applicable,11,11:00am-11:59am,10,10,11,11:00am-11:59am,20,20,88,Not Applicable (Not Transported),88,Not Applicable (Not Transported),0,None,0,None,0,None,1,1
2018,55,550368,Wisconsin,1,1,0,0,0,1,1,13,BURNETT (13),0,NOT APPLICABLE,25,25,8,August,2018,7,Saturday,11,11:00am-11:59am,26,26,1,This section IS ON the NHS,1,Rural,3,Principal Arterial - Other,1,State Highway Agency,3,State Highway,SR-70,,99998,Not Reported,45.77295556,45.77295556,-92.757425000,-92.757425000,0,No Special Jurisdiction,42,Tree (Standing Only),0,Not a Collision with Motor Vehicle In-Transport,0,No,1,Non-Junction,1,Not an Intersection,0,None,,,4,On Roadside,1,Daylight,10,Cloudy,0,No Additional Atmospheric Conditions,10,Cloudy,0,No,0000000,Not Applicable,99,Unknown,99,Unknown,99,Unknown EMS Scene Arrival Hour,99,Unknown EMS Scene Arrival Minutes,99,Unknown,99,Unknown EMS Hospital Arrival Time,0,None,0,None,0,None,1,0
2018,55,550369,Wisconsin,1,1,0,0,0,1,1,99,PRICE (99),0,NOT APPLICABLE,20,20,8,August,2018,2,Monday,15,3:00pm-3:59pm,52,52,1,This section IS ON the NHS,1,Rural,3,Principal Arterial - Other,1,State Highway Agency,3,State Highway,SR-13,,99998,Not Reported,45.76909167,45.76909167,-90.422900000,-90.422900000,0,No Special Jurisdiction,42,Tree (Standing Only),0,Not a Collision with Motor Vehicle In-Transport,0,No,1,Non-Junction,1,Not an Intersection,0,None,,,5,Outside Trafficway,1,Daylight,1,Clear,0,No Additional Atmospheric Conditions,1,Clear,0,No,0000000,Not Applicable,15,3:00pm-3:59pm,53,53,16,4:00pm-4:59pm,3,3,88,Not Applicable (Not Transported),88,Not Applicable (Not Transported),0,None,0,None,0,None,1,1
2018,55,550370,Wisconsin,2,2,0,0,0,2,2,131,WASHINGTON (131),0,NOT APPLICABLE,17,17,8,August,2018,6,Friday,15,3:00pm-3:59pm,40,40,1,This section IS ON the NHS,1,Rural,1,Interstate,1,State Highway Agency,1,Interstate,I-41,,99998,Not Reported,43.38728889,43.38728889,-88.310286110,-88.310286110,0,No Special Jurisdiction,12,Motor Vehicle In-Transport,6,Angle,0,No,1,Non-Junction,1,Not an Intersection,0,None,,,1,On Roadway,1,Daylight,1,Clear,0,No Additional Atmospheric Conditions,1,Clear,0,No,0000000,Not Applicable,15,3:00pm-3:59pm,44,44,15,3:00pm-3:59pm,57,57,88,Not Applicable (Not Transported),88,Not Applicable (Not Transported),0,None,0,None,0,None,1,0
2018,55,550371,Wisconsin,3,3,0,0,0,6,6,21,COLUMBIA (21),0,NOT APPLICABLE,25,25,8,August,2018,7,Saturday,11,11:00am-11:59am,25,25,1,This section IS ON the NHS,1,Rural,1,Interstate,1,State Highway Agency,1,Interstate,I-39 RAMP,SR-33,99998,Not Reported,43.52506111,43.52506111,-89.486586110,-89.486586110,0,No Special Jurisdiction,12,Motor Vehicle In-Transport,6,Angle,1,Yes,5,Entrance/Exit Ramp Related,1,Not an Intersection,0,None,,,1,On Roadway,1,Daylight,10,Cloudy,0,No Additional Atmospheric Conditions,10,Cloudy,0,No,0000000,Not Applicable,99,Unknown,99,Unknown,99,Unknown EMS Scene Arrival Hour,99,Unknown EMS Scene Arrival Minutes,99,Unknown,99,Unknown EMS Hospital Arrival Time,0,None,0,None,0,None,2,0
2018,55,550372,Wisconsin,1,1,0,0,0,1,1,137,WAUSHARA (137),0,NOT APPLICABLE,26,26,8,August,2018,1,Sunday,8,8:00am-8:59am,14,14,0,This section IS NOT on the NHS,1,Rural,4,Minor Arterial,1,State Highway Agency,3,State Highway,SR-73,,99998,Not Reported,44.08089444,44.08089444,-89.306125000,-89.306125000,0,No Special Jurisdiction,1,Rollover/Overturn,0,Not a Collision with Motor Vehicle In-Transport,0,No,1,Non-Junction,1,Not an Intersection,0,None,,,5,Outside Trafficway,1,Daylight,10,Cloudy,0,No Additional Atmospheric Conditions,10,Cloudy,0,No,0000000,Not Applicable,99,Unknown,99,Unknown,99,Unknown EMS Scene Arrival Hour,99,Unknown EMS Scene Arrival Minutes,88,Not Applicable (Not Transported),88,Not Applicable (Not Transported),0,None,0,None,0,None,1,0
2018,55,550373,Wisconsin,1,1,0,0,0,1,1,97,PORTAGE (97),0,NOT APPLICABLE,28,28,8,August,2018,3,Tuesday,7,7:00am-7:59am,23,23,0,This section IS NOT on the NHS,1,Rural,4,Minor Arterial,1,State Highway Agency,3,State Highway,SR-66,,99998,Not Reported,44.46972778,44.46972778,-89.645752780,-89.645752780,0,No Special Jurisdiction,35,Embankment,0,Not a Collision with Motor Vehicle In-Transport,0,No,1,Non-Junction,1,Not an Intersection,0,None,,,4,On Roadside,1,Daylight,1,Clear,0,No Additional Atmospheric Conditions,1,Clear,0,No,0000000,Not Applicable,99,Unknown,99,Unknown,99,Unknown EMS Scene Arrival Hour,99,Unknown EMS Scene Arrival Minutes,88,Not Applicable (Not Transported),88,Not Applicable (Not Transported),0,None,0,None,0,None,1,0
2018,55,550374,Wisconsin,1,1,0,0,0,1,1,7,BAYFIELD (7),0,NOT APPLICABLE,16,16,8,August,2018,5,Thursday,16,4:00pm-4:59pm,30,30,0,This section IS NOT on the NHS,1,Rural,5,Major Collector,2,County Highway Agency,4,County Road,CR-G,,0,None,46.53824167,46.53824167,-91.130200000,-91.130200000,0,No Special Jurisdiction,42,Tree (Standing Only),0,Not a Collision with Motor Vehicle In-Transport,0,No,1,Non-Junction,1,Not an Intersection,0,None,,,4,On Roadside,1,Daylight,1,Clear,0,No Additional Atmospheric Conditions,1,Clear,0,No,0000000,Not Applicable,16,4:00pm-4:59pm,50,50,17,5:00pm-5:59pm,7,7,88,Not Applicable (Not Transported),88,Not Applicable (Not Transported),0,None,0,None,0,None,1,0
2018,55,550375,Wisconsin,1,1,0,0,0,2,2,57,JUNEAU (57),0,NOT APPLICABLE,24,24,8,August,2018,6,Friday,13,1:00pm-1:59pm,55,55,1,This section IS ON the NHS,1,Rural,1,Interstate,1,State Highway Agency,1,Interstate,I-90,,99998,Not Reported,43.86216111,43.86216111,-90.116930560,-90.116930560,0,No Special Jurisdiction,50,Bridge Overhead Structure,0,Not a Collision with Motor Vehicle In-Transport,0,No,1,Non-Junction,1,Not an Intersection,0,None,,,4,On Roadside,1,Daylight,10,Cloudy,0,No Additional Atmospheric Conditions,10,Cloudy,0,No,0000000,Not Applicable,99,Unknown,99,Unknown,99,Unknown EMS Scene Arrival Hour,99,Unknown EMS Scene Arrival Minutes,88,Not Applicable (Not Transported),88,Not Applicable (Not Transported),0,None,0,None,0,None,2,0
2018,55,550376,Wisconsin,1,1,0,0,0,2,2,111,SAUK (111),3030,MERRIMAC,28,28,8,August,2018,3,Tuesday,20,8:00pm-8:59pm,45,45,0,This section IS NOT on the NHS,2,Urban,5,Major Collector,1,State Highway Agency,3,State Highway,SR-113,,99998,Not Reported,43.37070000,43.37070000,-89.627025000,-89.627025000,0,No Special Jurisdiction,3,Immersion or Partial Immersion,0,Not a Collision with Motor Vehicle In-Transport,0,No,1,Non-Junction,1,Not an Intersection,0,None,,,5,Outside Trafficway,3,Dark - Lighted,2,Rain,0,No Additional Atmospheric Conditions,2,Rain,0,No,0000000,Not Applicable,21,9:00pm-9:59pm,1,1,21,9:00pm-9:59pm,18,18,88,Not Applicable (Not Transported),88,Not Applicable (Not Transported),0,None,0,None,0,None,1,0
2018,55,550377,Wisconsin,1,1,0,0,0,1,1,49,IOWA (49),0,NOT APPLICABLE,30,30,8,August,2018,5,Thursday,3,3:00am-3:59am,0,0,0,This section IS NOT on the NHS,1,Rural,3,Principal Arterial - Other,2,County Highway Agency,4,County Road,CR-F,,0,None,42.81495833,42.81495833,-89.914202780,-89.914202780,0,No Special Jurisdiction,1,Rollover/Overturn,0,Not a Collision with Motor Vehicle In-Transport,0,No,1,Non-Junction,1,Not an Intersection,0,None,,,4,On Roadside,2,Dark - Not Lighted,1,Clear,0,No Additional Atmospheric Conditions,1,Clear,0,No,0000000,Not Applicable,4,4:00am-4:59am,99,Unknown,4,4:00am-4:59am,99,Unknown EMS Scene Arrival Minutes,88,Not Applicable (Not Transported),88,Not Applicable (Not Transported),0,None,0,None,0,None,1,1
2018,55,550378,Wisconsin,1,1,0,0,0,1,1,77,MARQUETTE (77),0,NOT APPLICABLE,26,26,8,August,2018,1,Sunday,19,7:00pm-7:59pm,2,2,0,This section IS NOT on the NHS,1,Rural,7,Local,3,Town or Township Highway Agency,5,Local Street - Township,EMBER DR,,0,None,43.83932222,43.83932222,-89.488022220,-89.488022220,0,No Special Jurisdiction,42,Tree (Standing Only),0,Not a Collision with Motor Vehicle In-Transport,0,No,1,Non-Junction,1,Not an Intersection,0,None,,,4,On Roadside,5,Dusk,2,Rain,10,Cloudy,2,Rain,0,No,0000000,Not Applicable,19,7:00pm-7:59pm,2,2,19,7:00pm-7:59pm,17,17,19,7:00pm-7:59pm,42,42,0,None,0,None,0,None,1,1
2018,55,550379,Wisconsin,1,1,0,0,0,1,1,105,ROCK (105),0,NOT APPLICABLE,28,28,8,August,2018,3,Tuesday,14,2:00pm-2:59pm,52,52,1,This section IS ON the NHS,1,Rural,1,Interstate,1,State Highway Agency,1,Interstate,I-43,,99998,Not Reported,42.56711111,42.56711111,-88.905897220,-88.905897220,0,No Special Jurisdiction,52,Guardrail End,0,Not a Collision with Motor Vehicle In-Transport,0,No,1,Non-Junction,1,Not an Intersection,0,None,,,3,On Median,1,Daylight,10,Cloudy,0,No Additional Atmospheric Conditions,10,Cloudy,0,No,0000000,Not Applicable,99,Unknown,99,Unknown,99,Unknown EMS Scene Arrival Hour,99,Unknown EMS Scene Arrival Minutes,99,Unknown,99,Unknown EMS Hospital Arrival Time,0,None,0,None,0,None,1,0
2018,55,550380,Wisconsin,1,1,0,0,0,1,1,63,LA CROSSE (63),0,NOT APPLICABLE,26,26,8,August,2018,1,Sunday,23,11:00pm-11:59pm,40,40,1,This section IS ON the NHS,1,Rural,2,Principal Arterial - Other Freeways and Expressways,1,State Highway Agency,2,U.S. Highway,US-53,,99998,Not Reported,43.96318056,43.96318056,-91.286155560,-91.286155560,0,No Special Jurisdiction,1,Rollover/Overturn,0,Not a Collision with Motor Vehicle In-Transport,0,No,1,Non-Junction,1,Not an Intersection,0,None,,,4,On Roadside,9,Reported as Unknown,99,Reported as Unknown,0,No Additional Atmospheric Conditions,99,Reported as Unknown,0,No,0000000,Not Applicable,11,11:00am-11:59am,2,2,11,11:00am-11:59am,99,Unknown EMS Scene Arrival Minutes,88,Not Applicable (Not Transported),88,Not Applicable (Not Transported),18,Date of Crash and Date of EMS Notification were not the same day,0,None,0,None,1,1
2018,55,550381,Wisconsin,1,1,0,0,0,1,1,11,BUFFALO (11),0,NOT APPLICABLE,22,22,8,August,2018,4,Wednesday,15,3:00pm-3:59pm,33,33,0,This section IS NOT on the NHS,1,Rural,5,Major Collector,1,State Highway Agency,3,State Highway,SR-95,,99998,Not Reported,44.25342222,44.25342222,-91.602438890,-91.602438890,0,No Special Jurisdiction,1,Rollover/Overturn,0,Not a Collision with Motor Vehicle In-Transport,0,No,1,Non-Junction,1,Not an Intersection,0,None,,,1,On Roadway,1,Daylight,1,Clear,0,No Additional Atmospheric Conditions,1,Clear,0,No,0000000,Not Applicable,99,Unknown,99,Unknown,99,Unknown EMS Scene Arrival Hour,99,Unknown EMS Scene Arrival Minutes,99,Unknown,99,Unknown EMS Hospital Arrival Time,0,None,0,None,0,None,1,0
2018,55,550382,Wisconsin,1,1,0,0,0,1,1,87,OUTAGAMIE (87),170,APPLETON,30,30,8,August,2018,5,Thursday,2,2:00am-2:59am,19,19,1,This section IS ON the NHS,2,Urban,3,Principal Arterial - Other,1,State Highway Agency,3,State Highway,SR-47,SR-125,99998,Not Reported,44.26156667,44.26156667,-88.415586110,-88.415586110,0,No Special Jurisdiction,30,Utility Pole/Light Support,0,Not a Collision with Motor Vehicle In-Transport,0,No,1,Non-Junction,1,Not an Intersection,4,"Work Zone, Type Unknown",,,4,On Roadside,3,Dark - Lighted,1,Clear,0,No Additional Atmospheric Conditions,1,Clear,0,No,0000000,Not Applicable,2,2:00am-2:59am,19,19,2,2:00am-2:59am,29,29,88,Not Applicable (Not Transported),88,Not Applicable (Not Transported),0,None,0,None,0,None,1,1
2018,55,550383,Wisconsin,2,2,0,0,0,2,2,79,MILWAUKEE (79),3100,MILWAUKEE,30,30,8,August,2018,5,Thursday,13,1:00pm-1:59pm,32,32,1,This section IS ON the NHS,2,Urban,3,Principal Arterial - Other,1,State Highway Agency,3,State Highway,SR-190,,99998,Not Reported,43.08985000,43.08985000,-88.003433330,-88.003433330,0,No Special Jurisdiction,12,Motor Vehicle In-Transport,6,Angle,0,No,8,Driveway Access Related,1,Not an Intersection,0,None,,,1,On Roadway,1,Daylight,1,Clear,0,No Additional Atmospheric Conditions,1,Clear,0,No,0000000,Not Applicable,13,1:00pm-1:59pm,33,33,13,1:00pm-1:59pm,99,Unknown EMS Scene Arrival Minutes,88,Not Applicable (Not Transported),88,Not Applicable (Not Transported),0,None,0,None,0,None,1,0
2018,55,550384,Wisconsin,2,2,0,0,0,6,6,79,MILWAUKEE (79),3100,MILWAUKEE,16,16,8,August,2018,5,Thursday,3,3:00am-3:59am,57,57,0,This section IS NOT on the NHS,2,Urban,4,Minor Arterial,1,State Highway Agency,2,U.S. Highway,US-18,17TH ST N,99998,Not Reported,43.04442222,43.04442222,-87.933925000,-87.933925000,0,No Special Jurisdiction,12,Motor Vehicle In-Transport,6,Angle,0,No,2,Intersection,2,Four-Way Intersection,0,None,,,1,On Roadway,3,Dark - Lighted,10,Cloudy,0,No Additional Atmospheric Conditions,10,Cloudy,0,No,0000000,Not Applicable,3,3:00am-3:59am,57,57,4,4:00am-4:59am,3,3,4,4:00am-4:59am,15,15,0,None,0,None,0,None,1,0
2018,55,550385,Wisconsin,2,1,1,1,1,1,1,79,MILWAUKEE (79),3100,MILWAUKEE,25,25,8,August,2018,7,Saturday,2,2:00am-2:59am,25,25,1,This section IS ON the NHS,2,Urban,3,Principal Arterial - Other,1,State Highway Agency,3,State Highway,SR-145,,99998,Not Reported,43.09626111,43.09626111,-87.984144440,-87.984144440,0,No Special Jurisdiction,8,Pedestrian,0,Not a Collision with Motor Vehicle In-Transport,0,No,1,Non-Junction,1,Not an Intersection,0,None,,,7,In Parking Lane/Zone,3,Dark - Lighted,10,Cloudy,0,No Additional Atmospheric Conditions,10,Cloudy,0,No,0000000,Not Applicable,2,2:00am-2:59am,30,30,2,2:00am-2:59am,38,38,2,2:00am-2:59am,57,57,0,None,0,None,0,None,1,0
2018,55,550386,Wisconsin,1,1,0,0,0,1,1,109,ST. CROIX (109),0,NOT APPLICABLE,12,12,10,October,2018,6,Friday,6,6:00am-6:59am,39,39,0,This section IS NOT on the NHS,1,Rural,5,Major Collector,2,County Highway Agency,4,County Road,CR-T,,0,None,44.92896944,44.92896944,-92.435488890,-92.435488890,0,No Special Jurisdiction,11,Live Animal,0,Not a Collision with Motor Vehicle In-Transport,0,No,1,Non-Junction,1,Not an Intersection,0,None,,,1,On Roadway,2,Dark - Not Lighted,10,Cloudy,0,No Additional Atmospheric Conditions,10,Cloudy,0,No,0000000,Not Applicable,6,6:00am-6:59am,49,49,6,6:00am-6:59am,56,56,88,Not Applicable (Not Transported),88,Not Applicable (Not Transported),0,None,0,None,0,None,1,0
2018,55,550387,Wisconsin,1,1,0,0,0,3,3,139,WINNEBAGO (139),0,NOT APPLICABLE,10,10,8,August,2018,6,Friday,18,6:00pm-6:59pm,15,15,1,This section IS ON the NHS,1,Rural,3,Principal Arterial - Other,1,State Highway Agency,2,U.S. Highway,US-45,,99998,Not Reported,44.12871111,44.12871111,-88.657019440,-88.657019440,0,No Special Jurisdiction,34,Ditch,0,Not a Collision with Motor Vehicle In-Transport,0,No,1,Non-Junction,1,Not an Intersection,0,None,,,4,On Roadside,1,Daylight,1,Clear,0,No Additional Atmospheric Conditions,1,Clear,0,No,0000000,Not Applicable,18,6:00pm-6:59pm,15,15,18,6:00pm-6:59pm,38,38,99,Unknown,99,Unknown EMS Hospital Arrival Time,0,None,0,None,0,None,1,1
2018,55,550388,Wisconsin,2,2,0,0,0,2,2,57,JUNEAU (57),0,NOT APPLICABLE,16,16,10,October,2018,3,Tuesday,18,6:00pm-6:59pm,17,17,0,This section IS NOT on the NHS,1,Rural,5,Major Collector,2,County Highway Agency,4,County Road,CR-HH,,0,None,43.76266111,43.76266111,-89.885394440,-89.885394440,0,No Special Jurisdiction,12,Motor Vehicle In-Transport,6,Angle,0,No,1,Non-Junction,1,Not an Intersection,0,None,,,1,On Roadway,1,Daylight,10,Cloudy,0,No Additional Atmospheric Conditions,10,Cloudy,0,No,0000000,Not Applicable,18,6:00pm-6:59pm,20,20,18,6:00pm-6:59pm,33,33,99,Unknown,99,Unknown EMS Hospital Arrival Time,0,None,0,None,0,None,1,1
2018,55,550389,Wisconsin,2,2,0,0,0,4,4,89,OZAUKEE (89),0,NOT APPLICABLE,21,21,10,October,2018,1,Sunday,15,3:00pm-3:59pm,10,10,1,This section IS ON the NHS,1,Rural,3,Principal Arterial - Other,1,State Highway Agency,3,State Highway,SR-33,CR-I,99998,Not Reported,43.39582778,43.39582778,-87.979400000,-87.979400000,0,No Special Jurisdiction,12,Motor Vehicle In-Transport,6,Angle,0,No,2,Intersection,2,Four-Way Intersection,0,None,,,1,On Roadway,1,Daylight,1,Clear,0,No Additional Atmospheric Conditions,1,Clear,0,No,0000000,Not Applicable,99,Unknown,99,Unknown,99,Unknown EMS Scene Arrival Hour,99,Unknown EMS Scene Arrival Minutes,88,Not Applicable (Not Transported),88,Not Applicable (Not Transported),0,None,0,None,0,None,1,1
2018,55,550390,Wisconsin,1,1,0,0,0,1,1,105,ROCK (105),0,NOT APPLICABLE,10,10,8,August,2018,6,Friday,16,4:00pm-4:59pm,50,50,0,This section IS NOT on the NHS,1,Rural,5,Major Collector,3,Town or Township Highway Agency,5,Local Street - Township,AVALON RD,,0,None,42.63262778,42.63262778,-88.862752780,-88.862752780,0,No Special Jurisdiction,59,Traffic Sign Support,0,Not a Collision with Motor Vehicle In-Transport,0,No,1,Non-Junction,1,Not an Intersection,0,None,,,4,On Roadside,1,Daylight,10,Cloudy,0,No Additional Atmospheric Conditions,10,Cloudy,0,No,0000000,Not Applicable,16,4:00pm-4:59pm,52,52,99,Unknown EMS Scene Arrival Hour,99,Unknown EMS Scene Arrival Minutes,17,5:00pm-5:59pm,45,45,0,None,0,None,0,None,1,0
2018,55,550391,Wisconsin,2,2,0,0,0,2,2,29,DOOR (29),0,NOT APPLICABLE,23,23,10,October,2018,3,Tuesday,13,1:00pm-1:59pm,24,24,0,This section IS NOT on the NHS,1,Rural,4,Minor Arterial,1,State Highway Agency,3,State Highway,SR-57,,99998,Not Reported,44.93993611,44.93993611,-87.240066670,-87.240066670,0,No Special Jurisdiction,12,Motor Vehicle In-Transport,6,Angle,0,No,8,Driveway Access Related,1,Not an Intersection,0,None,,,1,On Roadway,1,Daylight,10,Cloudy,0,No Additional Atmospheric Conditions,10,Cloudy,0,No,0000000,Not Applicable,13,1:00pm-1:59pm,27,27,13,1:00pm-1:59pm,36,36,99,Unknown,99,Unknown EMS Hospital Arrival Time,0,None,0,None,0,None,1,0
2018,55,550393,Wisconsin,1,1,0,0,0,2,2,101,RACINE (101),795,CALEDONIA,20,20,10,October,2018,7,Saturday,10,10:00am-10:59am,37,37,0,This section IS NOT on the NHS,2,Urban,6,Minor Collector,4,City or Municipal Highway Agency,6,Local Street - Municipality,FOUR MILE RD,,0,None,42.78526111,42.78526111,-87.898938890,-87.898938890,0,No Special Jurisdiction,16,Thrown or Falling Object,0,Not a Collision with Motor Vehicle In-Transport,0,No,1,Non-Junction,1,Not an Intersection,0,None,,,1,On Roadway,1,Daylight,2,Rain,6,Severe Crosswinds,2,Rain,0,No,0000000,Not Applicable,10,10:00am-10:59am,41,41,10,10:00am-10:59am,49,49,11,11:00am-11:59am,22,22,0,None,0,None,0,None,1,0
2018,55,550394,Wisconsin,1,1,0,1,1,1,1,9,BROWN (9),2000,GREEN BAY,4,4,10,October,2018,5,Thursday,19,7:00pm-7:59pm,31,31,0,This section IS NOT on the NHS,2,Urban,6,Minor Collector,4,City or Municipal Highway Agency,6,Local Street - Municipality,MANITOWOC RD,,0,None,44.48137222,44.48137222,-87.968194440,-87.968194440,0,No Special Jurisdiction,8,Pedestrian,0,Not a Collision with Motor Vehicle In-Transport,0,No,1,Non-Junction,1,Not an Intersection,0,None,,,1,On Roadway,2,Dark - Not Lighted,1,Clear,0,No Additional Atmospheric Conditions,1,Clear,0,No,0000000,Not Applicable,99,Unknown,99,Unknown,99,Unknown EMS Scene Arrival Hour,99,Unknown EMS Scene Arrival Minutes,99,Unknown,99,Unknown EMS Hospital Arrival Time,0,None,0,None,0,None,1,0
2018,55,550395,Wisconsin,1,1,0,0,0,1,1,131,WASHINGTON (131),5170,WEST BEND,3,3,11,November,2018,7,Saturday,12,12:00pm-12:59pm,20,20,0,This section IS NOT on the NHS,2,Urban,7,Local,4,City or Municipal Highway Agency,6,Local Street - Municipality,PENNSYLVANIA AVE,,0,None,43.41342778,43.41342778,-88.172980560,-88.172980560,0,No Special Jurisdiction,33,Curb,0,Not a Collision with Motor Vehicle In-Transport,0,No,1,Non-Junction,1,Not an Intersection,0,None,,,4,On Roadside,1,Daylight,10,Cloudy,0,No Additional Atmospheric Conditions,10,Cloudy,0,No,0000000,Not Applicable,12,12:00pm-12:59pm,20,20,12,12:00pm-12:59pm,23,23,88,Not Applicable (Not Transported),88,Not Applicable (Not Transported),0,None,0,None,0,None,1,0
2018,55,550396,Wisconsin,2,2,0,0,0,8,8,111,SAUK (111),0,NOT APPLICABLE,20,20,10,October,2018,7,Saturday,15,3:00pm-3:59pm,5,5,1,This section IS ON the NHS,1,Rural,1,Interstate,1,State Highway Agency,1,Interstate,I-90,,99998,Not Reported,43.57233056,43.57233056,-89.796797220,-89.796797220,0,No Special Jurisdiction,12,Motor Vehicle In-Transport,7,Sideswipe - Same Direction,0,No,1,Non-Junction,1,Not an Intersection,0,None,,,1,On Roadway,1,Daylight,1,Clear,0,No Additional Atmospheric Conditions,1,Clear,0,No,0000000,Not Applicable,15,3:00pm-3:59pm,9,9,99,Unknown EMS Scene Arrival Hour,99,Unknown EMS Scene Arrival Minutes,99,Unknown,99,Unknown EMS Hospital Arrival Time,0,None,0,None,0,None,2,1
2018,55,550397,Wisconsin,1,1,0,1,1,1,1,73,MARATHON (73),5110,WAUSAU,7,7,11,November,2018,4,Wednesday,17,5:00pm-5:59pm,11,11,0,This section IS NOT on the NHS,2,Urban,3,Principal Arterial - Other,1,State Highway Agency,3,State Highway,SR-52 6TH ST N,PARK AVE,99998,Not Reported,44.97280278,44.97280278,-89.623402780,-89.623402780,0,No Special Jurisdiction,8,Pedestrian,0,Not a Collision with Motor Vehicle In-Transport,0,No,3,Intersection-Related,2,Four-Way Intersection,0,None,,,1,On Roadway,3,Dark - Lighted,10,Cloudy,0,No Additional Atmospheric Conditions,10,Cloudy,0,No,0000000,Not Applicable,99,Unknown,99,Unknown,99,Unknown EMS Scene Arrival Hour,99,Unknown EMS Scene Arrival Minutes,99,Unknown,99,Unknown EMS Hospital Arrival Time,0,None,0,None,0,None,1,0