caseyear,state,st_case,statename,ve_total,ve_forms,pvh_invl,peds,pernotmvit,permvit,persons,county,countyname,city,cityname,day,dayname,month,monthname,year,day_week,day_weekname,hour,hourname,minute,minutename,nhs,nhsname,rur_urb,rur_urbname,func_sys,func_sysname,rd_owner,rd_ownername,route,routename,tway_id,tway_id2,milept,mileptname,latitude,latitudename,longitud,longitudname,sp_jur,sp_jurname,harm_ev,harm_evname,man_coll,man_collname,reljct1,reljct1name,reljct2,reljct2name,typ_int,typ_intname,wrk_zone,wrk_zonename,road_fnc,road_fncname,rel_road,rel_roadname,lgt_cond,lgt_condname,weather1,weather1name,weather2,weather2name,weather,weathername,sch_bus,sch_busname,rail,railname,not_hour,not_hourname,not_min,not_minname,arr_hour,arr_hourname,arr_min,arr_minname,hosp_hr,hosp_hrname,hosp_mn,hosp_mnname,cf1,cf1name,cf2,cf2name,cf3,cf3name,fatals,drunk_dr
2018,55,550398,Wisconsin,1,1,0,0,0,1,1,105,ROCK (105),0,NOT APPLICABLE,25,25,10,October,2018,5,Thursday,9,9:00am-9:59am,9,9,0,This section IS NOT on the NHS,1,Rural,5,Major Collector,2,County Highway Agency,4,County Road,CR-M,,0,None,42.74288889,42.74288889,-88.896075000,-88.896075000,0,No Special Jurisdiction,42,Tree (Standing Only),0,Not a Collision with Motor Vehicle In-Transport,0,No,1,Non-Junction,1,Not an Intersection,0,None,,,4,On Roadside,1,Daylight,10,Cloudy,0,No Additional Atmospheric Conditions,10,Cloudy,0,No,0000000,Not Applicable,9,9:00am-9:59am,9,9,9,9:00am-9:59am,20,20,9,9:00am-9:59am,59,59,13,Aggressive Driving / Road Rage by Non-contact Vehicle Driver,0,None,0,None,1,0
2018,55,550399,Wisconsin,1,1,0,5,5,2,2,17,CHIPPEWA (17),0,NOT APPLICABLE,3,3,11,November,2018,7,Saturday,11,11:00am-11:59am,41,41,0,This section IS NOT on the NHS,2,Urban,4,Minor Arterial,2,County Highway Agency,4,County Road,CR-P,,0,None,44.89242222,44.89242222,-91.388819440,-91.388819440,0,No Special Jurisdiction,8,Pedestrian,0,Not a Collision with Motor Vehicle In-Transport,0,No,1,Non-Junction,1,Not an Intersection,0,None,,,4,On Roadside,1,Daylight,10,Cloudy,0,No Additional Atmospheric Conditions,10,Cloudy,0,No,0000000,Not Applicable,11,11:00am-11:59am,44,44,11,11:00am-11:59am,46,46,99,Unknown,99,Unknown EMS Hospital Arrival Time,0,None,0,None,0,None,4,0
2018,55,550403,Wisconsin,1,1,0,0,0,1,1,93,PIERCE (93),0,NOT APPLICABLE,2,2,9,September,2018,1,Sunday,16,4:00pm-4:59pm,55,55,0,This section IS NOT on the NHS,1,Rural,4,Minor Arterial,1,State Highway Agency,3,State Highway,SR-35,,99998,Not Reported,44.72596667,44.72596667,-92.752641670,-92.752641670,0,No Special Jurisdiction,24,Guardrail Face,0,Not a Collision with Motor Vehicle In-Transport,0,No,1,Non-Junction,1,Not an Intersection,0,None,,,4,On Roadside,1,Daylight,1,Clear,0,No Additional Atmospheric Conditions,1,Clear,0,No,0000000,Not Applicable,17,5:00pm-5:59pm,1,1,17,5:00pm-5:59pm,8,8,88,Not Applicable (Not Transported),88,Not Applicable (Not Transported),0,None,0,None,0,None,1,0
2018,55,550404,Wisconsin,2,2,0,0,0,5,5,59,KENOSHA (59),4479,SOMERS,1,1,9,September,2018,7,Saturday,18,6:00pm-6:59pm,41,41,0,This section IS NOT on the NHS,2,Urban,4,Minor Arterial,2,County Highway Agency,4,County Road,CR-H,CR-S WASHINGTON RD,0,None,42.60381944,42.60381944,-87.915094440,-87.915094440,0,No Special Jurisdiction,12,Motor Vehicle In-Transport,6,Angle,0,No,2,Intersection,2,Four-Way Intersection,0,None,,,1,On Roadway,1,Daylight,1,Clear,0,No Additional Atmospheric Conditions,1,Clear,0,No,0000000,Not Applicable,18,6:00pm-6:59pm,41,41,18,6:00pm-6:59pm,46,46,19,7:00pm-7:59pm,0,0,0,None,0,None,0,None,2,1
2018,55,550405,Wisconsin,1,1,0,1,1,2,2,29,DOOR (29),0,NOT APPLICABLE,2,2,9,September,2018,1,Sunday,23,11:00pm-11:59pm,35,35,0,This section IS NOT on the NHS,1,Rural,7,Local,3,Town or Township Highway Agency,5,Local Street - Township,HILL RD,,0,None,45.20026389,45.20026389,-87.107461110,-87.107461110,0,No Special Jurisdiction,8,Pedestrian,0,Not a Collision with Motor Vehicle In-Transport,0,No,1,Non-Junction,1,Not an Intersection,0,None,,,1,On Roadway,2,Dark - Not Lighted,10,Cloudy,0,No Additional Atmospheric Conditions,10,Cloudy,0,No,0000000,Not Applicable,23,11:00pm-11:59pm,41,41,23,11:00pm-11:59pm,49,49,88,Not Applicable (Not Transported),88,Not Applicable (Not Transported),0,None,0,None,0,None,1,1
2018,55,550406,Wisconsin,1,1,0,0,0,1,1,75,MARINETTE (75),0,NOT APPLICABLE,3,3,9,September,2018,2,Monday,2,2:00am-2:59am,46,46,0,This section IS NOT on the NHS,1,Rural,4,Minor Arterial,1,State Highway Agency,3,State Highway,SR-180,,99998,Not Reported,45.14120833,45.14120833,-87.692630560,-87.692630560,0,No Special Jurisdiction,42,Tree (Standing Only),0,Not a Collision with Motor Vehicle In-Transport,0,No,1,Non-Junction,1,Not an Intersection,0,None,,,4,On Roadside,2,Dark - Not Lighted,1,Clear,0,No Additional Atmospheric Conditions,1,Clear,0,No,0000000,Not Applicable,2,2:00am-2:59am,49,49,3,3:00am-3:59am,22,22,88,Not Applicable (Not Transported),88,Not Applicable (Not Transported),0,None,0,None,0,None,1,1
2018,55,550407,Wisconsin,1,1,0,0,0,1,1,17,CHIPPEWA (17),1470,EAU CLAIRE,5,5,9,September,2018,4,Wednesday,5,5:00am-5:59am,55,55,0,This section IS NOT on the NHS,2,Urban,6,Minor Collector,4,City or Municipal Highway Agency,6,Local Street - Municipality,HOGARTH ST,,0,None,44.86779722,44.86779722,-91.452030560,-91.452030560,0,No Special Jurisdiction,10,Railway Vehicle,0,Not a Collision with Motor Vehicle In-Transport,0,No,6,Railway Grade Crossing,1,Not an Intersection,0,None,,,1,On Roadway,4,Dawn,2,Rain,0,No Additional Atmospheric Conditions,2,Rain,0,No,187187R,187187R,5,5:00am-5:59am,59,59,6,6:00am-6:59am,7,7,88,Not Applicable (Not Transported),88,Not Applicable (Not Transported),0,None,0,None,0,None,1,0
2018,55,550408,Wisconsin,1,1,0,1,1,2,2,79,MILWAUKEE (79),3100,MILWAUKEE,4,4,9,September,2018,3,Tuesday,21,9:00pm-9:59pm,8,8,0,This section IS NOT on the NHS,2,Urban,4,Minor Arterial,4,City or Municipal Highway Agency,6,Local Street - Municipality,S 13TH ST,,0,None,42.99585833,42.99585833,-87.928616670,-87.928616670,0,No Special Jurisdiction,8,Pedestrian,0,Not a Collision with Motor Vehicle In-Transport,0,No,1,Non-Junction,1,Not an Intersection,0,None,,,1,On Roadway,3,Dark - Lighted,1,Clear,0,No Additional Atmospheric Conditions,1,Clear,0,No,0000000,Not Applicable,21,9:00pm-9:59pm,10,10,21,9:00pm-9:59pm,15,15,88,Not Applicable (Not Transported),88,Not Applicable (Not Transported),0,None,0,None,0,None,1,0
2018,55,550409,Wisconsin,2,2,0,0,0,3,3,17,CHIPPEWA (17),0,NOT APPLICABLE,7,7,9,September,2018,6,Friday,16,4:00pm-4:59pm,45,45,0,This section IS NOT on the NHS,1,Rural,5,Major Collector,2,County Highway Agency,4,County Road,CR-F,,0,None,44.95453056,44.95453056,-91.509261110,-91.509261110,0,No Special Jurisdiction,12,Motor Vehicle In-Transport,2,Front-to-Front,0,No,1,Non-Junction,1,Not an Intersection,0,None,,,1,On Roadway,1,Daylight,1,Clear,0,No Additional Atmospheric Conditions,1,Clear,0,No,0000000,Not Applicable,16,4:00pm-4:59pm,46,46,99,Unknown EMS Scene Arrival Hour,97,Officially Cancelled,99,Unknown,97,Officially Canceled,0,None,0,None,0,None,2,1
2018,55,550410,Wisconsin,2,2,0,0,0,3,3,39,FOND DU LAC (39),4765,TAYCHEEDAH,8,8,9,September,2018,7,Saturday,18,6:00pm-6:59pm,21,21,0,This section IS NOT on the NHS,1,Rural,3,Principal Arterial - Other,1,State Highway Agency,2,U.S. Highway,US-151,,99998,Not Reported,43.82394722,43.82394722,-88.376280560,-88.376280560,0,No Special Jurisdiction,12,Motor Vehicle In-Transport,6,Angle,0,No,8,Driveway Access Related,1,Not an Intersection,0,None,,,1,On Roadway,1,Daylight,10,Cloudy,0,No Additional Atmospheric Conditions,10,Cloudy,0,No,0000000,Not Applicable,18,6:00pm-6:59pm,34,34,18,6:00pm-6:59pm,34,34,99,Unknown,99,Unknown EMS Hospital Arrival Time,0,None,0,None,0,None,2,1
2018,55,550411,Wisconsin,1,1,0,0,0,1,1,25,DANE (25),0,NOT APPLICABLE,6,6,9,September,2018,5,Thursday,17,5:00pm-5:59pm,13,13,0,This section IS NOT on the NHS,1,Rural,4,Minor Arterial,1,State Highway Agency,3,State Highway,SR-19,,99998,Not Reported,43.18226111,43.18226111,-89.738483330,-89.738483330,0,No Special Jurisdiction,42,Tree (Standing Only),0,Not a Collision with Motor Vehicle In-Transport,0,No,1,Non-Junction,1,Not an Intersection,0,None,,,5,Outside Trafficway,1,Daylight,1,Clear,0,No Additional Atmospheric Conditions,1,Clear,0,No,0000000,Not Applicable,17,5:00pm-5:59pm,13,13,17,5:00pm-5:59pm,23,23,99,Unknown,99,Unknown EMS Hospital Arrival Time,0,None,0,None,0,None,1,0
2018,55,550412,Wisconsin,1,1,0,0,0,1,1,25,DANE (25),0,NOT APPLICABLE,7,7,9,September,2018,6,Friday,0,0:00am-0:59am,30,30,0,This section IS NOT on the NHS,1,Rural,7,Local,3,Town or Township Highway Agency,5,Local Street - Township,MEIER RD,,0,None,43.05628611,43.05628611,-89.266577780,-89.266577780,0,No Special Jurisdiction,32,Culvert,0,Not a Collision with Motor Vehicle In-Transport,0,No,1,Non-Junction,1,Not an Intersection,0,None,,,4,On Roadside,2,Dark - Not Lighted,1,Clear,0,No Additional Atmospheric Conditions,1,Clear,0,No,0000000,Not Applicable,3,3:00am-3:59am,15,15,99,Unknown EMS Scene Arrival Hour,99,Unknown EMS Scene Arrival Minutes,88,Not Applicable (Not Transported),88,Not Applicable (Not Transported),0,None,0,None,0,None,1,1
2018,55,550413,Wisconsin,1,1,0,0,0,1,1,81,MONROE (81),0,NOT APPLICABLE,8,8,9,September,2018,7,Saturday,22,10:00pm-10:59pm,35,35,0,This section IS NOT on the NHS,1,Rural,7,Local,2,County Highway Agency,5,Local Street - Township,ATLAS AVE,,0,None,44.15305000,44.15305000,-90.511497220,-90.511497220,0,No Special Jurisdiction,53,Mail Box,0,Not a Collision with Motor Vehicle In-Transport,0,No,1,Non-Junction,1,Not an Intersection,0,None,,,4,On Roadside,2,Dark - Not Lighted,1,Clear,0,No Additional Atmospheric Conditions,1,Clear,0,No,0000000,Not Applicable,22,10:00pm-10:59pm,43,43,23,11:00pm-11:59pm,0,0,88,Not Applicable (Not Transported),88,Not Applicable (Not Transported),0,None,0,None,0,None,1,1
2018,55,550414,Wisconsin,1,1,0,1,1,1,1,59,KENOSHA (59),2400,KENOSHA,10,10,9,September,2018,2,Monday,6,6:00am-6:59am,0,0,1,This section IS ON the NHS,2,Urban,3,Principal Arterial - Other,1,State Highway Agency,3,State Highway,SR-158,,99998,Not Reported,42.58806389,42.58806389,-87.840841670,-87.840841670,0,No Special Jurisdiction,8,Pedestrian,0,Not a Collision with Motor Vehicle In-Transport,0,No,1,Non-Junction,1,Not an Intersection,0,None,,,1,On Roadway,4,Dawn,10,Cloudy,0,No Additional Atmospheric Conditions,10,Cloudy,0,No,0000000,Not Applicable,6,6:00am-6:59am,1,1,6,6:00am-6:59am,5,5,88,Not Applicable (Not Transported),88,Not Applicable (Not Transported),0,None,0,None,0,None,1,0
2018,55,550415,Wisconsin,5,3,2,0,0,6,6,79,MILWAUKEE (79),3100,MILWAUKEE,3,3,9,September,2018,2,Monday,21,9:00pm-9:59pm,39,39,1,This section IS ON the NHS,2,Urban,3,Principal Arterial - Other,1,State Highway Agency,3,State Highway,SR-175,,99998,Not Reported,43.08065000,43.08065000,-87.996533330,-87.996533330,0,No Special Jurisdiction,12,Motor Vehicle In-Transport,2,Front-to-Front,0,No,1,Non-Junction,1,Not an Intersection,0,None,,,1,On Roadway,3,Dark - Lighted,5,"Fog, Smog, Smoke",0,No Additional Atmospheric Conditions,5,"Fog, Smog, Smoke",0,No,0000000,Not Applicable,99,Unknown,99,Unknown,99,Unknown EMS Scene Arrival Hour,99,Unknown EMS Scene Arrival Minutes,99,Unknown,99,Unknown EMS Hospital Arrival Time,14,"Motor Vehicle struck by falling cargo,or something that came loose from or something that was set in motion by a vehicle",0,None,0,None,1,1
2018,55,550416,Wisconsin,2,2,0,0,0,3,3,83,OCONTO (83),15,ABRAMS,11,11,9,September,2018,3,Tuesday,20,8:00pm-8:59pm,39,39,1,This section IS ON the NHS,1,Rural,3,Principal Arterial - Other,1,State Highway Agency,2,U.S. Highway,US-41,,99998,Not Reported,44.75306667,44.75306667,-88.050847220,-88.050847220,0,No Special Jurisdiction,12,Motor Vehicle In-Transport,2,Front-to-Front,1,Yes,18,Through Roadway,1,Not an Intersection,4,"Work Zone, Type Unknown",,,1,On Roadway,2,Dark - Not Lighted,1,Clear,0,No Additional Atmospheric Conditions,1,Clear,0,No,0000000,Not Applicable,99,Unknown,99,Unknown,99,Unknown EMS Scene Arrival Hour,99,Unknown EMS Scene Arrival Minutes,99,Unknown,99,Unknown EMS Hospital Arrival Time,0,None,0,None,0,None,1,1
2018,55,550417,Wisconsin,1,1,0,0,0,2,2,105,ROCK (105),0,NOT APPLICABLE,9,9,9,September,2018,1,Sunday,17,5:00pm-5:59pm,47,47,0,This section IS NOT on the NHS,1,Rural,7,Local,3,Town or Township Highway Agency,5,Local Street - Township,ST LAWRENCE AVE,,0,None,42.50397778,42.50397778,-89.105261110,-89.105261110,0,No Special Jurisdiction,5,Fell/Jumped from Vehicle,0,Not a Collision with Motor Vehicle In-Transport,0,No,1,Non-Junction,1,Not an Intersection,0,None,,,1,On Roadway,1,Daylight,1,Clear,0,No Additional Atmospheric Conditions,1,Clear,0,No,0000000,Not Applicable,17,5:00pm-5:59pm,47,47,17,5:00pm-5:59pm,56,56,18,6:00pm-6:59pm,30,30,0,None,0,None,0,None,1,1
2018,55,550418,Wisconsin,1,1,0,0,0,1,1,135,WAUPACA (135),0,NOT APPLICABLE,13,13,9,September,2018,5,Thursday,3,3:00am-3:59am,24,24,0,This section IS NOT on the NHS,1,Rural,5,Major Collector,2,County Highway Agency,4,County Road,CR-E,,0,None,44.39110556,44.39110556,-89.042538890,-89.042538890,0,No Special Jurisdiction,35,Embankment,0,Not a Collision with Motor Vehicle In-Transport,0,No,1,Non-Junction,1,Not an Intersection,0,None,,,4,On Roadside,2,Dark - Not Lighted,1,Clear,0,No Additional Atmospheric Conditions,1,Clear,0,No,0000000,Not Applicable,3,3:00am-3:59am,27,27,3,3:00am-3:59am,37,37,88,Not Applicable (Not Transported),88,Not Applicable (Not Transported),0,None,0,None,0,None,1,1
2018,55,550419,Wisconsin,2,1,1,1,1,1,1,73,MARATHON (73),0,NOT APPLICABLE,4,4,9,September,2018,3,Tuesday,19,7:00pm-7:59pm,9,9,1,This section IS ON the NHS,1,Rural,1,Interstate,1,State Highway Agency,1,Interstate,I-39,,99998,Not Reported,44.88418889,44.88418889,-89.640955560,-89.640955560,0,No Special Jurisdiction,14,Parked Motor Vehicle,0,Not a Collision with Motor Vehicle In-Transport,0,No,1,Non-Junction,1,Not an Intersection,0,None,,,2,On Shoulder,1,Daylight,10,Cloudy,0,No Additional Atmospheric Conditions,10,Cloudy,0,No,0000000,Not Applicable,19,7:00pm-7:59pm,11,11,19,7:00pm-7:59pm,15,15,88,Not Applicable (Not Transported),88,Not Applicable (Not Transported),23,Indication of a Stalled/Disabled Vehicle,0,None,0,None,1,1
2018,55,550420,Wisconsin,2,2,0,0,0,2,2,33,DUNN (33),0,NOT APPLICABLE,8,8,9,September,2018,7,Saturday,13,1:00pm-1:59pm,29,29,0,This section IS NOT on the NHS,1,Rural,4,Minor Arterial,1,State Highway Agency,3,State Highway,SR-64,,99998,Not Reported,45.13435556,45.13435556,-92.120947220,-92.120947220,0,No Special Jurisdiction,12,Motor Vehicle In-Transport,1,Front-to-Rear,0,No,1,Non-Junction,1,Not an Intersection,0,None,,,1,On Roadway,1,Daylight,1,Clear,0,No Additional Atmospheric Conditions,1,Clear,0,No,0000000,Not Applicable,13,1:00pm-1:59pm,30,30,13,1:00pm-1:59pm,43,43,14,2:00pm-2:59pm,0,0,0,None,0,None,0,None,1,0
2018,55,550421,Wisconsin,4,4,0,0,0,4,4,63,LA CROSSE (63),0,NOT APPLICABLE,8,8,9,September,2018,7,Saturday,14,2:00pm-2:59pm,56,56,1,This section IS ON the NHS,1,Rural,3,Principal Arterial - Other,1,State Highway Agency,2,U.S. Highway,US-53,SYLVESTER RD,99998,Not Reported,44.03505278,44.03505278,-91.290666670,-91.290666670,0,No Special Jurisdiction,12,Motor Vehicle In-Transport,6,Angle,0,No,2,Intersection,3,T-Intersection,0,None,,,1,On Roadway,1,Daylight,1,Clear,0,No Additional Atmospheric Conditions,1,Clear,0,No,0000000,Not Applicable,14,2:00pm-2:59pm,56,56,15,3:00pm-3:59pm,99,Unknown EMS Scene Arrival Minutes,88,Not Applicable (Not Transported),88,Not Applicable (Not Transported),0,None,0,None,0,None,2,0
2018,55,550422,Wisconsin,2,2,0,0,0,3,3,141,WOOD (141),5400,WISCONSIN RAPIDS,13,13,9,September,2018,5,Thursday,13,1:00pm-1:59pm,13,13,1,This section IS ON the NHS,2,Urban,3,Principal Arterial - Other,1,State Highway Agency,3,State Highway,SR-13 34 4TH AVE N,HIGH ST,99998,Not Reported,44.39796111,44.39796111,-89.829883330,-89.829883330,0,No Special Jurisdiction,12,Motor Vehicle In-Transport,6,Angle,0,No,3,Intersection-Related,2,Four-Way Intersection,0,None,,,1,On Roadway,1,Daylight,1,Clear,0,No Additional Atmospheric Conditions,1,Clear,0,No,0000000,Not Applicable,13,1:00pm-1:59pm,17,17,13,1:00pm-1:59pm,19,19,99,Unknown,99,Unknown EMS Hospital Arrival Time,0,None,0,None,0,None,1,0
2018,55,550423,Wisconsin,2,2,0,0,0,2,2,39,FOND DU LAC (39),0,NOT APPLICABLE,14,14,9,September,2018,6,Friday,7,7:00am-7:59am,23,23,0,This section IS NOT on the NHS,1,Rural,6,Minor Collector,3,Town or Township Highway Agency,5,Local Street - Township,ESTERBROOK RD,BROWN RD,0,None,43.74835278,43.74835278,-88.502450000,-88.502450000,0,No Special Jurisdiction,12,Motor Vehicle In-Transport,6,Angle,0,No,2,Intersection,2,Four-Way Intersection,0,None,,,1,On Roadway,1,Daylight,1,Clear,0,No Additional Atmospheric Conditions,1,Clear,0,No,0000000,Not Applicable,7,7:00am-7:59am,27,27,7,7:00am-7:59am,31,31,88,Not Applicable (Not Transported),88,Not Applicable (Not Transported),0,None,0,None,0,None,1,0
2018,55,550424,Wisconsin,3,3,0,0,0,3,3,73,MARATHON (73),0,NOT APPLICABLE,14,14,9,September,2018,6,Friday,13,1:00pm-1:59pm,45,45,1,This section IS ON the NHS,1,Rural,3,Principal Arterial - Other,1,State Highway Agency,3,State Highway,SR-13,,99998,Not Reported,44.83090278,44.83090278,-90.309958330,-90.309958330,0,No Special Jurisdiction,12,Motor Vehicle In-Transport,6,Angle,0,No,8,Driveway Access Related,1,Not an Intersection,0,None,,,1,On Roadway,1,Daylight,10,Cloudy,0,No Additional Atmospheric Conditions,10,Cloudy,0,No,0000000,Not Applicable,13,1:00pm-1:59pm,47,47,14,2:00pm-2:59pm,0,0,88,Not Applicable (Not Transported),88,Not Applicable (Not Transported),0,None,0,None,0,None,1,0
2018,55,550425,Wisconsin,1,1,0,0,0,1,1,11,BUFFALO (11),0,NOT APPLICABLE,5,5,9,September,2018,4,Wednesday,12,12:00pm-12:59pm,59,59,0,This section IS NOT on the NHS,1,Rural,7,Local,3,Town or Township Highway Agency,5,Local Street - Township,WHITWORTH RD,,0,None,44.58925278,44.58925278,-91.629944440,-91.629944440,0,No Special Jurisdiction,38,Fence,0,Not a Collision with Motor Vehicle In-Transport,0,No,1,Non-Junction,1,Not an Intersection,0,None,,,4,On Roadside,9,Reported as Unknown,99,Reported as Unknown,0,No Additional Atmospheric Conditions,99,Reported as Unknown,0,No,0000000,Not Applicable,88,Not Applicable (Not Notified),88,Not Applicable (Not Notified),88,Not Applicable,88,Not Applicable,88,Not Applicable (Not Transported),88,Not Applicable (Not Transported),0,None,0,None,0,None,1,0
2018,55,550426,Wisconsin,3,2,1,0,0,2,2,117,SHEBOYGAN (117),4330,SHEBOYGAN,18,18,9,September,2018,3,Tuesday,15,3:00pm-3:59pm,2,2,1,This section IS ON the NHS,2,Urban,3,Principal Arterial - Other,1,State Highway Agency,3,State Highway,SR-28,PENNSYLVANIA AVE,99998,Not Reported,43.74983611,43.74983611,-87.722911110,-87.722911110,0,No Special Jurisdiction,12,Motor Vehicle In-Transport,6,Angle,0,No,2,Intersection,2,Four-Way Intersection,0,None,,,1,On Roadway,1,Daylight,1,Clear,0,No Additional Atmospheric Conditions,1,Clear,0,No,0000000,Not Applicable,15,3:00pm-3:59pm,7,7,15,3:00pm-3:59pm,9,9,15,3:00pm-3:59pm,26,26,0,None,0,None,0,None,2,0
2018,55,550427,Wisconsin,1,1,0,0,0,1,1,125,VILAS (125),0,NOT APPLICABLE,7,7,9,September,2018,6,Friday,14,2:00pm-2:59pm,10,10,0,This section IS NOT on the NHS,1,Rural,5,Major Collector,2,County Highway Agency,4,County Road,CR-M,,0,None,46.17142500,46.17142500,-89.601900000,-89.601900000,0,No Special Jurisdiction,1,Rollover/Overturn,0,Not a Collision with Motor Vehicle In-Transport,0,No,1,Non-Junction,1,Not an Intersection,4,"Work Zone, Type Unknown",,,4,On Roadside,1,Daylight,1,Clear,0,No Additional Atmospheric Conditions,1,Clear,0,No,0000000,Not Applicable,99,Unknown,99,Unknown,99,Unknown EMS Scene Arrival Hour,99,Unknown EMS Scene Arrival Minutes,99,Unknown,99,Unknown EMS Hospital Arrival Time,0,None,0,None,0,None,1,1
2018,55,550428,Wisconsin,2,2,0,0,0,2,2,75,MARINETTE (75),0,NOT APPLICABLE,13,13,9,September,2018,5,Thursday,12,12:00pm-12:59pm,8,8,0,This section IS NOT on the NHS,1,Rural,5,Major Collector,2,County Highway Agency,4,County Road,CR-B,,0,None,45.06521944,45.06521944,-88.014311110,-88.014311110,0,No Special Jurisdiction,12,Motor Vehicle In-Transport,1,Front-to-Rear,0,No,1,Non-Junction,1,Not an Intersection,0,None,,,1,On Roadway,1,Daylight,1,Clear,0,No Additional Atmospheric Conditions,1,Clear,0,No,0000000,Not Applicable,12,12:00pm-12:59pm,8,8,12,12:00pm-12:59pm,15,15,12,12:00pm-12:59pm,52,52,0,None,0,None,0,None,1,0
2018,55,550429,Wisconsin,1,1,0,0,0,1,1,133,WAUKESHA (133),5060,WAUKESHA,10,10,9,September,2018,2,Monday,14,2:00pm-2:59pm,57,57,0,This section IS NOT on the NHS,2,Urban,7,Local,4,City or Municipal Highway Agency,6,Local Street - Municipality,MANHATTAN DR,,0,None,43.02917500,43.02917500,-88.207436110,-88.207436110,0,No Special Jurisdiction,42,Tree (Standing Only),0,Not a Collision with Motor Vehicle In-Transport,0,No,1,Non-Junction,1,Not an Intersection,0,None,,,4,On Roadside,1,Daylight,1,Clear,0,No Additional Atmospheric Conditions,1,Clear,0,No,0000000,Not Applicable,14,2:00pm-2:59pm,58,58,15,3:00pm-3:59pm,3,3,15,3:00pm-3:59pm,35,35,0,None,0,None,0,None,1,0
2018,55,550430,Wisconsin,2,2,0,0,0,4,4,95,POLK (95),0,NOT APPLICABLE,20,20,9,September,2018,5,Thursday,18,6:00pm-6:59pm,56,56,0,This section IS NOT on the NHS,1,Rural,5,Major Collector,2,County Highway Agency,4,County Road,CR-I,SR-65,0,None,45.45283333,45.45283333,-92.488797220,-92.488797220,0,No Special Jurisdiction,12,Motor Vehicle In-Transport,2,Front-to-Front,0,No,3,Intersection-Related,3,T-Intersection,0,None,,,1,On Roadway,2,Dark - Not Lighted,2,Rain,0,No Additional Atmospheric Conditions,2,Rain,0,No,0000000,Not Applicable,18,6:00pm-6:59pm,56,56,19,7:00pm-7:59pm,15,15,20,8:00pm-8:59pm,0,0,0,None,0,None,0,None,1,0
2018,55,550431,Wisconsin,1,1,0,0,0,2,2,97,PORTAGE (97),0,NOT APPLICABLE,30,30,9,September,2018,1,Sunday,12,12:00pm-12:59pm,10,10,1,This section IS ON the NHS,1,Rural,3,Principal Arterial - Other,1,State Highway Agency,2,U.S. Highway,US-10 RAMP,CR-B,99998,Not Reported,44.45391944,44.45391944,-89.311336110,-89.311336110,0,No Special Jurisdiction,33,Curb,0,Not a Collision with Motor Vehicle In-Transport,1,Yes,3,Intersection-Related,4,Y-Intersection,0,None,,,4,On Roadside,1,Daylight,2,Rain,10,Cloudy,2,Rain,0,No,0000000,Not Applicable,12,12:00pm-12:59pm,17,17,12,12:00pm-12:59pm,20,20,13,1:00pm-1:59pm,3,3,0,None,0,None,0,None,1,0
2018,55,550432,Wisconsin,1,1,0,0,0,1,1,31,DOUGLAS (31),2111,HAWTHORNE,28,28,9,September,2018,6,Friday,20,8:00pm-8:59pm,24,24,0,This section IS NOT on the NHS,1,Rural,5,Major Collector,2,County Highway Agency,4,County Road,CR-P,,0,None,46.53753611,46.53753611,-91.746658330,-91.746658330,0,No Special Jurisdiction,42,Tree (Standing Only),0,Not a Collision with Motor Vehicle In-Transport,0,No,1,Non-Junction,1,Not an Intersection,0,None,,,4,On Roadside,2,Dark - Not Lighted,1,Clear,0,No Additional Atmospheric Conditions,1,Clear,0,No,0000000,Not Applicable,20,8:00pm-8:59pm,24,24,20,8:00pm-8:59pm,33,33,88,Not Applicable (Not Transported),88,Not Applicable (Not Transported),0,None,0,None,0,None,1,1
2018,55,550433,Wisconsin,1,1,0,1,1,1,1,101,RACINE (101),3970,RACINE,21,21,9,September,2018,6,Friday,14,2:00pm-2:59pm,42,42,0,This section IS NOT on the NHS,6,Trafficway Not in State Inventory,96,Trafficway Not in State Inventory,96,Trafficway Not in State Inventory,8,Other,ALLEY,,0,None,42.74786111,42.74786111,-87.794975000,-87.794975000,0,No Special Jurisdiction,8,Pedestrian,0,Not a Collision with Motor Vehicle In-Transport,0,No,1,Non-Junction,1,Not an Intersection,0,None,,,1,On Roadway,1,Daylight,1,Clear,0,No Additional Atmospheric Conditions,1,Clear,0,No,0000000,Not Applicable,14,2:00pm-2:59pm,42,42,14,2:00pm-2:59pm,45,45,14,2:00pm-2:59pm,59,59,0,None,0,None,0,None,1,0
2018,55,550434,Wisconsin,1,1,0,0,0,1,1,79,MILWAUKEE (79),5160,WEST ALLIS,4,4,11,November,2018,1,Sunday,23,11:00pm-11:59pm,50,50,0,This section IS NOT on the NHS,2,Urban,7,Local,4,City or Municipal Highway Agency,6,Local Street - Municipality,NATIONAL AVE W,,0,None,43.00966944,43.00966944,-88.017727780,-88.017727780,0,No Special Jurisdiction,33,Curb,0,Not a Collision with Motor Vehicle In-Transport,0,No,1,Non-Junction,1,Not an Intersection,0,None,,,4,On Roadside,3,Dark - Lighted,2,Rain,0,No Additional Atmospheric Conditions,2,Rain,0,No,0000000,Not Applicable,23,11:00pm-11:59pm,55,55,23,11:00pm-11:59pm,58,58,0,0:00am-0:59am,99,Unknown EMS Hospital Arrival Time,0,None,0,None,0,None,1,1