caseyear,state,st_case,statename,ve_total,ve_forms,pvh_invl,peds,pernotmvit,permvit,persons,county,countyname,city,cityname,day,dayname,month,monthname,year,day_week,day_weekname,hour,hourname,minute,minutename,nhs,nhsname,rur_urb,rur_urbname,func_sys,func_sysname,rd_owner,rd_ownername,route,routename,tway_id,tway_id2,milept,mileptname,latitude,latitudename,longitud,longitudname,sp_jur,sp_jurname,harm_ev,harm_evname,man_coll,man_collname,reljct1,reljct1name,reljct2,reljct2name,typ_int,typ_intname,wrk_zone,wrk_zonename,road_fnc,road_fncname,rel_road,rel_roadname,lgt_cond,lgt_condname,weather1,weather1name,weather2,weather2name,weather,weathername,sch_bus,sch_busname,rail,railname,not_hour,not_hourname,not_min,not_minname,arr_hour,arr_hourname,arr_min,arr_minname,hosp_hr,hosp_hrname,hosp_mn,hosp_mnname,cf1,cf1name,cf2,cf2name,cf3,cf3name,fatals,drunk_dr
2018,55,550471,Wisconsin,2,2,0,0,0,2,2,83,OCONTO (83),3205,MOUNTAIN,31,31,10,October,2018,4,Wednesday,6,6:00am-6:59am,53,53,0,This section IS NOT on the NHS,1,Rural,4,Minor Arterial,1,State Highway Agency,3,State Highway,SR-32,,99998,Not Reported,45.12927222,45.12927222,-88.425372220,-88.425372220,0,No Special Jurisdiction,12,Motor Vehicle In-Transport,6,Angle,0,No,8,Driveway Access Related,1,Not an Intersection,0,None,,,1,On Roadway,4,Dawn,1,Clear,0,No Additional Atmospheric Conditions,1,Clear,0,No,0000000,Not Applicable,99,Unknown,99,Unknown,99,Unknown EMS Scene Arrival Hour,99,Unknown EMS Scene Arrival Minutes,99,Unknown,99,Unknown EMS Hospital Arrival Time,0,None,0,None,0,None,1,0
2018,55,550472,Wisconsin,3,3,0,0,0,4,4,87,OUTAGAMIE (87),0,NOT APPLICABLE,25,25,10,October,2018,5,Thursday,13,1:00pm-1:59pm,3,3,1,This section IS ON the NHS,1,Rural,3,Principal Arterial - Other,1,State Highway Agency,3,State Highway,SR-15,MANLEY RD,99998,Not Reported,44.32854722,44.32854722,-88.597322220,-88.597322220,0,No Special Jurisdiction,12,Motor Vehicle In-Transport,6,Angle,0,No,2,Intersection,2,Four-Way Intersection,0,None,,,1,On Roadway,1,Daylight,10,Cloudy,0,No Additional Atmospheric Conditions,10,Cloudy,0,No,0000000,Not Applicable,13,1:00pm-1:59pm,5,5,13,1:00pm-1:59pm,15,15,14,2:00pm-2:59pm,0,0,0,None,0,None,0,None,1,0
2018,55,550473,Wisconsin,1,1,0,1,1,1,1,79,MILWAUKEE (79),3100,MILWAUKEE,22,22,10,October,2018,2,Monday,10,10:00am-10:59am,35,35,0,This section IS NOT on the NHS,2,Urban,4,Minor Arterial,4,City or Municipal Highway Agency,6,Local Street - Municipality,CENTER ST W,,0,None,43.06791111,43.06791111,-87.949322220,-87.949322220,0,No Special Jurisdiction,8,Pedestrian,0,Not a Collision with Motor Vehicle In-Transport,0,No,1,Non-Junction,1,Not an Intersection,0,None,,,1,On Roadway,1,Daylight,1,Clear,0,No Additional Atmospheric Conditions,1,Clear,0,No,0000000,Not Applicable,99,Unknown,99,Unknown,11,11:00am-11:59am,6,6,11,11:00am-11:59am,59,59,0,None,0,None,0,None,1,0
2018,55,550474,Wisconsin,1,1,0,0,0,1,1,39,FOND DU LAC (39),0,NOT APPLICABLE,30,30,10,October,2018,3,Tuesday,2,2:00am-2:59am,29,29,0,This section IS NOT on the NHS,1,Rural,6,Minor Collector,2,County Highway Agency,4,County Road,CR-I,SR-23,0,None,43.78458889,43.78458889,-88.533738890,-88.533738890,0,No Special Jurisdiction,42,Tree (Standing Only),0,Not a Collision with Motor Vehicle In-Transport,0,No,3,Intersection-Related,3,T-Intersection,0,None,,,5,Outside Trafficway,2,Dark - Not Lighted,1,Clear,0,No Additional Atmospheric Conditions,1,Clear,0,No,0000000,Not Applicable,2,2:00am-2:59am,31,31,2,2:00am-2:59am,41,41,88,Not Applicable (Not Transported),88,Not Applicable (Not Transported),0,None,0,None,0,None,1,1
2018,55,550475,Wisconsin,1,1,0,0,0,1,1,39,FOND DU LAC (39),0,NOT APPLICABLE,29,29,10,October,2018,2,Monday,5,5:00am-5:59am,36,36,0,This section IS NOT on the NHS,1,Rural,6,Minor Collector,2,County Highway Agency,4,County Road,CR-Q,,0,None,43.86193056,43.86193056,-88.353997220,-88.353997220,0,No Special Jurisdiction,32,Culvert,0,Not a Collision with Motor Vehicle In-Transport,0,No,1,Non-Junction,1,Not an Intersection,0,None,,,4,On Roadside,2,Dark - Not Lighted,1,Clear,0,No Additional Atmospheric Conditions,1,Clear,0,No,0000000,Not Applicable,5,5:00am-5:59am,40,40,5,5:00am-5:59am,51,51,88,Not Applicable (Not Transported),88,Not Applicable (Not Transported),0,None,0,None,0,None,1,0
2018,55,550476,Wisconsin,1,1,0,0,0,1,1,29,DOOR (29),0,NOT APPLICABLE,27,27,10,October,2018,7,Saturday,0,0:00am-0:59am,30,30,0,This section IS NOT on the NHS,1,Rural,4,Minor Arterial,1,State Highway Agency,3,State Highway,SR-57,,99998,Not Reported,45.07415000,45.07415000,-87.121513890,-87.121513890,0,No Special Jurisdiction,42,Tree (Standing Only),0,Not a Collision with Motor Vehicle In-Transport,0,No,1,Non-Junction,1,Not an Intersection,0,None,,,4,On Roadside,3,Dark - Lighted,2,Rain,10,Cloudy,2,Rain,0,No,0000000,Not Applicable,0,0:00am-0:59am,37,37,99,Unknown EMS Scene Arrival Hour,97,Officially Cancelled,99,Unknown,97,Officially Canceled,0,None,0,None,0,None,1,1
2018,55,550477,Wisconsin,1,1,0,0,0,3,3,79,MILWAUKEE (79),3100,MILWAUKEE,25,25,10,October,2018,5,Thursday,20,8:00pm-8:59pm,32,32,0,This section IS NOT on the NHS,2,Urban,7,Local,4,City or Municipal Highway Agency,6,Local Street - Municipality,MARION ST W,,0,None,43.09545000,43.09545000,-87.995536110,-87.995536110,0,No Special Jurisdiction,30,Utility Pole/Light Support,0,Not a Collision with Motor Vehicle In-Transport,0,No,1,Non-Junction,1,Not an Intersection,0,None,,,4,On Roadside,3,Dark - Lighted,10,Cloudy,0,No Additional Atmospheric Conditions,10,Cloudy,0,No,0000000,Not Applicable,20,8:00pm-8:59pm,40,40,20,8:00pm-8:59pm,45,45,99,Unknown,96,Terminated Transport,20,Police Pursuit Involved,0,None,0,None,1,0
2018,55,550478,Wisconsin,1,1,0,0,0,6,6,79,MILWAUKEE (79),3100,MILWAUKEE,6,6,10,October,2018,7,Saturday,19,7:00pm-7:59pm,50,50,0,This section IS NOT on the NHS,2,Urban,4,Minor Arterial,4,City or Municipal Highway Agency,6,Local Street - Municipality,TEUTONIA AVE N,SILVER SPRING DR W RAMP,0,None,43.11866389,43.11866389,-87.950525000,-87.950525000,0,No Special Jurisdiction,42,Tree (Standing Only),0,Not a Collision with Motor Vehicle In-Transport,0,No,1,Non-Junction,1,Not an Intersection,0,None,,,4,On Roadside,3,Dark - Lighted,10,Cloudy,0,No Additional Atmospheric Conditions,10,Cloudy,0,No,0000000,Not Applicable,19,7:00pm-7:59pm,50,50,19,7:00pm-7:59pm,51,51,99,Unknown,99,Unknown EMS Hospital Arrival Time,0,None,0,None,0,None,1,0
2018,55,550479,Wisconsin,3,1,2,0,0,3,3,79,MILWAUKEE (79),3100,MILWAUKEE,2,2,10,October,2018,3,Tuesday,23,11:00pm-11:59pm,33,33,0,This section IS NOT on the NHS,2,Urban,6,Minor Collector,4,City or Municipal Highway Agency,6,Local Street - Municipality,S 21ST ST,,0,None,43.02326667,43.02326667,-87.939466670,-87.939466670,0,No Special Jurisdiction,14,Parked Motor Vehicle,0,Not a Collision with Motor Vehicle In-Transport,0,No,1,Non-Junction,1,Not an Intersection,0,None,,,7,In Parking Lane/Zone,3,Dark - Lighted,1,Clear,0,No Additional Atmospheric Conditions,1,Clear,0,No,0000000,Not Applicable,23,11:00pm-11:59pm,33,33,23,11:00pm-11:59pm,35,35,0,0:00am-0:59am,10,10,20,Police Pursuit Involved,0,None,0,None,2,1
2018,55,550480,Wisconsin,1,1,0,1,1,1,1,59,KENOSHA (59),3795,PLEASANT PRAIRIE,19,19,12,December,2018,4,Wednesday,18,6:00pm-6:59pm,18,18,0,This section IS NOT on the NHS,1,Rural,4,Minor Arterial,2,County Highway Agency,4,County Road,CR-C,,0,None,42.55978611,42.55978611,-87.915494440,-87.915494440,0,No Special Jurisdiction,8,Pedestrian,0,Not a Collision with Motor Vehicle In-Transport,0,No,1,Non-Junction,1,Not an Intersection,0,None,,,1,On Roadway,2,Dark - Not Lighted,10,Cloudy,0,No Additional Atmospheric Conditions,10,Cloudy,0,No,0000000,Not Applicable,18,6:00pm-6:59pm,20,20,18,6:00pm-6:59pm,23,23,18,6:00pm-6:59pm,48,48,0,None,0,None,0,None,1,0
2018,55,550481,Wisconsin,1,1,0,0,0,1,1,25,DANE (25),0,NOT APPLICABLE,12,12,12,December,2018,4,Wednesday,22,10:00pm-10:59pm,35,35,1,This section IS ON the NHS,1,Rural,1,Interstate,1,State Highway Agency,1,Interstate,I-39 RAMP,,99998,Not Reported,43.17976389,43.17976389,-89.325616670,-89.325616670,0,No Special Jurisdiction,25,Concrete Traffic Barrier,0,Not a Collision with Motor Vehicle In-Transport,1,Yes,5,Entrance/Exit Ramp Related,1,Not an Intersection,0,None,,,4,On Roadside,2,Dark - Not Lighted,1,Clear,0,No Additional Atmospheric Conditions,1,Clear,0,No,0000000,Not Applicable,22,10:00pm-10:59pm,40,40,22,10:00pm-10:59pm,52,52,99,Unknown,99,Unknown EMS Hospital Arrival Time,0,None,0,None,0,None,1,1
2018,55,550482,Wisconsin,2,1,1,1,3,2,4,25,DANE (25),3140,MONONA,31,31,12,December,2018,2,Monday,19,7:00pm-7:59pm,1,1,1,This section IS ON the NHS,2,Urban,2,Principal Arterial - Other Freeways and Expressways,1,State Highway Agency,2,U.S. Highway,US-12,,99998,Not Reported,43.04398889,43.04398889,-89.336763890,-89.336763890,0,No Special Jurisdiction,8,Pedestrian,0,Not a Collision with Motor Vehicle In-Transport,0,No,1,Non-Junction,1,Not an Intersection,0,None,,,2,On Shoulder,5,Dusk,4,Snow,0,No Additional Atmospheric Conditions,4,Snow,0,No,0000000,Not Applicable,99,Unknown,99,Unknown,99,Unknown EMS Scene Arrival Hour,99,Unknown EMS Scene Arrival Minutes,99,Unknown,99,Unknown EMS Hospital Arrival Time,19,Recent/Previous Crash scene Nearby,0,None,0,None,1,1
2018,55,550483,Wisconsin,2,2,0,0,0,2,2,101,RACINE (101),0,NOT APPLICABLE,16,16,10,October,2018,3,Tuesday,13,1:00pm-1:59pm,21,21,1,This section IS ON the NHS,2,Urban,3,Principal Arterial - Other,1,State Highway Agency,3,State Highway,SR-20,,99998,Not Reported,42.74190833,42.74190833,-88.179752780,-88.179752780,0,No Special Jurisdiction,12,Motor Vehicle In-Transport,2,Front-to-Front,0,No,1,Non-Junction,1,Not an Intersection,4,"Work Zone, Type Unknown",,,1,On Roadway,1,Daylight,1,Clear,0,No Additional Atmospheric Conditions,1,Clear,0,No,0000000,Not Applicable,13,1:00pm-1:59pm,22,22,13,1:00pm-1:59pm,34,34,88,Not Applicable (Not Transported),88,Not Applicable (Not Transported),3,Other Maintenance or Construction-Created Condition,0,None,0,None,1,0
2018,55,550484,Wisconsin,1,1,0,1,1,1,1,59,KENOSHA (59),3795,PLEASANT PRAIRIE,28,28,12,December,2018,6,Friday,18,6:00pm-6:59pm,13,13,1,This section IS ON the NHS,2,Urban,3,Principal Arterial - Other,1,State Highway Agency,3,State Highway,SR-50,,99998,Not Reported,42.56663889,42.56663889,-87.911627780,-87.911627780,0,No Special Jurisdiction,8,Pedestrian,0,Not a Collision with Motor Vehicle In-Transport,0,No,1,Non-Junction,1,Not an Intersection,0,None,,,1,On Roadway,2,Dark - Not Lighted,4,Snow,12,Freezing Rain or Drizzle,4,Snow,0,No,0000000,Not Applicable,18,6:00pm-6:59pm,13,13,18,6:00pm-6:59pm,17,17,18,6:00pm-6:59pm,37,37,0,None,0,None,0,None,1,0
2018,55,550485,Wisconsin,1,1,0,0,0,4,4,133,WAUKESHA (133),2990,MENOMONEE FALLS,31,31,12,December,2018,2,Monday,16,4:00pm-4:59pm,50,50,0,This section IS NOT on the NHS,2,Urban,4,Minor Arterial,4,City or Municipal Highway Agency,6,Local Street - Municipality,MILL RD,,0,None,43.13364722,43.13364722,-88.150236110,-88.150236110,0,No Special Jurisdiction,52,Guardrail End,0,Not a Collision with Motor Vehicle In-Transport,0,No,1,Non-Junction,1,Not an Intersection,0,None,,,4,On Roadside,2,Dark - Not Lighted,4,Snow,0,No Additional Atmospheric Conditions,4,Snow,0,No,0000000,Not Applicable,16,4:00pm-4:59pm,50,50,17,5:00pm-5:59pm,10,10,17,5:00pm-5:59pm,49,49,0,None,0,None,0,None,1,0
2018,55,550486,Wisconsin,2,2,0,0,0,5,5,87,OUTAGAMIE (87),0,NOT APPLICABLE,31,31,12,December,2018,2,Monday,13,1:00pm-1:59pm,23,23,1,This section IS ON the NHS,1,Rural,3,Principal Arterial - Other,1,State Highway Agency,2,U.S. Highway,US-45,,99998,Not Reported,44.37764167,44.37764167,-88.719836110,-88.719836110,0,No Special Jurisdiction,12,Motor Vehicle In-Transport,6,Angle,0,No,1,Non-Junction,1,Not an Intersection,0,None,,,1,On Roadway,1,Daylight,4,Snow,0,No Additional Atmospheric Conditions,4,Snow,0,No,0000000,Not Applicable,13,1:00pm-1:59pm,30,30,99,Unknown EMS Scene Arrival Hour,99,Unknown EMS Scene Arrival Minutes,99,Unknown,99,Unknown EMS Hospital Arrival Time,0,None,0,None,0,None,1,0
2018,55,550487,Wisconsin,1,1,0,1,1,1,1,79,MILWAUKEE (79),3100,MILWAUKEE,8,8,12,December,2018,7,Saturday,15,3:00pm-3:59pm,22,22,0,This section IS NOT on the NHS,2,Urban,3,Principal Arterial - Other,4,City or Municipal Highway Agency,6,Local Street - Municipality,WATER ST N,MASON ST E,0,None,43.03981111,43.03981111,-87.909230560,-87.909230560,0,No Special Jurisdiction,8,Pedestrian,0,Not a Collision with Motor Vehicle In-Transport,0,No,3,Intersection-Related,2,Four-Way Intersection,0,None,,,1,On Roadway,1,Daylight,1,Clear,0,No Additional Atmospheric Conditions,1,Clear,0,No,0000000,Not Applicable,99,Unknown,99,Unknown,99,Unknown EMS Scene Arrival Hour,99,Unknown EMS Scene Arrival Minutes,99,Unknown,99,Unknown EMS Hospital Arrival Time,0,None,0,None,0,None,1,0
2018,55,550488,Wisconsin,1,1,0,0,0,1,1,63,LA CROSSE (63),0,NOT APPLICABLE,13,13,11,November,2018,3,Tuesday,22,10:00pm-10:59pm,23,23,0,This section IS NOT on the NHS,1,Rural,5,Major Collector,2,County Highway Agency,4,County Road,CR-M,,0,None,43.93410556,43.93410556,-91.118672220,-91.118672220,0,No Special Jurisdiction,34,Ditch,0,Not a Collision with Motor Vehicle In-Transport,0,No,1,Non-Junction,1,Not an Intersection,0,None,,,4,On Roadside,2,Dark - Not Lighted,10,Cloudy,0,No Additional Atmospheric Conditions,10,Cloudy,0,No,0000000,Not Applicable,22,10:00pm-10:59pm,24,24,22,10:00pm-10:59pm,39,39,99,Unknown,99,Unknown EMS Hospital Arrival Time,0,None,0,None,0,None,1,1
2018,55,550489,Wisconsin,2,2,0,0,0,2,2,71,MANITOWOC (71),0,NOT APPLICABLE,16,16,12,December,2018,1,Sunday,17,5:00pm-5:59pm,42,42,0,This section IS NOT on the NHS,1,Rural,4,Minor Arterial,1,State Highway Agency,3,State Highway,SR-147,CRYSTAL SPRING RD,99998,Not Reported,44.18623889,44.18623889,-87.606377780,-87.606377780,0,No Special Jurisdiction,12,Motor Vehicle In-Transport,6,Angle,0,No,2,Intersection,3,T-Intersection,0,None,,,1,On Roadway,2,Dark - Not Lighted,10,Cloudy,0,No Additional Atmospheric Conditions,10,Cloudy,0,No,0000000,Not Applicable,17,5:00pm-5:59pm,43,43,17,5:00pm-5:59pm,49,49,99,Unknown,99,Unknown EMS Hospital Arrival Time,20,Police Pursuit Involved,0,None,0,None,1,1
2018,55,550490,Wisconsin,2,2,0,0,0,3,3,33,DUNN (33),3000,MENOMONIE,3,3,10,October,2018,4,Wednesday,9,9:00am-9:59am,0,0,0,This section IS NOT on the NHS,2,Urban,4,Minor Arterial,2,County Highway Agency,4,County Road,CR-B,BADGER DR,0,None,44.90793611,44.90793611,-91.854758330,-91.854758330,0,No Special Jurisdiction,12,Motor Vehicle In-Transport,6,Angle,0,No,2,Intersection,2,Four-Way Intersection,0,None,,,1,On Roadway,1,Daylight,10,Cloudy,0,No Additional Atmospheric Conditions,10,Cloudy,0,No,0000000,Not Applicable,99,Unknown,99,Unknown,99,Unknown EMS Scene Arrival Hour,99,Unknown EMS Scene Arrival Minutes,99,Unknown,99,Unknown EMS Hospital Arrival Time,0,None,0,None,0,None,1,0
2018,55,550491,Wisconsin,1,1,0,0,0,1,1,87,OUTAGAMIE (87),170,APPLETON,16,16,10,October,2018,3,Tuesday,15,3:00pm-3:59pm,46,46,0,This section IS NOT on the NHS,2,Urban,7,Local,4,City or Municipal Highway Agency,6,Local Street - Municipality,RANDALL AVE E,,0,None,44.27330833,44.27330833,-88.390941670,-88.390941670,0,No Special Jurisdiction,44,"Pavement Surface Irregularity (Ruts, Potholes, Grates, etc.)",0,Not a Collision with Motor Vehicle In-Transport,0,No,1,Non-Junction,1,Not an Intersection,0,None,,,1,On Roadway,1,Daylight,1,Clear,0,No Additional Atmospheric Conditions,1,Clear,0,No,0000000,Not Applicable,15,3:00pm-3:59pm,48,48,15,3:00pm-3:59pm,54,54,16,4:00pm-4:59pm,20,20,0,None,0,None,0,None,1,0
2018,55,550492,Wisconsin,2,2,0,0,0,2,2,79,MILWAUKEE (79),3100,MILWAUKEE,26,26,10,October,2018,6,Friday,2,2:00am-2:59am,18,18,1,This section IS ON the NHS,2,Urban,3,Principal Arterial - Other,1,State Highway Agency,3,State Highway,SR-145,W CONCORDIA AVE,99998,Not Reported,43.07911667,43.07911667,-87.962533330,-87.962533330,0,No Special Jurisdiction,12,Motor Vehicle In-Transport,6,Angle,0,No,2,Intersection,2,Four-Way Intersection,0,None,,,1,On Roadway,3,Dark - Lighted,10,Cloudy,0,No Additional Atmospheric Conditions,10,Cloudy,0,No,0000000,Not Applicable,99,Unknown,99,Unknown,99,Unknown EMS Scene Arrival Hour,99,Unknown EMS Scene Arrival Minutes,88,Not Applicable (Not Transported),88,Not Applicable (Not Transported),0,None,0,None,0,None,2,2
2018,55,550493,Wisconsin,1,1,0,0,0,1,1,41,FOREST (41),0,NOT APPLICABLE,3,3,11,November,2018,7,Saturday,16,4:00pm-4:59pm,0,0,1,This section IS ON the NHS,1,Rural,3,Principal Arterial - Other,1,State Highway Agency,2,U.S. Highway,US-8,,99998,Not Reported,45.57218889,45.57218889,-89.023838890,-89.023838890,0,No Special Jurisdiction,1,Rollover/Overturn,0,Not a Collision with Motor Vehicle In-Transport,0,No,1,Non-Junction,1,Not an Intersection,0,None,,,4,On Roadside,1,Daylight,1,Clear,0,No Additional Atmospheric Conditions,1,Clear,0,No,0000000,Not Applicable,99,Unknown,99,Unknown,99,Unknown EMS Scene Arrival Hour,99,Unknown EMS Scene Arrival Minutes,99,Unknown,99,Unknown EMS Hospital Arrival Time,0,None,0,None,0,None,1,0
2018,55,550494,Wisconsin,2,2,0,0,0,2,2,107,RUSK (107),0,NOT APPLICABLE,3,3,11,November,2018,7,Saturday,18,6:00pm-6:59pm,24,24,1,This section IS ON the NHS,1,Rural,3,Principal Arterial - Other,1,State Highway Agency,2,U.S. Highway,US-8,,99998,Not Reported,45.44820833,45.44820833,-91.314072220,-91.314072220,0,No Special Jurisdiction,12,Motor Vehicle In-Transport,8,Sideswipe - Opposite Direction,0,No,1,Non-Junction,1,Not an Intersection,0,None,,,1,On Roadway,5,Dusk,10,Cloudy,0,No Additional Atmospheric Conditions,10,Cloudy,0,No,0000000,Not Applicable,18,6:00pm-6:59pm,27,27,18,6:00pm-6:59pm,38,38,18,6:00pm-6:59pm,58,58,0,None,0,None,0,None,1,2
2018,55,550495,Wisconsin,1,1,0,1,1,1,1,105,ROCK (105),440,BELOIT,4,4,11,November,2018,1,Sunday,16,4:00pm-4:59pm,53,53,1,This section IS ON the NHS,2,Urban,3,Principal Arterial - Other,1,State Highway Agency,3,State Highway,SR-81,OAK ST,99998,Not Reported,42.51095000,42.51095000,-89.044377780,-89.044377780,0,No Special Jurisdiction,8,Pedestrian,0,Not a Collision with Motor Vehicle In-Transport,1,Yes,3,Intersection-Related,2,Four-Way Intersection,0,None,,,1,On Roadway,3,Dark - Lighted,2,Rain,10,Cloudy,2,Rain,0,No,0000000,Not Applicable,16,4:00pm-4:59pm,99,Unknown,16,4:00pm-4:59pm,56,56,17,5:00pm-5:59pm,21,21,0,None,0,None,0,None,1,0
2018,55,550496,Wisconsin,2,2,0,0,0,2,2,101,RACINE (101),3224,MOUNT PLEASANT,10,10,11,November,2018,7,Saturday,6,6:00am-6:59am,57,57,1,This section IS ON the NHS,2,Urban,3,Principal Arterial - Other,1,State Highway Agency,3,State Highway,SR-20,CR-V,99998,Not Reported,42.72104722,42.72104722,-87.934444440,-87.934444440,0,No Special Jurisdiction,12,Motor Vehicle In-Transport,6,Angle,0,No,2,Intersection,2,Four-Way Intersection,0,None,,,1,On Roadway,1,Daylight,1,Clear,0,No Additional Atmospheric Conditions,1,Clear,0,No,0000000,Not Applicable,7,7:00am-7:59am,0,0,7,7:00am-7:59am,5,5,7,7:00am-7:59am,41,41,0,None,0,None,0,None,1,0
2018,55,550497,Wisconsin,2,2,0,0,0,2,2,19,CLARK (19),0,NOT APPLICABLE,9,9,11,November,2018,6,Friday,16,4:00pm-4:59pm,42,42,0,This section IS NOT on the NHS,1,Rural,4,Minor Arterial,1,State Highway Agency,3,State Highway,SR-95,CR-J FISCHER AVE,99998,Not Reported,44.46590833,44.46590833,-90.720713890,-90.720713890,0,No Special Jurisdiction,12,Motor Vehicle In-Transport,6,Angle,0,No,2,Intersection,2,Four-Way Intersection,0,None,,,1,On Roadway,5,Dusk,10,Cloudy,0,No Additional Atmospheric Conditions,10,Cloudy,0,No,0000000,Not Applicable,17,5:00pm-5:59pm,3,3,99,Unknown EMS Scene Arrival Hour,99,Unknown EMS Scene Arrival Minutes,88,Not Applicable (Not Transported),88,Not Applicable (Not Transported),0,None,0,None,0,None,1,1
2018,55,550498,Wisconsin,1,1,0,0,0,1,1,77,MARQUETTE (77),0,NOT APPLICABLE,12,12,11,November,2018,2,Monday,21,9:00pm-9:59pm,9,9,0,This section IS NOT on the NHS,1,Rural,5,Major Collector,2,County Highway Agency,4,County Road,CR-D,,0,None,43.75634167,43.75634167,-89.476175000,-89.476175000,0,No Special Jurisdiction,35,Embankment,0,Not a Collision with Motor Vehicle In-Transport,0,No,1,Non-Junction,1,Not an Intersection,0,None,,,4,On Roadside,2,Dark - Not Lighted,10,Cloudy,0,No Additional Atmospheric Conditions,10,Cloudy,0,No,0000000,Not Applicable,21,9:00pm-9:59pm,14,14,21,9:00pm-9:59pm,29,29,88,Not Applicable (Not Transported),88,Not Applicable (Not Transported),0,None,0,None,0,None,1,0
2018,55,550499,Wisconsin,1,1,0,1,1,1,1,105,ROCK (105),0,NOT APPLICABLE,7,7,11,November,2018,4,Wednesday,3,3:00am-3:59am,46,46,1,This section IS ON the NHS,1,Rural,1,Interstate,1,State Highway Agency,1,Interstate,I-39,,99998,Not Reported,42.81397778,42.81397778,-89.020663890,-89.020663890,0,No Special Jurisdiction,8,Pedestrian,0,Not a Collision with Motor Vehicle In-Transport,0,No,1,Non-Junction,1,Not an Intersection,0,None,,,98,Not Reported,2,Dark - Not Lighted,10,Cloudy,0,No Additional Atmospheric Conditions,10,Cloudy,0,No,0000000,Not Applicable,3,3:00am-3:59am,48,48,4,4:00am-4:59am,1,1,88,Not Applicable (Not Transported),88,Not Applicable (Not Transported),23,Indication of a Stalled/Disabled Vehicle,0,None,0,None,1,0
2018,55,550500,Wisconsin,2,2,0,0,0,2,2,85,ONEIDA (85),0,NOT APPLICABLE,9,9,11,November,2018,6,Friday,22,10:00pm-10:59pm,16,16,1,This section IS ON the NHS,1,Rural,3,Principal Arterial - Other,1,State Highway Agency,2,U.S. Highway,US-8,,99998,Not Reported,45.56771667,45.56771667,-89.623491670,-89.623491670,0,No Special Jurisdiction,12,Motor Vehicle In-Transport,6,Angle,0,No,1,Non-Junction,1,Not an Intersection,0,None,,,1,On Roadway,2,Dark - Not Lighted,4,Snow,11,Blowing Snow,4,Snow,0,No,0000000,Not Applicable,22,10:00pm-10:59pm,19,19,22,10:00pm-10:59pm,42,42,99,Unknown,99,Unknown EMS Hospital Arrival Time,0,None,0,None,0,None,1,0
2018,55,550501,Wisconsin,1,1,0,0,0,1,1,131,WASHINGTON (131),0,NOT APPLICABLE,2,2,11,November,2018,6,Friday,20,8:00pm-8:59pm,10,10,0,This section IS NOT on the NHS,1,Rural,6,Minor Collector,2,County Highway Agency,4,County Road,CR-H,,0,None,43.49820000,43.49820000,-88.052827780,-88.052827780,0,No Special Jurisdiction,11,Live Animal,0,Not a Collision with Motor Vehicle In-Transport,0,No,1,Non-Junction,1,Not an Intersection,0,None,,,1,On Roadway,2,Dark - Not Lighted,10,Cloudy,0,No Additional Atmospheric Conditions,10,Cloudy,0,No,0000000,Not Applicable,20,8:00pm-8:59pm,12,12,20,8:00pm-8:59pm,21,21,99,Unknown,99,Unknown EMS Hospital Arrival Time,0,None,0,None,0,None,1,0
2018,55,550502,Wisconsin,1,1,0,0,0,1,1,21,COLUMBIA (21),0,NOT APPLICABLE,16,16,11,November,2018,6,Friday,13,1:00pm-1:59pm,4,4,0,This section IS NOT on the NHS,1,Rural,4,Minor Arterial,1,State Highway Agency,3,State Highway,SR-60 PORTAGE ST,,99998,Not Reported,43.32272500,43.32272500,-89.500625000,-89.500625000,0,No Special Jurisdiction,1,Rollover/Overturn,0,Not a Collision with Motor Vehicle In-Transport,0,No,1,Non-Junction,1,Not an Intersection,0,None,,,4,On Roadside,1,Daylight,10,Cloudy,0,No Additional Atmospheric Conditions,10,Cloudy,0,No,0000000,Not Applicable,13,1:00pm-1:59pm,7,7,13,1:00pm-1:59pm,20,20,88,Not Applicable (Not Transported),88,Not Applicable (Not Transported),0,None,0,None,0,None,1,0
2018,55,550503,Wisconsin,1,1,0,1,1,1,1,105,ROCK (105),0,NOT APPLICABLE,17,17,11,November,2018,7,Saturday,0,0:00am-0:59am,11,11,0,This section IS NOT on the NHS,1,Rural,4,Minor Arterial,2,County Highway Agency,4,County Road,CR-M,,0,None,42.78606111,42.78606111,-89.274472220,-89.274472220,0,No Special Jurisdiction,8,Pedestrian,0,Not a Collision with Motor Vehicle In-Transport,0,No,1,Non-Junction,1,Not an Intersection,0,None,,,1,On Roadway,2,Dark - Not Lighted,4,Snow,0,No Additional Atmospheric Conditions,4,Snow,0,No,0000000,Not Applicable,0,0:00am-0:59am,12,12,0,0:00am-0:59am,23,23,88,Not Applicable (Not Transported),88,Not Applicable (Not Transported),0,None,0,None,0,None,1,0
2018,55,550504,Wisconsin,1,1,0,0,0,1,1,83,OCONTO (83),0,NOT APPLICABLE,19,19,11,November,2018,2,Monday,9,9:00am-9:59am,34,34,1,This section IS ON the NHS,1,Rural,3,Principal Arterial - Other,1,State Highway Agency,2,U.S. Highway,US-141,,99998,Not Reported,44.88623056,44.88623056,-88.043725000,-88.043725000,0,No Special Jurisdiction,1,Rollover/Overturn,0,Not a Collision with Motor Vehicle In-Transport,1,Yes,19,Other location within Interchange Area,1,Not an Intersection,0,None,,,8,Gore,1,Daylight,4,Snow,0,No Additional Atmospheric Conditions,4,Snow,0,No,0000000,Not Applicable,99,Unknown,99,Unknown,99,Unknown EMS Scene Arrival Hour,99,Unknown EMS Scene Arrival Minutes,99,Unknown,99,Unknown EMS Hospital Arrival Time,0,None,0,None,0,None,1,0