caseyear,state,st_case,statename,ve_total,ve_forms,pvh_invl,peds,pernotmvit,permvit,persons,county,countyname,city,cityname,day,dayname,month,monthname,year,day_week,day_weekname,hour,hourname,minute,minutename,nhs,nhsname,rur_urb,rur_urbname,func_sys,func_sysname,rd_owner,rd_ownername,route,routename,tway_id,tway_id2,milept,mileptname,latitude,latitudename,longitud,longitudname,sp_jur,sp_jurname,harm_ev,harm_evname,man_coll,man_collname,reljct1,reljct1name,reljct2,reljct2name,typ_int,typ_intname,wrk_zone,wrk_zonename,road_fnc,road_fncname,rel_road,rel_roadname,lgt_cond,lgt_condname,weather1,weather1name,weather2,weather2name,weather,weathername,sch_bus,sch_busname,rail,railname,not_hour,not_hourname,not_min,not_minname,arr_hour,arr_hourname,arr_min,arr_minname,hosp_hr,hosp_hrname,hosp_mn,hosp_mnname,cf1,cf1name,cf2,cf2name,cf3,cf3name,fatals,drunk_dr
2018,55,550505,Wisconsin,2,2,0,0,0,7,7,93,PIERCE (93),0,NOT APPLICABLE,23,23,11,November,2018,6,Friday,12,12:00pm-12:59pm,13,13,0,This section IS NOT on the NHS,1,Rural,4,Minor Arterial,1,State Highway Agency,3,State Highway,SR-35,747TH ST,99998,Not Reported,44.59411667,44.59411667,-92.504991670,-92.504991670,0,No Special Jurisdiction,12,Motor Vehicle In-Transport,8,Sideswipe - Opposite Direction,0,No,3,Intersection-Related,3,T-Intersection,0,None,,,1,On Roadway,1,Daylight,10,Cloudy,0,No Additional Atmospheric Conditions,10,Cloudy,0,No,0000000,Not Applicable,12,12:00pm-12:59pm,14,14,12,12:00pm-12:59pm,20,20,13,1:00pm-1:59pm,2,2,0,None,0,None,0,None,1,0
2018,55,550506,Wisconsin,1,1,0,0,0,1,1,35,EAU CLAIRE (35),0,NOT APPLICABLE,24,24,11,November,2018,7,Saturday,5,5:00am-5:59am,17,17,0,This section IS NOT on the NHS,1,Rural,7,Local,2,County Highway Agency,4,County Road,CR-G,,0,None,44.83957500,44.83957500,-90.983455560,-90.983455560,0,No Special Jurisdiction,34,Ditch,0,Not a Collision with Motor Vehicle In-Transport,0,No,1,Non-Junction,1,Not an Intersection,0,None,,,4,On Roadside,2,Dark - Not Lighted,2,Rain,0,No Additional Atmospheric Conditions,2,Rain,0,No,0000000,Not Applicable,5,5:00am-5:59am,54,54,6,6:00am-6:59am,0,0,88,Not Applicable (Not Transported),88,Not Applicable (Not Transported),0,None,0,None,0,None,1,1
2018,55,550507,Wisconsin,3,3,0,0,0,3,3,39,FOND DU LAC (39),0,NOT APPLICABLE,14,14,11,November,2018,4,Wednesday,20,8:00pm-8:59pm,23,23,0,This section IS NOT on the NHS,1,Rural,4,Minor Arterial,1,State Highway Agency,2,U.S. Highway,US-45,,99998,Not Reported,43.69085000,43.69085000,-88.311272220,-88.311272220,0,No Special Jurisdiction,12,Motor Vehicle In-Transport,6,Angle,0,No,1,Non-Junction,1,Not an Intersection,0,None,,,1,On Roadway,2,Dark - Not Lighted,1,Clear,0,No Additional Atmospheric Conditions,1,Clear,0,No,0000000,Not Applicable,20,8:00pm-8:59pm,23,23,20,8:00pm-8:59pm,38,38,88,Not Applicable (Not Transported),88,Not Applicable (Not Transported),14,"Motor Vehicle struck by falling cargo,or something that came loose from or something that was set in motion by a vehicle",0,None,0,None,1,1
2018,55,550508,Wisconsin,1,1,0,0,0,1,1,9,BROWN (9),0,NOT APPLICABLE,21,21,11,November,2018,4,Wednesday,16,4:00pm-4:59pm,49,49,0,This section IS NOT on the NHS,1,Rural,6,Minor Collector,2,County Highway Agency,4,County Road,CR-W,,0,None,44.24566111,44.24566111,-87.969033330,-87.969033330,0,No Special Jurisdiction,1,Rollover/Overturn,0,Not a Collision with Motor Vehicle In-Transport,0,No,1,Non-Junction,1,Not an Intersection,0,None,,,4,On Roadside,5,Dusk,1,Clear,0,No Additional Atmospheric Conditions,1,Clear,0,No,0000000,Not Applicable,99,Unknown,99,Unknown,99,Unknown EMS Scene Arrival Hour,99,Unknown EMS Scene Arrival Minutes,88,Not Applicable (Not Transported),88,Not Applicable (Not Transported),0,None,0,None,0,None,1,1
2018,55,550509,Wisconsin,1,1,0,1,1,1,1,79,MILWAUKEE (79),3100,MILWAUKEE,11,11,11,November,2018,1,Sunday,3,3:00am-3:59am,23,23,1,This section IS ON the NHS,2,Urban,3,Principal Arterial - Other,1,State Highway Agency,3,State Highway,SR-190,,99998,Not Reported,43.08973333,43.08973333,-87.966255560,-87.966255560,0,No Special Jurisdiction,8,Pedestrian,0,Not a Collision with Motor Vehicle In-Transport,0,No,1,Non-Junction,1,Not an Intersection,0,None,,,1,On Roadway,3,Dark - Lighted,10,Cloudy,0,No Additional Atmospheric Conditions,10,Cloudy,0,No,0000000,Not Applicable,3,3:00am-3:59am,26,26,3,3:00am-3:59am,32,32,88,Not Applicable (Not Transported),88,Not Applicable (Not Transported),0,None,0,None,0,None,1,0
2018,55,550510,Wisconsin,1,1,0,1,1,1,1,101,RACINE (101),0,NOT APPLICABLE,27,27,11,November,2018,3,Tuesday,20,8:00pm-8:59pm,49,49,0,This section IS NOT on the NHS,1,Rural,5,Major Collector,2,County Highway Agency,4,County Road,CR-U 76TH ST,,0,None,42.83307778,42.83307778,-88.008622220,-88.008622220,0,No Special Jurisdiction,8,Pedestrian,0,Not a Collision with Motor Vehicle In-Transport,0,No,1,Non-Junction,1,Not an Intersection,0,None,,,1,On Roadway,2,Dark - Not Lighted,10,Cloudy,0,No Additional Atmospheric Conditions,10,Cloudy,0,No,0000000,Not Applicable,20,8:00pm-8:59pm,49,49,20,8:00pm-8:59pm,55,55,88,Not Applicable (Not Transported),88,Not Applicable (Not Transported),0,None,0,None,0,None,1,0
2018,55,550511,Wisconsin,1,1,0,0,0,2,2,73,MARATHON (73),4670,STRATFORD,23,23,11,November,2018,6,Friday,13,1:00pm-1:59pm,1,1,0,This section IS NOT on the NHS,2,Urban,6,Minor Collector,4,City or Municipal Highway Agency,6,Local Street - Municipality,LEGION ST,MONARCH ST,0,None,44.80205000,44.80205000,-90.076669440,-90.076669440,0,No Special Jurisdiction,5,Fell/Jumped from Vehicle,0,Not a Collision with Motor Vehicle In-Transport,0,No,1,Non-Junction,1,Not an Intersection,0,None,,,1,On Roadway,1,Daylight,10,Cloudy,0,No Additional Atmospheric Conditions,10,Cloudy,0,No,0000000,Not Applicable,13,1:00pm-1:59pm,5,5,99,Unknown EMS Scene Arrival Hour,99,Unknown EMS Scene Arrival Minutes,99,Unknown,99,Unknown EMS Hospital Arrival Time,0,None,0,None,0,None,1,0
2018,55,550512,Wisconsin,2,2,0,0,0,2,2,95,POLK (95),0,NOT APPLICABLE,29,29,11,November,2018,5,Thursday,17,5:00pm-5:59pm,22,22,1,This section IS ON the NHS,1,Rural,3,Principal Arterial - Other,1,State Highway Agency,2,U.S. Highway,US-8,CR-H,99998,Not Reported,45.39577500,45.39577500,-92.386819440,-92.386819440,0,No Special Jurisdiction,12,Motor Vehicle In-Transport,6,Angle,0,No,2,Intersection,3,T-Intersection,0,None,,,1,On Roadway,2,Dark - Not Lighted,10,Cloudy,0,No Additional Atmospheric Conditions,10,Cloudy,0,No,0000000,Not Applicable,17,5:00pm-5:59pm,26,26,17,5:00pm-5:59pm,31,31,88,Not Applicable (Not Transported),88,Not Applicable (Not Transported),0,None,0,None,0,None,1,0
2018,55,550513,Wisconsin,1,1,0,0,0,1,1,79,MILWAUKEE (79),3100,MILWAUKEE,21,21,11,November,2018,4,Wednesday,14,2:00pm-2:59pm,42,42,1,This section IS ON the NHS,2,Urban,3,Principal Arterial - Other,4,City or Municipal Highway Agency,6,Local Street - Municipality,SHERMAN BLVD N,,0,None,43.12767500,43.12767500,-87.966108330,-87.966108330,0,No Special Jurisdiction,33,Curb,0,Not a Collision with Motor Vehicle In-Transport,0,No,1,Non-Junction,1,Not an Intersection,0,None,,,4,On Roadside,1,Daylight,1,Clear,0,No Additional Atmospheric Conditions,1,Clear,0,No,0000000,Not Applicable,99,Unknown,99,Unknown,99,Unknown EMS Scene Arrival Hour,98,Unknown if Arrived,88,Not Applicable (Not Transported),88,Not Applicable (Not Transported),13,Aggressive Driving / Road Rage by Non-contact Vehicle Driver,0,None,0,None,1,0
2018,55,550514,Wisconsin,2,2,0,0,0,2,2,139,WINNEBAGO (139),3620,OSHKOSH,29,29,11,November,2018,5,Thursday,3,3:00am-3:59am,35,35,1,This section IS ON the NHS,2,Urban,1,Interstate,1,State Highway Agency,1,Interstate,I-41,,99998,Not Reported,44.04363889,44.04363889,-88.582872220,-88.582872220,0,No Special Jurisdiction,25,Concrete Traffic Barrier,0,Not a Collision with Motor Vehicle In-Transport,0,No,1,Non-Junction,1,Not an Intersection,0,None,,,3,On Median,3,Dark - Lighted,4,Snow,0,No Additional Atmospheric Conditions,4,Snow,0,No,0000000,Not Applicable,3,3:00am-3:59am,35,35,3,3:00am-3:59am,47,47,88,Not Applicable (Not Transported),88,Not Applicable (Not Transported),0,None,0,None,0,None,1,1
2018,55,550515,Wisconsin,2,2,0,0,0,4,4,87,OUTAGAMIE (87),0,NOT APPLICABLE,28,28,12,December,2018,6,Friday,17,5:00pm-5:59pm,53,53,0,This section IS NOT on the NHS,1,Rural,4,Minor Arterial,2,County Highway Agency,4,County Road,CR-JJ,HOLLAND AVE,0,None,44.31582778,44.31582778,-88.333122220,-88.333122220,0,No Special Jurisdiction,12,Motor Vehicle In-Transport,6,Angle,0,No,2,Intersection,2,Four-Way Intersection,0,None,,,1,On Roadway,2,Dark - Not Lighted,4,Snow,0,No Additional Atmospheric Conditions,4,Snow,0,No,0000000,Not Applicable,99,Unknown,99,Unknown,99,Unknown EMS Scene Arrival Hour,99,Unknown EMS Scene Arrival Minutes,99,Unknown,99,Unknown EMS Hospital Arrival Time,0,None,0,None,0,None,1,0
2018,55,550516,Wisconsin,1,1,0,0,0,2,2,25,DANE (25),2780,MADISON,18,18,12,December,2018,3,Tuesday,20,8:00pm-8:59pm,24,24,0,This section IS NOT on the NHS,2,Urban,6,Minor Collector,4,City or Municipal Highway Agency,6,Local Street - Municipality,WHEELER RD,,0,None,43.14803611,43.14803611,-89.383272220,-89.383272220,0,No Special Jurisdiction,33,Curb,0,Not a Collision with Motor Vehicle In-Transport,0,No,1,Non-Junction,1,Not an Intersection,0,None,,,4,On Roadside,3,Dark - Lighted,1,Clear,0,No Additional Atmospheric Conditions,1,Clear,0,No,0000000,Not Applicable,20,8:00pm-8:59pm,31,31,20,8:00pm-8:59pm,39,39,21,9:00pm-9:59pm,6,6,0,None,0,None,0,None,1,0
2018,55,550518,Wisconsin,1,1,0,0,0,1,1,133,WAUKESHA (133),3240,MUKWONAGO,29,29,1,January,2018,2,Monday,13,1:00pm-1:59pm,30,30,1,This section IS ON the NHS,2,Urban,3,Principal Arterial - Other,1,State Highway Agency,3,State Highway,SR-83 ROCHESTER RD N,,99998,Not Reported,42.87280000,42.87280000,-88.337286110,-88.337286110,0,No Special Jurisdiction,33,Curb,0,Not a Collision with Motor Vehicle In-Transport,0,No,1,Non-Junction,1,Not an Intersection,0,None,,,4,On Roadside,1,Daylight,10,Cloudy,0,No Additional Atmospheric Conditions,10,Cloudy,0,No,0000000,Not Applicable,13,1:00pm-1:59pm,32,32,13,1:00pm-1:59pm,35,35,14,2:00pm-2:59pm,17,17,0,None,0,None,0,None,1,0
2018,55,550519,Wisconsin,1,1,0,0,0,1,1,111,SAUK (111),0,NOT APPLICABLE,4,4,12,December,2018,3,Tuesday,8,8:00am-8:59am,55,55,0,This section IS NOT on the NHS,1,Rural,7,Local,3,Town or Township Highway Agency,5,Local Street - Township,HORKAN RD,,0,None,43.57505556,43.57505556,-89.950686110,-89.950686110,0,No Special Jurisdiction,42,Tree (Standing Only),0,Not a Collision with Motor Vehicle In-Transport,0,No,1,Non-Junction,1,Not an Intersection,0,None,,,4,On Roadside,1,Daylight,10,Cloudy,0,No Additional Atmospheric Conditions,10,Cloudy,0,No,0000000,Not Applicable,8,8:00am-8:59am,59,59,9,9:00am-9:59am,13,13,88,Not Applicable (Not Transported),88,Not Applicable (Not Transported),0,None,0,None,0,None,1,0
2018,55,550520,Wisconsin,4,4,0,0,0,4,4,133,WAUKESHA (133),0,NOT APPLICABLE,7,7,12,December,2018,6,Friday,13,1:00pm-1:59pm,32,32,1,This section IS ON the NHS,1,Rural,1,Interstate,1,State Highway Agency,1,Interstate,I-94,,99998,Not Reported,43.05023889,43.05023889,-88.322602780,-88.322602780,0,No Special Jurisdiction,12,Motor Vehicle In-Transport,1,Front-to-Rear,1,Yes,18,Through Roadway,1,Not an Intersection,0,None,,,1,On Roadway,1,Daylight,1,Clear,0,No Additional Atmospheric Conditions,1,Clear,0,No,0000000,Not Applicable,99,Unknown,99,Unknown,99,Unknown EMS Scene Arrival Hour,99,Unknown EMS Scene Arrival Minutes,14,2:00pm-2:59pm,13,13,0,None,0,None,0,None,2,0
2018,55,550521,Wisconsin,1,1,0,4,4,1,1,19,CLARK (19),0,NOT APPLICABLE,5,5,12,December,2018,4,Wednesday,8,8:00am-8:59am,37,37,0,This section IS NOT on the NHS,1,Rural,5,Major Collector,2,County Highway Agency,4,County Road,CR-H,,0,None,44.65613889,44.65613889,-90.339705560,-90.339705560,0,No Special Jurisdiction,49,Ridden Animal or Animal Drawn Conveyance,0,Not a Collision with Motor Vehicle In-Transport,0,No,1,Non-Junction,1,Not an Intersection,0,None,,,1,On Roadway,1,Daylight,1,Clear,0,No Additional Atmospheric Conditions,1,Clear,0,No,0000000,Not Applicable,8,8:00am-8:59am,40,40,8,8:00am-8:59am,50,50,99,Unknown,99,Unknown EMS Hospital Arrival Time,0,None,0,None,0,None,1,0
2018,55,550522,Wisconsin,1,1,0,0,0,1,1,27,DODGE (27),0,NOT APPLICABLE,9,9,12,December,2018,1,Sunday,3,3:00am-3:59am,0,0,0,This section IS NOT on the NHS,1,Rural,4,Minor Arterial,1,State Highway Agency,3,State Highway,SR-16,,99998,Not Reported,43.32899167,43.32899167,-88.997677780,-88.997677780,0,No Special Jurisdiction,32,Culvert,0,Not a Collision with Motor Vehicle In-Transport,0,No,1,Non-Junction,1,Not an Intersection,0,None,,,4,On Roadside,2,Dark - Not Lighted,1,Clear,0,No Additional Atmospheric Conditions,1,Clear,0,No,0000000,Not Applicable,6,6:00am-6:59am,54,54,6,6:00am-6:59am,58,58,8,8:00am-8:59am,0,0,18,Date of Crash and Date of EMS Notification were not the same day,0,None,0,None,1,1
2018,55,550523,Wisconsin,2,2,0,0,0,3,3,133,WAUKESHA (133),3740,PEWAUKEE,19,19,12,December,2018,4,Wednesday,4,4:00am-4:59am,7,7,1,This section IS ON the NHS,2,Urban,3,Principal Arterial - Other,2,County Highway Agency,4,County Road,CR-F,CR-M,0,None,43.05871944,43.05871944,-88.205686110,-88.205686110,0,No Special Jurisdiction,12,Motor Vehicle In-Transport,2,Front-to-Front,0,No,2,Intersection,2,Four-Way Intersection,0,None,,,1,On Roadway,3,Dark - Lighted,10,Cloudy,0,No Additional Atmospheric Conditions,10,Cloudy,0,No,0000000,Not Applicable,99,Unknown,99,Unknown,99,Unknown EMS Scene Arrival Hour,99,Unknown EMS Scene Arrival Minutes,99,Unknown,99,Unknown EMS Hospital Arrival Time,0,None,0,None,0,None,1,0
2018,55,550524,Wisconsin,1,1,0,0,0,3,3,79,MILWAUKEE (79),3100,MILWAUKEE,31,31,12,December,2018,2,Monday,20,8:00pm-8:59pm,33,33,0,This section IS NOT on the NHS,2,Urban,7,Local,4,City or Municipal Highway Agency,6,Local Street - Municipality,E GREENFIELD AVE,,0,None,43.01702778,43.01702778,-87.902883330,-87.902883330,4,College/University Campus*,33,Curb,0,Not a Collision with Motor Vehicle In-Transport,0,No,1,Non-Junction,1,Not an Intersection,0,None,,,4,On Roadside,3,Dark - Lighted,2,Rain,0,No Additional Atmospheric Conditions,2,Rain,0,No,0000000,Not Applicable,20,8:00pm-8:59pm,34,34,20,8:00pm-8:59pm,38,38,21,9:00pm-9:59pm,38,38,20,Police Pursuit Involved,0,None,0,None,3,0
2018,55,550525,Wisconsin,2,2,0,0,0,2,2,17,CHIPPEWA (17),0,NOT APPLICABLE,14,14,12,December,2018,6,Friday,11,11:00am-11:59am,47,47,0,This section IS NOT on the NHS,1,Rural,4,Minor Arterial,1,State Highway Agency,3,State Highway,SR-64,SR-40,99998,Not Reported,45.12032500,45.12032500,-91.488916670,-91.488916670,0,No Special Jurisdiction,12,Motor Vehicle In-Transport,6,Angle,1,Yes,2,Intersection,2,Four-Way Intersection,0,None,,,1,On Roadway,1,Daylight,1,Clear,0,No Additional Atmospheric Conditions,1,Clear,0,No,0000000,Not Applicable,11,11:00am-11:59am,53,53,11,11:00am-11:59am,59,59,88,Not Applicable (Not Transported),88,Not Applicable (Not Transported),0,None,0,None,0,None,1,0
2018,55,550526,Wisconsin,2,2,0,0,0,5,5,55,JEFFERSON (55),0,NOT APPLICABLE,12,12,12,December,2018,4,Wednesday,18,6:00pm-6:59pm,54,54,1,This section IS ON the NHS,1,Rural,3,Principal Arterial - Other,1,State Highway Agency,2,U.S. Highway,US-12,,99998,Not Reported,42.98763333,42.98763333,-88.986166670,-88.986166670,0,No Special Jurisdiction,12,Motor Vehicle In-Transport,2,Front-to-Front,0,No,1,Non-Junction,1,Not an Intersection,0,None,,,1,On Roadway,2,Dark - Not Lighted,10,Cloudy,0,No Additional Atmospheric Conditions,10,Cloudy,0,No,0000000,Not Applicable,18,6:00pm-6:59pm,56,56,19,7:00pm-7:59pm,10,10,20,8:00pm-8:59pm,0,0,0,None,0,None,0,None,1,1
2018,55,550527,Wisconsin,2,2,0,0,0,3,3,75,MARINETTE (75),0,NOT APPLICABLE,11,11,12,December,2018,3,Tuesday,12,12:00pm-12:59pm,57,57,0,This section IS NOT on the NHS,1,Rural,4,Minor Arterial,1,State Highway Agency,3,State Highway,SR-180,,99998,Not Reported,45.33978056,45.33978056,-87.850408330,-87.850408330,0,No Special Jurisdiction,12,Motor Vehicle In-Transport,2,Front-to-Front,0,No,1,Non-Junction,1,Not an Intersection,0,None,,,1,On Roadway,1,Daylight,10,Cloudy,0,No Additional Atmospheric Conditions,10,Cloudy,0,No,0000000,Not Applicable,12,12:00pm-12:59pm,58,58,13,1:00pm-1:59pm,13,13,14,2:00pm-2:59pm,0,0,0,None,0,None,0,None,1,0
2018,55,550528,Wisconsin,2,2,0,0,0,2,2,83,OCONTO (83),0,NOT APPLICABLE,15,15,12,December,2018,7,Saturday,19,7:00pm-7:59pm,3,3,0,This section IS NOT on the NHS,1,Rural,5,Major Collector,2,County Highway Agency,4,County Road,CR-E,,0,None,44.79426667,44.79426667,-88.214258330,-88.214258330,0,No Special Jurisdiction,12,Motor Vehicle In-Transport,2,Front-to-Front,0,No,1,Non-Junction,1,Not an Intersection,0,None,,,1,On Roadway,2,Dark - Not Lighted,1,Clear,0,No Additional Atmospheric Conditions,1,Clear,0,No,0000000,Not Applicable,99,Unknown,99,Unknown,99,Unknown EMS Scene Arrival Hour,99,Unknown EMS Scene Arrival Minutes,88,Not Applicable (Not Transported),88,Not Applicable (Not Transported),0,None,0,None,0,None,1,0
2018,55,550529,Wisconsin,1,1,0,0,0,3,3,83,OCONTO (83),0,NOT APPLICABLE,14,14,12,December,2018,6,Friday,19,7:00pm-7:59pm,15,15,0,This section IS NOT on the NHS,1,Rural,7,Local,3,Town or Township Highway Agency,5,Local Street - Township,SAMPSON RD,,0,None,44.76467500,44.76467500,-88.042283330,-88.042283330,0,No Special Jurisdiction,42,Tree (Standing Only),0,Not a Collision with Motor Vehicle In-Transport,0,No,1,Non-Junction,1,Not an Intersection,0,None,,,4,On Roadside,2,Dark - Not Lighted,1,Clear,0,No Additional Atmospheric Conditions,1,Clear,0,No,0000000,Not Applicable,99,Unknown,99,Unknown,99,Unknown EMS Scene Arrival Hour,99,Unknown EMS Scene Arrival Minutes,99,Unknown,99,Unknown EMS Hospital Arrival Time,0,None,0,None,0,None,1,0
2018,55,550530,Wisconsin,1,1,0,0,0,1,1,9,BROWN (9),2000,GREEN BAY,24,24,12,December,2018,2,Monday,2,2:00am-2:59am,22,22,0,This section IS NOT on the NHS,2,Urban,4,Minor Arterial,4,City or Municipal Highway Agency,6,Local Street - Municipality,HUMBOLDT RD,,0,None,44.51178333,44.51178333,-87.933808330,-87.933808330,0,No Special Jurisdiction,33,Curb,0,Not a Collision with Motor Vehicle In-Transport,0,No,1,Non-Junction,1,Not an Intersection,0,None,,,4,On Roadside,3,Dark - Lighted,1,Clear,0,No Additional Atmospheric Conditions,1,Clear,0,No,0000000,Not Applicable,2,2:00am-2:59am,22,22,99,Unknown EMS Scene Arrival Hour,99,Unknown EMS Scene Arrival Minutes,88,Not Applicable (Not Transported),88,Not Applicable (Not Transported),0,None,0,None,0,None,1,1
2018,55,550531,Wisconsin,2,2,0,0,0,2,2,95,POLK (95),0,NOT APPLICABLE,18,18,12,December,2018,3,Tuesday,4,4:00am-4:59am,33,33,0,This section IS NOT on the NHS,1,Rural,4,Minor Arterial,1,State Highway Agency,3,State Highway,SR-35,,99998,Not Reported,45.41296944,45.41296944,-92.553086110,-92.553086110,0,No Special Jurisdiction,12,Motor Vehicle In-Transport,2,Front-to-Front,0,No,1,Non-Junction,1,Not an Intersection,0,None,,,1,On Roadway,2,Dark - Not Lighted,1,Clear,0,No Additional Atmospheric Conditions,1,Clear,0,No,0000000,Not Applicable,4,4:00am-4:59am,35,35,4,4:00am-4:59am,49,49,99,Unknown,99,Unknown EMS Hospital Arrival Time,0,None,0,None,0,None,1,0
2018,55,550532,Wisconsin,2,2,0,0,0,2,2,17,CHIPPEWA (17),0,NOT APPLICABLE,19,19,12,December,2018,4,Wednesday,14,2:00pm-2:59pm,58,58,0,This section IS NOT on the NHS,1,Rural,5,Major Collector,2,County Highway Agency,4,County Road,CR-T,,0,None,44.91030278,44.91030278,-91.549275000,-91.549275000,0,No Special Jurisdiction,12,Motor Vehicle In-Transport,2,Front-to-Front,0,No,1,Non-Junction,1,Not an Intersection,0,None,,,1,On Roadway,1,Daylight,10,Cloudy,0,No Additional Atmospheric Conditions,10,Cloudy,0,No,0000000,Not Applicable,15,3:00pm-3:59pm,1,1,15,3:00pm-3:59pm,12,12,15,3:00pm-3:59pm,57,57,0,None,0,None,0,None,1,0
2018,55,550533,Wisconsin,2,2,0,0,0,3,3,43,GRANT (43),0,NOT APPLICABLE,15,15,12,December,2018,7,Saturday,21,9:00pm-9:59pm,34,34,1,This section IS ON the NHS,1,Rural,3,Principal Arterial - Other,1,State Highway Agency,2,U.S. Highway,US-61,,99998,Not Reported,42.60023056,42.60023056,-90.596038890,-90.596038890,0,No Special Jurisdiction,12,Motor Vehicle In-Transport,2,Front-to-Front,0,No,1,Non-Junction,1,Not an Intersection,0,None,,,1,On Roadway,2,Dark - Not Lighted,1,Clear,0,No Additional Atmospheric Conditions,1,Clear,0,No,0000000,Not Applicable,21,9:00pm-9:59pm,39,39,99,Unknown EMS Scene Arrival Hour,99,Unknown EMS Scene Arrival Minutes,99,Unknown,99,Unknown EMS Hospital Arrival Time,0,None,0,None,0,None,1,0
2018,55,550534,Wisconsin,2,2,0,0,0,2,2,39,FOND DU LAC (39),0,NOT APPLICABLE,14,14,12,December,2018,6,Friday,15,3:00pm-3:59pm,23,23,0,This section IS NOT on the NHS,1,Rural,5,Major Collector,2,County Highway Agency,4,County Road,CR-G,,0,None,43.87601389,43.87601389,-88.202486110,-88.202486110,0,No Special Jurisdiction,12,Motor Vehicle In-Transport,6,Angle,0,No,1,Non-Junction,1,Not an Intersection,0,None,,,1,On Roadway,1,Daylight,1,Clear,0,No Additional Atmospheric Conditions,1,Clear,0,No,0000000,Not Applicable,15,3:00pm-3:59pm,23,23,15,3:00pm-3:59pm,33,33,17,5:00pm-5:59pm,11,11,0,None,0,None,0,None,1,0
2018,55,550535,Wisconsin,1,1,0,0,0,3,3,71,MANITOWOC (71),0,NOT APPLICABLE,26,26,12,December,2018,4,Wednesday,21,9:00pm-9:59pm,35,35,1,This section IS ON the NHS,1,Rural,1,Interstate,1,State Highway Agency,1,Interstate,I-43,,99998,Not Reported,44.29853889,44.29853889,-87.782586110,-87.782586110,0,No Special Jurisdiction,24,Guardrail Face,0,Not a Collision with Motor Vehicle In-Transport,0,No,1,Non-Junction,1,Not an Intersection,0,None,,,3,On Median,2,Dark - Not Lighted,1,Clear,0,No Additional Atmospheric Conditions,1,Clear,0,No,0000000,Not Applicable,21,9:00pm-9:59pm,47,47,21,9:00pm-9:59pm,54,54,22,10:00pm-10:59pm,44,44,0,None,0,None,0,None,1,0
2018,55,550536,Wisconsin,2,2,0,0,0,2,2,109,ST. CROIX (109),0,NOT APPLICABLE,21,21,12,December,2018,6,Friday,23,11:00pm-11:59pm,17,17,1,This section IS ON the NHS,1,Rural,3,Principal Arterial - Other,1,State Highway Agency,3,State Highway,SR-35,,99998,Not Reported,45.10148056,45.10148056,-92.731513890,-92.731513890,0,No Special Jurisdiction,12,Motor Vehicle In-Transport,2,Front-to-Front,0,No,1,Non-Junction,1,Not an Intersection,0,None,,,1,On Roadway,2,Dark - Not Lighted,10,Cloudy,0,No Additional Atmospheric Conditions,10,Cloudy,0,No,0000000,Not Applicable,23,11:00pm-11:59pm,17,17,23,11:00pm-11:59pm,31,31,0,0:00am-0:59am,0,0,0,None,0,None,0,None,1,1
2018,55,550537,Wisconsin,1,1,0,0,0,1,1,75,MARINETTE (75),0,NOT APPLICABLE,23,23,12,December,2018,1,Sunday,19,7:00pm-7:59pm,54,54,0,This section IS NOT on the NHS,1,Rural,6,Minor Collector,2,County Highway Agency,4,County Road,CR-BB SHORE DR,,0,None,45.03145556,45.03145556,-87.626708330,-87.626708330,0,No Special Jurisdiction,34,Ditch,0,Not a Collision with Motor Vehicle In-Transport,0,No,1,Non-Junction,1,Not an Intersection,0,None,,,4,On Roadside,2,Dark - Not Lighted,4,Snow,0,No Additional Atmospheric Conditions,4,Snow,0,No,0000000,Not Applicable,19,7:00pm-7:59pm,57,57,20,8:00pm-8:59pm,4,4,88,Not Applicable (Not Transported),88,Not Applicable (Not Transported),0,None,0,None,0,None,1,1
2018,55,550538,Wisconsin,1,1,0,0,0,1,1,25,DANE (25),0,NOT APPLICABLE,22,22,12,December,2018,7,Saturday,1,1:00am-1:59am,10,10,0,This section IS NOT on the NHS,1,Rural,7,Local,3,Town or Township Highway Agency,5,Local Street - Township,LANGER RD,,0,None,43.15242778,43.15242778,-89.099805560,-89.099805560,0,No Special Jurisdiction,43,Other Fixed Object,0,Not a Collision with Motor Vehicle In-Transport,0,No,1,Non-Junction,1,Not an Intersection,0,None,,,4,On Roadside,2,Dark - Not Lighted,1,Clear,0,No Additional Atmospheric Conditions,1,Clear,0,No,0000000,Not Applicable,1,1:00am-1:59am,16,16,99,Unknown EMS Scene Arrival Hour,98,Unknown if Arrived,88,Not Applicable (Not Transported),88,Not Applicable (Not Transported),0,None,0,None,0,None,1,1