caseyear,state,st_case,statename,ve_total,ve_forms,pvh_invl,peds,pernotmvit,permvit,persons,county,countyname,city,cityname,day,dayname,month,monthname,year,day_week,day_weekname,hour,hourname,minute,minutename,nhs,nhsname,rur_urb,rur_urbname,func_sys,func_sysname,rd_owner,rd_ownername,route,routename,tway_id,tway_id2,milept,mileptname,latitude,latitudename,longitud,longitudname,sp_jur,sp_jurname,harm_ev,harm_evname,man_coll,man_collname,reljct1,reljct1name,reljct2,reljct2name,typ_int,typ_intname,wrk_zone,wrk_zonename,road_fnc,road_fncname,rel_road,rel_roadname,lgt_cond,lgt_condname,weather1,weather1name,weather2,weather2name,weather,weathername,sch_bus,sch_busname,rail,railname,not_hour,not_hourname,not_min,not_minname,arr_hour,arr_hourname,arr_min,arr_minname,hosp_hr,hosp_hrname,hosp_mn,hosp_mnname,cf1,cf1name,cf2,cf2name,cf3,cf3name,fatals,drunk_dr
2019,55,550257,Wisconsin,2,2,0,0,0,4,4,79,MILWAUKEE (79),3475,SOUTH MILWAUKEE,4,4,8,August,2019,1,Sunday,15,3:00pm-3:59pm,27,27,1,This section IS ON the NHS,2,Urban,3,Principal Arterial - Other,1,State Highway Agency,3,State Highway,SR-38,,99998,Not Reported,42.90110833,42.90110833,-87.911416670,-87.911416670,0,No Special Jurisdiction,12,Motor Vehicle In-Transport,6,Angle,0,No,8,Driveway Access Related,1,Not an Intersection,0,None,,,1,On Roadway,1,Daylight,1,Clear,0,No Additional Atmospheric Conditions,1,Clear,0,No,0000000,Not Applicable,15,3:00pm-3:59pm,27,27,15,3:00pm-3:59pm,31,31,16,4:00pm-4:59pm,0,0,0,None,0,None,0,None,1,0
2019,55,550258,Wisconsin,1,1,0,1,1,1,1,79,MILWAUKEE (79),3100,MILWAUKEE,15,15,7,July,2019,2,Monday,23,11:00pm-11:59pm,13,13,0,This section IS NOT on the NHS,2,Urban,4,Minor Arterial,4,City or Municipal Highway Agency,6,Local Street - Municipality,VILLARD AVE W,49TH ST N,0,None,43.11198333,43.11198333,-87.973766670,-87.973766670,0,No Special Jurisdiction,8,Pedestrian,0,The First Harmful Event was Not a Collision with a Motor Vehicle in Transport,0,No,3,Intersection-Related,2,Four-Way Intersection,0,None,,,1,On Roadway,3,Dark - Lighted,1,Clear,0,No Additional Atmospheric Conditions,1,Clear,0,No,0000000,Not Applicable,23,11:00pm-11:59pm,17,17,23,11:00pm-11:59pm,24,24,23,11:00pm-11:59pm,49,49,0,None,0,None,0,None,1,0
2019,55,550259,Wisconsin,1,1,0,0,0,2,2,99,PRICE (99),0,NOT APPLICABLE,2,2,8,August,2019,6,Friday,18,6:00pm-6:59pm,20,20,0,This section IS NOT on the NHS,1,Rural,4,Minor Arterial,1,State Highway Agency,3,State Highway,SR-70,,99998,Not Reported,45.84000000,45.84000000,-90.654925000,-90.654925000,0,No Special Jurisdiction,1,Rollover/Overturn,0,The First Harmful Event was Not a Collision with a Motor Vehicle in Transport,0,No,1,Non-Junction,1,Not an Intersection,0,None,,,4,On Roadside,1,Daylight,1,Clear,0,No Additional Atmospheric Conditions,1,Clear,0,No,0000000,Not Applicable,99,Unknown,99,Unknown,99,Unknown EMS Scene Arrival Hour,99,Unknown EMS Scene Arrival Minutes,99,Unknown,99,Unknown EMS Hospital Arrival Time,0,None,0,None,0,None,1,1
2019,55,550260,Wisconsin,1,1,0,0,0,1,1,5,BARRON (5),0,NOT APPLICABLE,3,3,8,August,2019,7,Saturday,14,2:00pm-2:59pm,51,51,0,This section IS NOT on the NHS,1,Rural,5,Major Collector,2,County Highway Agency,4,County Road,CR-B,,0,None,45.56740278,45.56740278,-91.981819440,-91.981819440,0,No Special Jurisdiction,11,Live Animal,0,The First Harmful Event was Not a Collision with a Motor Vehicle in Transport,0,No,1,Non-Junction,1,Not an Intersection,0,None,,,1,On Roadway,1,Daylight,1,Clear,0,No Additional Atmospheric Conditions,1,Clear,0,No,0000000,Not Applicable,14,2:00pm-2:59pm,51,51,14,2:00pm-2:59pm,59,59,15,3:00pm-3:59pm,15,15,0,None,0,None,0,None,1,0
2019,55,550261,Wisconsin,1,1,0,0,0,1,1,45,GREEN (45),0,NOT APPLICABLE,2,2,8,August,2019,6,Friday,99,Unknown Hours,99,Unknown Minutes,0,This section IS NOT on the NHS,1,Rural,5,Major Collector,2,County Highway Agency,4,County Road,CR-C,,0,None,42.71499722,42.71499722,-89.744383330,-89.744383330,0,No Special Jurisdiction,1,Rollover/Overturn,0,The First Harmful Event was Not a Collision with a Motor Vehicle in Transport,0,No,1,Non-Junction,1,Not an Intersection,0,None,,,4,On Roadside,1,Daylight,1,Clear,0,No Additional Atmospheric Conditions,1,Clear,0,No,0000000,Not Applicable,17,5:00pm-5:59pm,42,42,99,Unknown EMS Scene Arrival Hour,99,Unknown EMS Scene Arrival Minutes,99,Unknown,99,Unknown EMS Hospital Arrival Time,0,None,0,None,0,None,1,0
2019,55,550262,Wisconsin,1,1,0,1,1,1,1,141,WOOD (141),0,NOT APPLICABLE,4,4,8,August,2019,1,Sunday,20,8:00pm-8:59pm,16,16,0,This section IS NOT on the NHS,1,Rural,7,Local,3,Town or Township Highway Agency,5,Local Street - Township,WHITROCK AVE,,0,None,44.35885556,44.35885556,-89.732977780,-89.732977780,0,No Special Jurisdiction,9,Pedalcyclist,0,The First Harmful Event was Not a Collision with a Motor Vehicle in Transport,0,No,1,Non-Junction,1,Not an Intersection,0,None,,,2,On Shoulder,1,Daylight,10,Cloudy,0,No Additional Atmospheric Conditions,10,Cloudy,0,No,0000000,Not Applicable,20,8:00pm-8:59pm,28,28,99,Unknown EMS Scene Arrival Hour,99,Unknown EMS Scene Arrival Minutes,88,Not Applicable (Not Transported),88,Not Applicable (Not Transported),0,None,0,None,0,None,1,1
2019,55,550263,Wisconsin,2,2,0,0,0,4,4,141,WOOD (141),510,BIRON,5,5,8,August,2019,2,Monday,15,3:00pm-3:59pm,6,6,1,This section IS ON the NHS,2,Urban,3,Principal Arterial - Other,1,State Highway Agency,3,State Highway,SR-54,32ND ST,99998,Not Reported,44.40786944,44.40786944,-89.786763890,-89.786763890,0,No Special Jurisdiction,12,Motor Vehicle In-Transport,6,Angle,0,No,2,Intersection,2,Four-Way Intersection,0,None,,,1,On Roadway,1,Daylight,10,Cloudy,0,No Additional Atmospheric Conditions,10,Cloudy,0,No,0000000,Not Applicable,99,Unknown,99,Unknown,99,Unknown EMS Scene Arrival Hour,99,Unknown EMS Scene Arrival Minutes,99,Unknown,99,Unknown EMS Hospital Arrival Time,0,None,0,None,0,None,1,0
2019,55,550264,Wisconsin,1,1,0,1,1,1,1,135,WAUPACA (135),0,NOT APPLICABLE,9,9,8,August,2019,6,Friday,6,6:00am-6:59am,57,57,1,This section IS ON the NHS,1,Rural,3,Principal Arterial - Other,1,State Highway Agency,2,U.S. Highway,US-45,,99998,Not Reported,44.43686944,44.43686944,-88.739958330,-88.739958330,0,No Special Jurisdiction,9,Pedalcyclist,0,The First Harmful Event was Not a Collision with a Motor Vehicle in Transport,0,No,1,Non-Junction,1,Not an Intersection,0,None,,,1,On Roadway,1,Daylight,1,Clear,0,No Additional Atmospheric Conditions,1,Clear,0,No,0000000,Not Applicable,7,7:00am-7:59am,0,0,7,7:00am-7:59am,9,9,88,Not Applicable (Not Transported),88,Not Applicable (Not Transported),0,None,0,None,0,None,1,0
2019,55,550265,Wisconsin,2,2,0,0,0,2,2,25,DANE (25),4720,SUN PRAIRIE,7,7,8,August,2019,4,Wednesday,11,11:00am-11:59am,55,55,0,This section IS NOT on the NHS,1,Rural,3,Principal Arterial - Other,1,State Highway Agency,3,State Highway,SR-19,TOWN HALL DR,99998,Not Reported,43.18091667,43.18091667,-89.186819440,-89.186819440,0,No Special Jurisdiction,12,Motor Vehicle In-Transport,6,Angle,0,No,2,Intersection,2,Four-Way Intersection,0,None,,,1,On Roadway,1,Daylight,1,Clear,0,No Additional Atmospheric Conditions,1,Clear,0,No,0000000,Not Applicable,99,Unknown,99,Unknown,99,Unknown EMS Scene Arrival Hour,99,Unknown EMS Scene Arrival Minutes,99,Unknown,99,Unknown EMS Hospital Arrival Time,0,None,0,None,0,None,1,0
2019,55,550266,Wisconsin,1,1,0,0,0,1,1,101,RACINE (101),0,NOT APPLICABLE,10,10,8,August,2019,7,Saturday,18,6:00pm-6:59pm,23,23,1,This section IS ON the NHS,2,Urban,5,Major Collector,2,County Highway Agency,4,County Road,CR-K,,0,None,42.77918889,42.77918889,-88.052583330,-88.052583330,0,No Special Jurisdiction,33,Curb,0,The First Harmful Event was Not a Collision with a Motor Vehicle in Transport,0,No,1,Non-Junction,1,Not an Intersection,4,"Work Zone, Type Unknown",,,4,On Roadside,1,Daylight,1,Clear,0,No Additional Atmospheric Conditions,1,Clear,0,No,0000000,Not Applicable,18,6:00pm-6:59pm,28,28,18,6:00pm-6:59pm,38,38,88,Not Applicable (Not Transported),88,Not Applicable (Not Transported),0,None,0,None,0,None,1,1
2019,55,550267,Wisconsin,2,2,0,0,0,3,3,101,RACINE (101),0,NOT APPLICABLE,18,18,7,July,2019,5,Thursday,21,9:00pm-9:59pm,11,11,1,This section IS ON the NHS,1,Rural,3,Principal Arterial - Other,1,State Highway Agency,3,State Highway,SR-11,CR-J,99998,Not Reported,42.68375833,42.68375833,-88.188600000,-88.188600000,0,No Special Jurisdiction,12,Motor Vehicle In-Transport,6,Angle,0,No,2,Intersection,2,Four-Way Intersection,0,None,,,1,On Roadway,3,Dark - Lighted,1,Clear,0,No Additional Atmospheric Conditions,1,Clear,0,No,0000000,Not Applicable,99,Unknown,99,Unknown,99,Unknown EMS Scene Arrival Hour,99,Unknown EMS Scene Arrival Minutes,99,Unknown,99,Unknown EMS Hospital Arrival Time,0,None,0,None,0,None,1,0
2019,55,550268,Wisconsin,2,2,0,0,0,4,4,79,MILWAUKEE (79),3100,MILWAUKEE,20,20,7,July,2019,7,Saturday,23,11:00pm-11:59pm,39,39,1,This section IS ON the NHS,2,Urban,3,Principal Arterial - Other,2,County Highway Agency,4,County Road,CR-PP GOOD HOPE RD W,91ST ST N,0,None,43.14851667,43.14851667,-88.025119440,-88.025119440,0,No Special Jurisdiction,12,Motor Vehicle In-Transport,6,Angle,0,No,2,Intersection,2,Four-Way Intersection,0,None,,,1,On Roadway,3,Dark - Lighted,1,Clear,0,No Additional Atmospheric Conditions,1,Clear,0,No,0000000,Not Applicable,23,11:00pm-11:59pm,40,40,23,11:00pm-11:59pm,50,50,0,0:00am-0:59am,25,25,0,None,0,None,0,None,2,1
2019,55,550269,Wisconsin,1,1,0,0,0,2,2,71,MANITOWOC (71),0,NOT APPLICABLE,17,17,7,July,2019,4,Wednesday,13,1:00pm-1:59pm,40,40,1,This section IS ON the NHS,1,Rural,1,Interstate,1,State Highway Agency,1,Interstate,I-43,,99998,Not Reported,44.04529167,44.04529167,-87.705852780,-87.705852780,0,No Special Jurisdiction,34,Ditch,0,The First Harmful Event was Not a Collision with a Motor Vehicle in Transport,0,No,1,Non-Junction,1,Not an Intersection,0,None,,,4,On Roadside,1,Daylight,1,Clear,0,No Additional Atmospheric Conditions,1,Clear,0,No,0000000,Not Applicable,99,Unknown,99,Unknown,99,Unknown EMS Scene Arrival Hour,99,Unknown EMS Scene Arrival Minutes,14,2:00pm-2:59pm,45,45,0,None,0,None,0,None,1,1
2019,55,550270,Wisconsin,2,2,0,0,0,2,2,87,OUTAGAMIE (87),170,APPLETON,2,2,8,August,2019,6,Friday,15,3:00pm-3:59pm,34,34,1,This section IS ON the NHS,2,Urban,1,Interstate,1,State Highway Agency,1,Interstate,I-41,,99998,Not Reported,44.29797778,44.29797778,-88.367052780,-88.367052780,0,No Special Jurisdiction,12,Motor Vehicle In-Transport,1,Front-to-Rear,0,No,1,Non-Junction,1,Not an Intersection,0,None,,,1,On Roadway,1,Daylight,1,Clear,0,No Additional Atmospheric Conditions,1,Clear,0,No,0000000,Not Applicable,99,Unknown,99,Unknown,99,Unknown EMS Scene Arrival Hour,99,Unknown EMS Scene Arrival Minutes,99,Unknown,99,Unknown EMS Hospital Arrival Time,28,Regular Congestion,0,None,0,None,1,0
2019,55,550271,Wisconsin,1,1,0,1,1,1,1,79,MILWAUKEE (79),3100,MILWAUKEE,9,9,7,July,2019,3,Tuesday,8,8:00am-8:59am,53,53,1,This section IS ON the NHS,2,Urban,3,Principal Arterial - Other,1,State Highway Agency,3,State Highway,SR-100,,99998,Not Reported,43.17764167,43.17764167,-88.023905560,-88.023905560,0,No Special Jurisdiction,8,Pedestrian,0,The First Harmful Event was Not a Collision with a Motor Vehicle in Transport,0,No,1,Non-Junction,1,Not an Intersection,0,None,,,1,On Roadway,1,Daylight,1,Clear,0,No Additional Atmospheric Conditions,1,Clear,0,No,0000000,Not Applicable,8,8:00am-8:59am,54,54,8,8:00am-8:59am,59,59,88,Not Applicable (Not Transported),88,Not Applicable (Not Transported),0,None,0,None,0,None,1,0
2019,55,550272,Wisconsin,1,1,0,2,2,1,1,57,JUNEAU (57),0,NOT APPLICABLE,13,13,8,August,2019,3,Tuesday,8,8:00am-8:59am,30,30,0,This section IS NOT on the NHS,2,Urban,5,Major Collector,1,State Highway Agency,2,U.S. Highway,US-12 SR-16,,99998,Not Reported,43.88420000,43.88420000,-90.190494440,-90.190494440,0,No Special Jurisdiction,9,Pedalcyclist,0,The First Harmful Event was Not a Collision with a Motor Vehicle in Transport,0,No,1,Non-Junction,1,Not an Intersection,0,None,,,2,On Shoulder,1,Daylight,10,Cloudy,0,No Additional Atmospheric Conditions,10,Cloudy,0,No,0000000,Not Applicable,99,Unknown,99,Unknown,99,Unknown EMS Scene Arrival Hour,99,Unknown EMS Scene Arrival Minutes,99,Unknown,99,Unknown EMS Hospital Arrival Time,15,"Non-occupant struck by falling cargo, or something that came loose from, or something that was set in motion by a vehicle",0,None,0,None,1,0
2019,55,550273,Wisconsin,1,1,0,0,0,1,1,31,DOUGLAS (31),0,NOT APPLICABLE,14,14,8,August,2019,4,Wednesday,9,9:00am-9:59am,20,20,0,This section IS NOT on the NHS,1,Rural,4,Minor Arterial,1,State Highway Agency,3,State Highway,SR-35,,99998,Not Reported,46.39264722,46.39264722,-92.164541670,-92.164541670,0,No Special Jurisdiction,1,Rollover/Overturn,0,The First Harmful Event was Not a Collision with a Motor Vehicle in Transport,0,No,1,Non-Junction,1,Not an Intersection,0,None,,,2,On Shoulder,1,Daylight,1,Clear,0,No Additional Atmospheric Conditions,1,Clear,0,No,0000000,Not Applicable,9,9:00am-9:59am,26,26,9,9:00am-9:59am,53,53,88,Not Applicable (Not Transported),88,Not Applicable (Not Transported),2,Shoulder Design or Condition,0,None,0,None,1,0
2019,55,550274,Wisconsin,2,2,0,0,0,3,3,55,JEFFERSON (55),0,NOT APPLICABLE,9,9,8,August,2019,6,Friday,11,11:00am-11:59am,33,33,1,This section IS ON the NHS,1,Rural,1,Interstate,1,State Highway Agency,1,Interstate,I-94,,99998,Not Reported,43.10320833,43.10320833,-88.936930560,-88.936930560,0,No Special Jurisdiction,12,Motor Vehicle In-Transport,1,Front-to-Rear,0,No,1,Non-Junction,1,Not an Intersection,0,None,,,1,On Roadway,1,Daylight,1,Clear,0,No Additional Atmospheric Conditions,1,Clear,0,No,0000000,Not Applicable,11,11:00am-11:59am,34,34,11,11:00am-11:59am,53,53,99,Unknown,99,Unknown EMS Hospital Arrival Time,27,Backup Due to Prior Crash,0,None,0,None,1,0
2019,55,550275,Wisconsin,1,1,0,0,0,2,2,55,JEFFERSON (55),0,NOT APPLICABLE,25,25,7,July,2019,5,Thursday,4,4:00am-4:59am,58,58,1,This section IS ON the NHS,1,Rural,3,Principal Arterial - Other,1,State Highway Agency,2,U.S. Highway,US-12,,99998,Not Reported,42.98509722,42.98509722,-88.971558330,-88.971558330,0,No Special Jurisdiction,32,Culvert,0,The First Harmful Event was Not a Collision with a Motor Vehicle in Transport,0,No,1,Non-Junction,1,Not an Intersection,0,None,,,4,On Roadside,2,Dark - Not Lighted,1,Clear,0,No Additional Atmospheric Conditions,1,Clear,0,No,0000000,Not Applicable,4,4:00am-4:59am,58,58,99,Unknown EMS Scene Arrival Hour,99,Unknown EMS Scene Arrival Minutes,99,Unknown,99,Unknown EMS Hospital Arrival Time,0,None,0,None,0,None,1,0
2019,55,550276,Wisconsin,1,1,0,0,0,1,1,51,IRON (51),0,NOT APPLICABLE,16,16,8,August,2019,6,Friday,99,Unknown Hours,99,Unknown Minutes,0,This section IS NOT on the NHS,1,Rural,4,Minor Arterial,1,State Highway Agency,3,State Highway,SR-182,SR-47,99998,Not Reported,46.08567222,46.08567222,-89.981216670,-89.981216670,0,No Special Jurisdiction,59,Traffic Sign Support,0,The First Harmful Event was Not a Collision with a Motor Vehicle in Transport,0,No,3,Intersection-Related,3,T-Intersection,0,None,,,4,On Roadside,2,Dark - Not Lighted,1,Clear,0,No Additional Atmospheric Conditions,1,Clear,0,No,0000000,Not Applicable,23,11:00pm-11:59pm,13,13,23,11:00pm-11:59pm,99,Unknown EMS Scene Arrival Minutes,88,Not Applicable (Not Transported),88,Not Applicable (Not Transported),0,None,0,None,0,None,1,1
2019,55,550277,Wisconsin,1,1,0,0,0,2,2,1,ADAMS (1),0,NOT APPLICABLE,30,30,7,July,2019,3,Tuesday,2,2:00am-2:59am,8,8,0,This section IS NOT on the NHS,1,Rural,4,Minor Arterial,1,State Highway Agency,3,State Highway,SR-73,,99998,Not Reported,44.24761667,44.24761667,-89.725991670,-89.725991670,0,No Special Jurisdiction,32,Culvert,0,The First Harmful Event was Not a Collision with a Motor Vehicle in Transport,0,No,1,Non-Junction,1,Not an Intersection,0,None,,,4,On Roadside,2,Dark - Not Lighted,10,Cloudy,0,No Additional Atmospheric Conditions,10,Cloudy,0,No,0000000,Not Applicable,3,3:00am-3:59am,57,57,99,Unknown EMS Scene Arrival Hour,99,Unknown EMS Scene Arrival Minutes,99,Unknown,99,Unknown EMS Hospital Arrival Time,0,None,0,None,0,None,1,1
2019,55,550278,Wisconsin,3,3,0,0,0,8,8,27,DODGE (27),755,BURNETT,30,30,7,July,2019,3,Tuesday,18,6:00pm-6:59pm,29,29,0,This section IS NOT on the NHS,1,Rural,5,Major Collector,2,County Highway Agency,4,County Road,CR-E,,0,None,43.47055833,43.47055833,-88.678002780,-88.678002780,0,No Special Jurisdiction,12,Motor Vehicle In-Transport,6,Angle,0,No,1,Non-Junction,1,Not an Intersection,0,None,,,1,On Roadway,1,Daylight,1,Clear,0,No Additional Atmospheric Conditions,1,Clear,0,No,0000000,Not Applicable,18,6:00pm-6:59pm,32,32,18,6:00pm-6:59pm,40,40,19,7:00pm-7:59pm,44,44,0,None,0,None,0,None,1,1
2019,55,550279,Wisconsin,1,1,0,0,0,1,1,79,MILWAUKEE (79),2015,GREENFIELD,15,15,7,July,2019,2,Monday,22,10:00pm-10:59pm,45,45,1,This section IS ON the NHS,2,Urban,3,Principal Arterial - Other,2,County Highway Agency,4,County Road,CR-T,,0,None,42.97985556,42.97985556,-88.039375000,-88.039375000,0,No Special Jurisdiction,25,Concrete Traffic Barrier,0,The First Harmful Event was Not a Collision with a Motor Vehicle in Transport,1,Yes,19,Other location within Interchange Area,1,Not an Intersection,1,Construction,,,4,On Roadside,2,Dark - Not Lighted,1,Clear,0,No Additional Atmospheric Conditions,1,Clear,0,No,0000000,Not Applicable,22,10:00pm-10:59pm,50,50,22,10:00pm-10:59pm,57,57,88,Not Applicable (Not Transported),88,Not Applicable (Not Transported),3,Other Maintenance or Construction-Created Condition,0,None,0,None,1,1
2019,55,550280,Wisconsin,1,1,0,0,0,2,2,13,BURNETT (13),0,NOT APPLICABLE,5,5,4,April,2019,6,Friday,16,4:00pm-4:59pm,41,41,0,This section IS NOT on the NHS,1,Rural,4,Minor Arterial,1,State Highway Agency,3,State Highway,SR-35,SR-70,99998,Not Reported,45.81642500,45.81642500,-92.363616670,-92.363616670,0,No Special Jurisdiction,33,Curb,0,The First Harmful Event was Not a Collision with a Motor Vehicle in Transport,1,Yes,3,Intersection-Related,6,Roundabout,0,None,,,3,On Median,1,Daylight,10,Cloudy,0,No Additional Atmospheric Conditions,10,Cloudy,0,No,0000000,Not Applicable,16,4:00pm-4:59pm,42,42,16,4:00pm-4:59pm,55,55,99,Unknown,99,Unknown EMS Hospital Arrival Time,20,Police Pursuit Involved,0,None,0,None,1,1
2019,55,550282,Wisconsin,1,1,0,1,1,2,2,87,OUTAGAMIE (87),2630,LITTLE CHUTE,29,29,7,July,2019,2,Monday,18,6:00pm-6:59pm,24,24,1,This section IS ON the NHS,2,Urban,3,Principal Arterial - Other,2,County Highway Agency,4,County Road,CR-OO NORTH AVE E,,0,None,44.28829444,44.28829444,-88.291544440,-88.291544440,0,No Special Jurisdiction,9,Pedalcyclist,0,The First Harmful Event was Not a Collision with a Motor Vehicle in Transport,0,No,1,Non-Junction,1,Not an Intersection,0,None,,,1,On Roadway,1,Daylight,1,Clear,0,No Additional Atmospheric Conditions,1,Clear,0,No,0000000,Not Applicable,18,6:00pm-6:59pm,99,Unknown,18,6:00pm-6:59pm,28,28,18,6:00pm-6:59pm,45,45,0,None,0,None,0,None,1,0
2019,55,550283,Wisconsin,1,1,0,0,0,1,1,129,WASHBURN (129),0,NOT APPLICABLE,15,15,8,August,2019,5,Thursday,99,Unknown Hours,99,Unknown Minutes,0,This section IS NOT on the NHS,1,Rural,5,Major Collector,2,County Highway Agency,4,County Road,CR-D,,0,None,45.69637778,45.69637778,-91.870505560,-91.870505560,0,No Special Jurisdiction,42,Tree (Standing Only),0,The First Harmful Event was Not a Collision with a Motor Vehicle in Transport,0,No,1,Non-Junction,1,Not an Intersection,0,None,,,4,On Roadside,2,Dark - Not Lighted,10,Cloudy,0,No Additional Atmospheric Conditions,10,Cloudy,0,No,0000000,Not Applicable,3,3:00am-3:59am,27,27,3,3:00am-3:59am,39,39,88,Not Applicable (Not Transported),88,Not Applicable (Not Transported),0,None,0,None,0,None,1,1
2019,55,550284,Wisconsin,2,2,0,0,0,2,2,101,RACINE (101),0,NOT APPLICABLE,29,29,7,July,2019,2,Monday,17,5:00pm-5:59pm,41,41,0,This section IS NOT on the NHS,1,Rural,4,Minor Arterial,1,State Highway Agency,2,U.S. Highway,US-45 RAYNOR AVE 124 ST S,SEVEN MILE RD,99998,Not Reported,42.82933056,42.82933056,-88.070302780,-88.070302780,0,No Special Jurisdiction,12,Motor Vehicle In-Transport,6,Angle,0,No,2,Intersection,2,Four-Way Intersection,0,None,,,1,On Roadway,1,Daylight,1,Clear,0,No Additional Atmospheric Conditions,1,Clear,0,No,0000000,Not Applicable,99,Unknown,99,Unknown,99,Unknown EMS Scene Arrival Hour,99,Unknown EMS Scene Arrival Minutes,99,Unknown,99,Unknown EMS Hospital Arrival Time,0,None,0,None,0,None,1,0
2019,55,550285,Wisconsin,2,2,0,0,0,3,3,25,DANE (25),2770,MCFARLAND,25,25,8,August,2019,1,Sunday,11,11:00am-11:59am,18,18,0,This section IS NOT on the NHS,2,Urban,3,Principal Arterial - Other,1,State Highway Agency,2,U.S. Highway,US-51,,99998,Not Reported,43.03371944,43.03371944,-89.299380560,-89.299380560,0,No Special Jurisdiction,12,Motor Vehicle In-Transport,1,Front-to-Rear,0,No,1,Non-Junction,1,Not an Intersection,0,None,,,1,On Roadway,1,Daylight,1,Clear,0,No Additional Atmospheric Conditions,1,Clear,0,No,0000000,Not Applicable,11,11:00am-11:59am,20,20,11,11:00am-11:59am,26,26,11,11:00am-11:59am,48,48,26,Prior Non-Recurring Incident,0,None,0,None,1,0
2019,55,550286,Wisconsin,1,1,0,0,0,2,2,135,WAUPACA (135),0,NOT APPLICABLE,3,3,8,August,2019,7,Saturday,15,3:00pm-3:59pm,22,22,0,This section IS NOT on the NHS,1,Rural,7,Local,2,County Highway Agency,4,County Road,CR-C,,0,None,44.66166111,44.66166111,-88.654425000,-88.654425000,0,No Special Jurisdiction,1,Rollover/Overturn,0,The First Harmful Event was Not a Collision with a Motor Vehicle in Transport,0,No,1,Non-Junction,1,Not an Intersection,0,None,,,1,On Roadway,1,Daylight,10,Cloudy,0,No Additional Atmospheric Conditions,10,Cloudy,0,No,0000000,Not Applicable,15,3:00pm-3:59pm,22,22,99,Unknown EMS Scene Arrival Hour,99,Unknown EMS Scene Arrival Minutes,99,Unknown,96,Terminated Transport,0,None,0,None,0,None,1,0
2019,55,550287,Wisconsin,1,1,0,0,0,1,1,47,GREEN LAKE (47),0,NOT APPLICABLE,4,4,8,August,2019,1,Sunday,99,Unknown Hours,99,Unknown Minutes,0,This section IS NOT on the NHS,1,Rural,5,Major Collector,2,County Highway Agency,4,County Road,CR-K,,0,None,43.78333333,43.78333333,-88.988558330,-88.988558330,0,No Special Jurisdiction,42,Tree (Standing Only),0,The First Harmful Event was Not a Collision with a Motor Vehicle in Transport,0,No,1,Non-Junction,1,Not an Intersection,0,None,,,4,On Roadside,9,Reported as Unknown,99,Reported as Unknown,0,No Additional Atmospheric Conditions,99,Reported as Unknown,0,No,0000000,Not Applicable,9,9:00am-9:59am,4,4,9,9:00am-9:59am,13,13,88,Not Applicable (Not Transported),88,Not Applicable (Not Transported),0,None,0,None,0,None,1,1
2019,55,550288,Wisconsin,2,2,0,0,0,6,6,127,WALWORTH (127),5300,WHITEWATER,1,1,8,August,2019,5,Thursday,19,7:00pm-7:59pm,25,25,1,This section IS ON the NHS,2,Urban,3,Principal Arterial - Other,1,State Highway Agency,2,U.S. Highway,US-12,CR-N,99998,Not Reported,42.82710833,42.82710833,-88.770725000,-88.770725000,0,No Special Jurisdiction,12,Motor Vehicle In-Transport,6,Angle,0,No,2,Intersection,2,Four-Way Intersection,0,None,,,1,On Roadway,5,Dusk,1,Clear,0,No Additional Atmospheric Conditions,1,Clear,0,No,0000000,Not Applicable,99,Unknown,99,Unknown,99,Unknown EMS Scene Arrival Hour,99,Unknown EMS Scene Arrival Minutes,99,Unknown,99,Unknown EMS Hospital Arrival Time,0,None,0,None,0,None,2,0
2019,55,550289,Wisconsin,1,1,0,0,0,1,1,109,ST. CROIX (109),0,NOT APPLICABLE,3,3,8,August,2019,7,Saturday,99,Unknown Hours,99,Unknown Minutes,0,This section IS NOT on the NHS,1,Rural,7,Local,3,Town or Township Highway Agency,5,Local Street - Township,NORSEMAN RD,,0,None,44.93251667,44.93251667,-92.146944440,-92.146944440,0,No Special Jurisdiction,43,Other Fixed Object,0,The First Harmful Event was Not a Collision with a Motor Vehicle in Transport,0,No,1,Non-Junction,1,Not an Intersection,1,Construction,,,4,On Roadside,2,Dark - Not Lighted,1,Clear,0,No Additional Atmospheric Conditions,1,Clear,0,No,0000000,Not Applicable,5,5:00am-5:59am,29,29,5,5:00am-5:59am,48,48,88,Not Applicable (Not Transported),88,Not Applicable (Not Transported),3,Other Maintenance or Construction-Created Condition,0,None,0,None,1,1
2019,55,550290,Wisconsin,3,2,1,0,0,2,2,79,MILWAUKEE (79),3100,MILWAUKEE,1,1,8,August,2019,5,Thursday,1,1:00am-1:59am,6,6,0,This section IS NOT on the NHS,2,Urban,7,Local,4,City or Municipal Highway Agency,6,Local Street - Municipality,N 12TH ST,W LOCUST ST,0,None,43.07114722,43.07114722,-87.926727780,-87.926727780,0,No Special Jurisdiction,12,Motor Vehicle In-Transport,6,Angle,1,Yes,2,Intersection,2,Four-Way Intersection,0,None,,,1,On Roadway,3,Dark - Lighted,1,Clear,0,No Additional Atmospheric Conditions,1,Clear,0,No,0000000,Not Applicable,1,1:00am-1:59am,8,8,1,1:00am-1:59am,15,15,1,1:00am-1:59am,46,46,20,Police Pursuit Involved,0,None,0,None,1,0