caseyear,state,st_case,statename,ve_total,ve_forms,pvh_invl,peds,pernotmvit,permvit,persons,county,countyname,city,cityname,day,dayname,month,monthname,year,day_week,day_weekname,hour,hourname,minute,minutename,nhs,nhsname,rur_urb,rur_urbname,func_sys,func_sysname,rd_owner,rd_ownername,route,routename,tway_id,tway_id2,milept,mileptname,latitude,latitudename,longitud,longitudname,sp_jur,sp_jurname,harm_ev,harm_evname,man_coll,man_collname,reljct1,reljct1name,reljct2,reljct2name,typ_int,typ_intname,wrk_zone,wrk_zonename,road_fnc,road_fncname,rel_road,rel_roadname,lgt_cond,lgt_condname,weather1,weather1name,weather2,weather2name,weather,weathername,sch_bus,sch_busname,rail,railname,not_hour,not_hourname,not_min,not_minname,arr_hour,arr_hourname,arr_min,arr_minname,hosp_hr,hosp_hrname,hosp_mn,hosp_mnname,cf1,cf1name,cf2,cf2name,cf3,cf3name,fatals,drunk_dr
2019,55,550291,Wisconsin,2,2,0,0,0,2,2,87,OUTAGAMIE (87),0,NOT APPLICABLE,5,5,8,August,2019,2,Monday,19,7:00pm-7:59pm,23,23,0,This section IS NOT on the NHS,1,Rural,5,Major Collector,2,County Highway Agency,4,County Road,CR-A,,0,None,44.40986944,44.40986944,-88.454869440,-88.454869440,0,No Special Jurisdiction,12,Motor Vehicle In-Transport,6,Angle,0,No,1,Non-Junction,1,Not an Intersection,0,None,,,1,On Roadway,2,Dark - Not Lighted,2,Rain,0,No Additional Atmospheric Conditions,2,Rain,0,No,0000000,Not Applicable,19,7:00pm-7:59pm,30,30,19,7:00pm-7:59pm,46,46,20,8:00pm-8:59pm,16,16,0,None,0,None,0,None,1,1
2019,55,550292,Wisconsin,1,1,0,0,0,1,1,79,MILWAUKEE (79),3100,MILWAUKEE,5,5,8,August,2019,2,Monday,11,11:00am-11:59am,6,6,1,This section IS ON the NHS,2,Urban,1,Interstate,1,State Highway Agency,1,Interstate,I-94,,99998,Not Reported,43.03556944,43.03556944,-87.937608330,-87.937608330,0,No Special Jurisdiction,59,Traffic Sign Support,0,The First Harmful Event was Not a Collision with a Motor Vehicle in Transport,1,Yes,19,Other location within Interchange Area,1,Not an Intersection,0,None,,,4,On Roadside,1,Daylight,10,Cloudy,0,No Additional Atmospheric Conditions,10,Cloudy,0,No,0000000,Not Applicable,11,11:00am-11:59am,10,10,11,11:00am-11:59am,22,22,11,11:00am-11:59am,40,40,0,None,0,None,0,None,1,0
2019,55,550293,Wisconsin,2,2,0,0,0,2,2,25,DANE (25),0,NOT APPLICABLE,14,14,8,August,2019,4,Wednesday,14,2:00pm-2:59pm,7,7,1,This section IS ON the NHS,1,Rural,1,Interstate,1,State Highway Agency,1,Interstate,I-39,,99998,Not Reported,43.22474167,43.22474167,-89.364863890,-89.364863890,0,No Special Jurisdiction,24,Guardrail Face,0,The First Harmful Event was Not a Collision with a Motor Vehicle in Transport,0,No,1,Non-Junction,1,Not an Intersection,0,None,,,3,On Median,1,Daylight,2,Rain,0,No Additional Atmospheric Conditions,2,Rain,0,No,0000000,Not Applicable,99,Unknown,99,Unknown,99,Unknown EMS Scene Arrival Hour,99,Unknown EMS Scene Arrival Minutes,99,Unknown,99,Unknown EMS Hospital Arrival Time,0,None,0,None,0,None,1,0
2019,55,550294,Wisconsin,1,1,0,0,0,1,1,93,PIERCE (93),0,NOT APPLICABLE,26,26,8,August,2019,2,Monday,0,0:00am-0:59am,27,27,1,This section IS ON the NHS,1,Rural,3,Principal Arterial - Other,1,State Highway Agency,2,U.S. Highway,US-63,,99998,Not Reported,44.82871389,44.82871389,-92.410052780,-92.410052780,0,No Special Jurisdiction,1,Rollover/Overturn,0,The First Harmful Event was Not a Collision with a Motor Vehicle in Transport,0,No,1,Non-Junction,1,Not an Intersection,0,None,,,1,On Roadway,2,Dark - Not Lighted,10,Cloudy,0,No Additional Atmospheric Conditions,10,Cloudy,0,No,0000000,Not Applicable,0,0:00am-0:59am,29,29,0,0:00am-0:59am,45,45,88,Not Applicable (Not Transported),88,Not Applicable (Not Transported),0,None,0,None,0,None,1,1
2019,55,550295,Wisconsin,2,2,0,0,0,3,3,105,ROCK (105),0,NOT APPLICABLE,4,4,8,August,2019,1,Sunday,20,8:00pm-8:59pm,17,17,0,This section IS NOT on the NHS,1,Rural,4,Minor Arterial,1,State Highway Agency,3,State Highway,SR-213,SR-59,99998,Not Reported,42.73776667,42.73776667,-89.298336110,-89.298336110,0,No Special Jurisdiction,12,Motor Vehicle In-Transport,6,Angle,0,No,2,Intersection,2,Four-Way Intersection,0,None,,,1,On Roadway,5,Dusk,1,Clear,0,No Additional Atmospheric Conditions,1,Clear,0,No,0000000,Not Applicable,20,8:00pm-8:59pm,17,17,20,8:00pm-8:59pm,29,29,21,9:00pm-9:59pm,5,5,0,None,0,None,0,None,1,1
2019,55,550296,Wisconsin,1,1,0,0,0,1,1,95,POLK (95),0,NOT APPLICABLE,6,6,8,August,2019,3,Tuesday,11,11:00am-11:59am,30,30,0,This section IS NOT on the NHS,1,Rural,4,Minor Arterial,1,State Highway Agency,3,State Highway,SR-87,,99998,Not Reported,45.51133333,45.51133333,-92.651938890,-92.651938890,0,No Special Jurisdiction,11,Live Animal,0,The First Harmful Event was Not a Collision with a Motor Vehicle in Transport,0,No,1,Non-Junction,1,Not an Intersection,0,None,,,1,On Roadway,1,Daylight,1,Clear,0,No Additional Atmospheric Conditions,1,Clear,0,No,0000000,Not Applicable,11,11:00am-11:59am,35,35,11,11:00am-11:59am,43,43,99,Unknown,99,Unknown EMS Hospital Arrival Time,0,None,0,None,0,None,1,0
2019,55,550297,Wisconsin,1,1,0,0,0,2,2,131,WASHINGTON (131),4440,SLINGER,6,6,8,August,2019,3,Tuesday,21,9:00pm-9:59pm,49,49,1,This section IS ON the NHS,2,Urban,1,Interstate,1,State Highway Agency,1,Interstate,I-41,,99998,Not Reported,43.33780833,43.33780833,-88.268969440,-88.268969440,0,No Special Jurisdiction,24,Guardrail Face,0,The First Harmful Event was Not a Collision with a Motor Vehicle in Transport,0,No,1,Non-Junction,1,Not an Intersection,0,None,,,4,On Roadside,2,Dark - Not Lighted,1,Clear,0,No Additional Atmospheric Conditions,1,Clear,0,No,0000000,Not Applicable,21,9:00pm-9:59pm,51,51,21,9:00pm-9:59pm,54,54,23,11:00pm-11:59pm,0,0,0,None,0,None,0,None,2,0
2019,55,550298,Wisconsin,1,1,0,1,1,1,1,105,ROCK (105),2320,JANESVILLE,9,9,8,August,2019,6,Friday,20,8:00pm-8:59pm,53,53,1,This section IS ON the NHS,2,Urban,3,Principal Arterial - Other,1,State Highway Agency,2,U.S. Highway,US-51,,99998,Not Reported,42.70188611,42.70188611,-89.030897220,-89.030897220,0,No Special Jurisdiction,8,Pedestrian,0,The First Harmful Event was Not a Collision with a Motor Vehicle in Transport,0,No,1,Non-Junction,1,Not an Intersection,0,None,,,1,On Roadway,3,Dark - Lighted,1,Clear,0,No Additional Atmospheric Conditions,1,Clear,0,No,0000000,Not Applicable,20,8:00pm-8:59pm,53,53,20,8:00pm-8:59pm,53,53,99,Unknown,99,Unknown EMS Hospital Arrival Time,0,None,0,None,0,None,1,0
2019,55,550299,Wisconsin,2,2,0,0,0,2,2,105,ROCK (105),0,NOT APPLICABLE,9,9,8,August,2019,6,Friday,8,8:00am-8:59am,47,47,1,This section IS ON the NHS,1,Rural,3,Principal Arterial - Other,1,State Highway Agency,3,State Highway,SR-81,,99998,Not Reported,42.54518889,42.54518889,-89.264288890,-89.264288890,0,No Special Jurisdiction,12,Motor Vehicle In-Transport,6,Angle,0,No,1,Non-Junction,1,Not an Intersection,0,None,,,1,On Roadway,1,Daylight,1,Clear,0,No Additional Atmospheric Conditions,1,Clear,0,No,0000000,Not Applicable,8,8:00am-8:59am,54,54,9,9:00am-9:59am,4,4,10,10:00am-10:59am,18,18,0,None,0,None,0,None,1,0
2019,55,550300,Wisconsin,1,1,0,0,0,1,1,99,PRICE (99),0,NOT APPLICABLE,11,11,8,August,2019,1,Sunday,23,11:00pm-11:59pm,28,28,0,This section IS NOT on the NHS,1,Rural,5,Major Collector,1,State Highway Agency,3,State Highway,SR-86,,99998,Not Reported,45.45391667,45.45391667,-90.126938890,-90.126938890,0,No Special Jurisdiction,11,Live Animal,0,The First Harmful Event was Not a Collision with a Motor Vehicle in Transport,0,No,1,Non-Junction,1,Not an Intersection,0,None,,,1,On Roadway,2,Dark - Not Lighted,1,Clear,0,No Additional Atmospheric Conditions,1,Clear,0,No,0000000,Not Applicable,23,11:00pm-11:59pm,29,29,23,11:00pm-11:59pm,48,48,0,0:00am-0:59am,47,47,0,None,0,None,0,None,1,0
2019,55,550301,Wisconsin,2,2,0,0,0,3,3,83,OCONTO (83),0,NOT APPLICABLE,14,14,8,August,2019,4,Wednesday,10,10:00am-10:59am,41,41,1,This section IS ON the NHS,1,Rural,3,Principal Arterial - Other,1,State Highway Agency,2,U.S. Highway,US-41,CR-J,99998,Not Reported,44.80058889,44.80058889,-87.998388890,-87.998388890,0,No Special Jurisdiction,12,Motor Vehicle In-Transport,6,Angle,0,No,2,Intersection,2,Four-Way Intersection,0,None,,,1,On Roadway,1,Daylight,10,Cloudy,0,No Additional Atmospheric Conditions,10,Cloudy,0,No,0000000,Not Applicable,99,Unknown,99,Unknown,99,Unknown EMS Scene Arrival Hour,99,Unknown EMS Scene Arrival Minutes,99,Unknown,99,Unknown EMS Hospital Arrival Time,0,None,0,None,0,None,1,0
2019,55,550302,Wisconsin,2,2,0,0,0,2,2,137,WAUSHARA (137),0,NOT APPLICABLE,17,17,8,August,2019,7,Saturday,12,12:00pm-12:59pm,30,30,0,This section IS NOT on the NHS,1,Rural,4,Minor Arterial,1,State Highway Agency,3,State Highway,SR-49,CYPRESS AVE,99998,Not Reported,44.01241111,44.01241111,-88.959625000,-88.959625000,0,No Special Jurisdiction,12,Motor Vehicle In-Transport,6,Angle,0,No,2,Intersection,2,Four-Way Intersection,0,None,,,1,On Roadway,1,Daylight,1,Clear,0,No Additional Atmospheric Conditions,1,Clear,0,No,0000000,Not Applicable,12,12:00pm-12:59pm,33,33,99,Unknown EMS Scene Arrival Hour,99,Unknown EMS Scene Arrival Minutes,88,Not Applicable (Not Transported),88,Not Applicable (Not Transported),0,None,0,None,0,None,1,0
2019,55,550303,Wisconsin,1,1,0,1,1,1,1,133,WAUKESHA (133),1575,ELM GROVE,17,17,8,August,2019,7,Saturday,13,1:00pm-1:59pm,48,48,1,This section IS ON the NHS,2,Urban,3,Principal Arterial - Other,1,State Highway Agency,2,U.S. Highway,US-18,,99998,Not Reported,43.03606944,43.03606944,-88.102380560,-88.102380560,0,No Special Jurisdiction,8,Pedestrian,0,The First Harmful Event was Not a Collision with a Motor Vehicle in Transport,0,No,1,Non-Junction,1,Not an Intersection,0,None,,,1,On Roadway,1,Daylight,10,Cloudy,0,No Additional Atmospheric Conditions,10,Cloudy,0,No,0000000,Not Applicable,13,1:00pm-1:59pm,49,49,14,2:00pm-2:59pm,0,0,14,2:00pm-2:59pm,14,14,0,None,0,None,0,None,1,0
2019,55,550304,Wisconsin,2,2,0,0,0,2,2,133,WAUKESHA (133),9997,Other,16,16,8,August,2019,6,Friday,9,9:00am-9:59am,37,37,1,This section IS ON the NHS,2,Urban,1,Interstate,1,State Highway Agency,1,Interstate,I-94,,99998,Not Reported,43.06967778,43.06967778,-88.504388890,-88.504388890,0,No Special Jurisdiction,12,Motor Vehicle In-Transport,2,Front-to-Front,0,No,1,Non-Junction,1,Not an Intersection,0,None,,,1,On Roadway,1,Daylight,10,Cloudy,0,No Additional Atmospheric Conditions,10,Cloudy,0,No,0000000,Not Applicable,9,9:00am-9:59am,38,38,9,9:00am-9:59am,45,45,10,10:00am-10:59am,8,8,0,None,0,None,0,None,1,0
2019,55,550305,Wisconsin,2,2,0,0,0,2,2,59,KENOSHA (59),9997,Other,19,19,8,August,2019,2,Monday,11,11:00am-11:59am,50,50,0,This section IS NOT on the NHS,2,Urban,5,Major Collector,2,County Highway Agency,4,County Road,CR-C,98TH ST,0,None,42.53205556,42.53205556,-88.072697220,-88.072697220,0,No Special Jurisdiction,12,Motor Vehicle In-Transport,6,Angle,0,No,2,Intersection,3,T-Intersection,0,None,,,1,On Roadway,1,Daylight,1,Clear,0,No Additional Atmospheric Conditions,1,Clear,0,No,0000000,Not Applicable,11,11:00am-11:59am,50,50,11,11:00am-11:59am,55,55,99,Unknown,99,Unknown EMS Hospital Arrival Time,0,None,0,None,0,None,1,0
2019,55,550306,Wisconsin,3,1,2,0,0,1,1,79,MILWAUKEE (79),3100,MILWAUKEE,16,16,8,August,2019,6,Friday,15,3:00pm-3:59pm,7,7,0,This section IS NOT on the NHS,2,Urban,4,Minor Arterial,4,City or Municipal Highway Agency,6,Local Street - Municipality,S 11TH ST,,0,None,43.00946111,43.00946111,-87.925619440,-87.925619440,0,No Special Jurisdiction,1,Rollover/Overturn,0,The First Harmful Event was Not a Collision with a Motor Vehicle in Transport,0,No,1,Non-Junction,1,Not an Intersection,0,None,,,1,On Roadway,1,Daylight,1,Clear,0,No Additional Atmospheric Conditions,1,Clear,0,No,0000000,Not Applicable,99,Unknown,99,Unknown,99,Unknown EMS Scene Arrival Hour,99,Unknown EMS Scene Arrival Minutes,88,Not Applicable (Not Transported),88,Not Applicable (Not Transported),0,None,0,None,0,None,1,1
2019,55,550307,Wisconsin,1,1,0,0,0,2,2,5,BARRON (5),0,NOT APPLICABLE,17,17,8,August,2019,7,Saturday,6,6:00am-6:59am,25,25,0,This section IS NOT on the NHS,1,Rural,5,Major Collector,2,County Highway Agency,4,County Road,CR-O,,0,None,45.34077778,45.34077778,-91.787413890,-91.787413890,0,No Special Jurisdiction,32,Culvert,0,The First Harmful Event was Not a Collision with a Motor Vehicle in Transport,0,No,1,Non-Junction,1,Not an Intersection,0,None,,,4,On Roadside,1,Daylight,1,Clear,0,No Additional Atmospheric Conditions,1,Clear,0,No,0000000,Not Applicable,6,6:00am-6:59am,35,35,6,6:00am-6:59am,42,42,88,Not Applicable (Not Transported),88,Not Applicable (Not Transported),0,None,0,None,0,None,2,0
2019,55,550308,Wisconsin,1,1,0,0,0,1,1,109,ST. CROIX (109),0,NOT APPLICABLE,17,17,8,August,2019,7,Saturday,99,Unknown Hours,99,Unknown Minutes,0,This section IS NOT on the NHS,1,Rural,4,Minor Arterial,1,State Highway Agency,3,State Highway,SR-46,,99998,Not Reported,45.20428611,45.20428611,-92.385652780,-92.385652780,0,No Special Jurisdiction,1,Rollover/Overturn,0,The First Harmful Event was Not a Collision with a Motor Vehicle in Transport,0,No,1,Non-Junction,1,Not an Intersection,0,None,,,4,On Roadside,9,Reported as Unknown,99,Reported as Unknown,0,No Additional Atmospheric Conditions,99,Reported as Unknown,0,No,0000000,Not Applicable,15,3:00pm-3:59pm,1,1,15,3:00pm-3:59pm,16,16,88,Not Applicable (Not Transported),88,Not Applicable (Not Transported),2,Shoulder Design or Condition,0,None,0,None,1,1
2019,55,550309,Wisconsin,2,2,0,0,0,2,2,125,VILAS (125),635,BOULDER JUNCTION,22,22,8,August,2019,5,Thursday,8,8:00am-8:59am,51,51,1,This section IS ON the NHS,1,Rural,3,Principal Arterial - Other,1,State Highway Agency,2,U.S. Highway,US-51,CR-H,99998,Not Reported,46.06640556,46.06640556,-89.755311110,-89.755311110,0,No Special Jurisdiction,12,Motor Vehicle In-Transport,6,Angle,0,No,2,Intersection,2,Four-Way Intersection,0,None,,,1,On Roadway,1,Daylight,10,Cloudy,0,No Additional Atmospheric Conditions,10,Cloudy,0,No,0000000,Not Applicable,8,8:00am-8:59am,52,52,9,9:00am-9:59am,8,8,9,9:00am-9:59am,42,42,0,None,0,None,0,None,1,1
2019,55,550310,Wisconsin,1,1,0,0,0,1,1,109,ST. CROIX (109),0,NOT APPLICABLE,23,23,8,August,2019,6,Friday,0,0:00am-0:59am,13,13,1,This section IS ON the NHS,1,Rural,3,Principal Arterial - Other,1,State Highway Agency,2,U.S. Highway,US-63,,99998,Not Reported,45.03961667,45.03961667,-92.375069440,-92.375069440,0,No Special Jurisdiction,35,Embankment,0,The First Harmful Event was Not a Collision with a Motor Vehicle in Transport,0,No,1,Non-Junction,1,Not an Intersection,0,None,,,4,On Roadside,2,Dark - Not Lighted,1,Clear,0,No Additional Atmospheric Conditions,1,Clear,0,No,0000000,Not Applicable,0,0:00am-0:59am,15,15,0,0:00am-0:59am,22,22,88,Not Applicable (Not Transported),88,Not Applicable (Not Transported),0,None,0,None,0,None,1,1
2019,55,550311,Wisconsin,1,1,0,0,0,1,1,89,OZAUKEE (89),0,NOT APPLICABLE,26,26,8,August,2019,2,Monday,99,Unknown Hours,99,Unknown Minutes,0,This section IS NOT on the NHS,1,Rural,5,Major Collector,2,County Highway Agency,4,County Road,CR-I,,0,None,43.39525833,43.39525833,-87.979888890,-87.979888890,0,No Special Jurisdiction,1,Rollover/Overturn,0,The First Harmful Event was Not a Collision with a Motor Vehicle in Transport,0,No,1,Non-Junction,1,Not an Intersection,0,None,,,2,On Shoulder,2,Dark - Not Lighted,1,Clear,0,No Additional Atmospheric Conditions,1,Clear,0,No,0000000,Not Applicable,2,2:00am-2:59am,2,2,2,2:00am-2:59am,12,12,88,Not Applicable (Not Transported),88,Not Applicable (Not Transported),0,None,0,None,0,None,1,1
2019,55,550312,Wisconsin,2,2,0,0,0,5,5,79,MILWAUKEE (79),3100,MILWAUKEE,14,14,8,August,2019,4,Wednesday,14,2:00pm-2:59pm,17,17,1,This section IS ON the NHS,2,Urban,3,Principal Arterial - Other,1,State Highway Agency,3,State Highway,SR-145,W CONSTANCE AVE,99998,Not Reported,43.10405000,43.10405000,-87.994025000,-87.994025000,0,No Special Jurisdiction,12,Motor Vehicle In-Transport,7,Sideswipe - Same Direction,0,No,3,Intersection-Related,2,Four-Way Intersection,0,None,,,1,On Roadway,1,Daylight,10,Cloudy,0,No Additional Atmospheric Conditions,10,Cloudy,0,No,0000000,Not Applicable,14,2:00pm-2:59pm,19,19,14,2:00pm-2:59pm,23,23,14,2:00pm-2:59pm,51,51,0,None,0,None,0,None,1,0
2019,55,550313,Wisconsin,2,2,0,0,0,3,3,105,ROCK (105),0,NOT APPLICABLE,24,24,8,August,2019,7,Saturday,9,9:00am-9:59am,43,43,0,This section IS NOT on the NHS,1,Rural,6,Minor Collector,3,Town or Township Highway Agency,5,Local Street - Township,N TUTTLE RD,US-14,0,None,42.76550833,42.76550833,-89.220491670,-89.220491670,0,No Special Jurisdiction,12,Motor Vehicle In-Transport,6,Angle,0,No,2,Intersection,2,Four-Way Intersection,0,None,,,1,On Roadway,1,Daylight,1,Clear,0,No Additional Atmospheric Conditions,1,Clear,0,No,0000000,Not Applicable,9,9:00am-9:59am,44,44,9,9:00am-9:59am,53,53,10,10:00am-10:59am,26,26,0,None,0,None,0,None,1,0
2019,55,550314,Wisconsin,1,1,0,0,0,6,6,57,JUNEAU (57),0,NOT APPLICABLE,24,24,8,August,2019,7,Saturday,1,1:00am-1:59am,0,0,0,This section IS NOT on the NHS,1,Rural,5,Major Collector,2,County Highway Agency,4,County Road,CR-G,,0,None,44.18660000,44.18660000,-90.016158330,-90.016158330,0,No Special Jurisdiction,5,Fell/Jumped from Vehicle,0,The First Harmful Event was Not a Collision with a Motor Vehicle in Transport,0,No,1,Non-Junction,1,Not an Intersection,0,None,,,1,On Roadway,2,Dark - Not Lighted,1,Clear,0,No Additional Atmospheric Conditions,1,Clear,0,No,0000000,Not Applicable,99,Unknown,99,Unknown,99,Unknown EMS Scene Arrival Hour,99,Unknown EMS Scene Arrival Minutes,88,Not Applicable (Not Transported),88,Not Applicable (Not Transported),0,None,0,None,0,None,1,0
2019,55,550315,Wisconsin,2,2,0,0,0,2,2,27,DODGE (27),0,NOT APPLICABLE,28,28,8,August,2019,4,Wednesday,5,5:00am-5:59am,51,51,0,This section IS NOT on the NHS,1,Rural,7,Local,3,Town or Township Highway Agency,5,Local Street - Township,KELLOM RD,,0,None,43.48944444,43.48944444,-88.816183330,-88.816183330,0,No Special Jurisdiction,1,Rollover/Overturn,0,The First Harmful Event was Not a Collision with a Motor Vehicle in Transport,0,No,8,Driveway Access Related,1,Not an Intersection,0,None,,,1,On Roadway,4,Dawn,1,Clear,0,No Additional Atmospheric Conditions,1,Clear,0,No,0000000,Not Applicable,5,5:00am-5:59am,53,53,6,6:00am-6:59am,0,0,6,6:00am-6:59am,17,17,0,None,0,None,0,None,1,0
2019,55,550316,Wisconsin,2,2,0,0,0,2,2,85,ONEIDA (85),0,NOT APPLICABLE,28,28,8,August,2019,4,Wednesday,22,10:00pm-10:59pm,23,23,0,This section IS NOT on the NHS,1,Rural,4,Minor Arterial,1,State Highway Agency,3,State Highway,SR-17,,99998,Not Reported,45.81482500,45.81482500,-89.319991670,-89.319991670,0,No Special Jurisdiction,12,Motor Vehicle In-Transport,6,Angle,0,No,8,Driveway Access Related,1,Not an Intersection,0,None,,,1,On Roadway,2,Dark - Not Lighted,1,Clear,0,No Additional Atmospheric Conditions,1,Clear,0,No,0000000,Not Applicable,22,10:00pm-10:59pm,27,27,99,Unknown EMS Scene Arrival Hour,99,Unknown EMS Scene Arrival Minutes,88,Not Applicable (Not Transported),88,Not Applicable (Not Transported),0,None,0,None,0,None,1,1
2019,55,550317,Wisconsin,2,2,0,0,0,2,2,95,POLK (95),950,CENTURIA,26,26,8,August,2019,2,Monday,11,11:00am-11:59am,54,54,0,This section IS NOT on the NHS,2,Urban,4,Minor Arterial,1,State Highway Agency,3,State Highway,SR-35,8TH ST,99998,Not Reported,45.44715278,45.44715278,-92.549544440,-92.549544440,0,No Special Jurisdiction,12,Motor Vehicle In-Transport,6,Angle,0,No,2,Intersection,2,Four-Way Intersection,0,None,,,1,On Roadway,1,Daylight,1,Clear,0,No Additional Atmospheric Conditions,1,Clear,0,No,0000000,Not Applicable,11,11:00am-11:59am,59,59,12,12:00pm-12:59pm,5,5,12,12:00pm-12:59pm,48,48,0,None,0,None,0,None,1,0
2019,55,550318,Wisconsin,2,2,0,0,0,2,2,25,DANE (25),1724,FITCHBURG,28,28,8,August,2019,4,Wednesday,16,4:00pm-4:59pm,41,41,0,This section IS NOT on the NHS,2,Urban,4,Minor Arterial,2,County Highway Agency,4,County Road,CR-MM,MCCOY RD,0,None,43.02396389,43.02396389,-89.380261110,-89.380261110,0,No Special Jurisdiction,12,Motor Vehicle In-Transport,6,Angle,0,No,2,Intersection,3,T-Intersection,0,None,,,1,On Roadway,1,Daylight,1,Clear,0,No Additional Atmospheric Conditions,1,Clear,0,No,0000000,Not Applicable,99,Unknown,99,Unknown,99,Unknown EMS Scene Arrival Hour,99,Unknown EMS Scene Arrival Minutes,17,5:00pm-5:59pm,0,0,0,None,0,None,0,None,1,0
2019,55,550319,Wisconsin,2,2,0,0,0,2,2,105,ROCK (105),0,NOT APPLICABLE,20,20,8,August,2019,3,Tuesday,5,5:00am-5:59am,0,0,1,This section IS ON the NHS,1,Rural,1,Interstate,1,State Highway Agency,1,Interstate,I-39,,99998,Not Reported,42.64808333,42.64808333,-88.983300000,-88.983300000,0,No Special Jurisdiction,12,Motor Vehicle In-Transport,1,Front-to-Rear,0,No,1,Non-Junction,1,Not an Intersection,4,"Work Zone, Type Unknown",,,1,On Roadway,2,Dark - Not Lighted,10,Cloudy,0,No Additional Atmospheric Conditions,10,Cloudy,0,No,0000000,Not Applicable,99,Unknown,99,Unknown,99,Unknown EMS Scene Arrival Hour,99,Unknown EMS Scene Arrival Minutes,99,Unknown,99,Unknown EMS Hospital Arrival Time,3,Other Maintenance or Construction-Created Condition,0,None,0,None,1,0
2019,55,550320,Wisconsin,1,1,0,1,1,1,1,139,WINNEBAGO (139),3620,OSHKOSH,20,20,8,August,2019,3,Tuesday,17,5:00pm-5:59pm,52,52,0,This section IS NOT on the NHS,2,Urban,4,Minor Arterial,4,City or Municipal Highway Agency,6,Local Street - Municipality,WITZEL AVE,MASON ST,0,None,44.01790278,44.01790278,-88.568547220,-88.568547220,0,No Special Jurisdiction,8,Pedestrian,0,The First Harmful Event was Not a Collision with a Motor Vehicle in Transport,1,Yes,3,Intersection-Related,3,T-Intersection,0,None,,,1,On Roadway,1,Daylight,1,Clear,0,No Additional Atmospheric Conditions,1,Clear,0,No,0000000,Not Applicable,99,Unknown,99,Unknown,99,Unknown EMS Scene Arrival Hour,99,Unknown EMS Scene Arrival Minutes,99,Unknown,99,Unknown EMS Hospital Arrival Time,0,None,0,None,0,None,1,0
2019,55,550322,Wisconsin,1,1,0,0,0,1,1,27,DODGE (27),0,NOT APPLICABLE,25,25,8,August,2019,1,Sunday,23,11:00pm-11:59pm,58,58,0,This section IS NOT on the NHS,1,Rural,4,Minor Arterial,1,State Highway Agency,3,State Highway,SR-68,,99998,Not Reported,43.58260556,43.58260556,-88.854255560,-88.854255560,0,No Special Jurisdiction,30,Utility Pole/Light Support,0,The First Harmful Event was Not a Collision with a Motor Vehicle in Transport,0,No,1,Non-Junction,1,Not an Intersection,0,None,,,4,On Roadside,2,Dark - Not Lighted,10,Cloudy,0,No Additional Atmospheric Conditions,10,Cloudy,0,No,0000000,Not Applicable,0,0:00am-0:59am,3,3,0,0:00am-0:59am,15,15,0,0:00am-0:59am,42,42,18,Date of Crash and Date of EMS Notification were not the same day,0,None,0,None,1,1
2019,55,550323,Wisconsin,1,1,0,1,1,1,1,79,MILWAUKEE (79),3100,MILWAUKEE,2,2,8,August,2019,6,Friday,19,7:00pm-7:59pm,25,25,1,This section IS ON the NHS,2,Urban,3,Principal Arterial - Other,1,State Highway Agency,3,State Highway,SR-57,,99998,Not Reported,43.10681111,43.10681111,-87.931733330,-87.931733330,0,No Special Jurisdiction,8,Pedestrian,0,The First Harmful Event was Not a Collision with a Motor Vehicle in Transport,0,No,1,Non-Junction,1,Not an Intersection,0,None,,,1,On Roadway,1,Daylight,1,Clear,0,No Additional Atmospheric Conditions,1,Clear,0,No,0000000,Not Applicable,19,7:00pm-7:59pm,33,33,99,Unknown EMS Scene Arrival Hour,99,Unknown EMS Scene Arrival Minutes,99,Unknown,99,Unknown EMS Hospital Arrival Time,0,None,0,None,0,None,1,0
2019,55,550324,Wisconsin,1,1,0,1,1,1,1,79,MILWAUKEE (79),3100,MILWAUKEE,1,1,8,August,2019,5,Thursday,20,8:00pm-8:59pm,40,40,0,This section IS NOT on the NHS,2,Urban,7,Local,4,City or Municipal Highway Agency,6,Local Street - Municipality,W CONCORDIA AVE,12TH ST N,0,None,43.07893333,43.07893333,-87.926138890,-87.926138890,0,No Special Jurisdiction,8,Pedestrian,0,The First Harmful Event was Not a Collision with a Motor Vehicle in Transport,0,No,3,Intersection-Related,2,Four-Way Intersection,0,None,,,1,On Roadway,3,Dark - Lighted,1,Clear,0,No Additional Atmospheric Conditions,1,Clear,0,No,0000000,Not Applicable,99,Unknown,99,Unknown,99,Unknown EMS Scene Arrival Hour,99,Unknown EMS Scene Arrival Minutes,99,Unknown,99,Unknown EMS Hospital Arrival Time,0,None,0,None,0,None,1,0