caseyear,state,st_case,statename,ve_total,ve_forms,pvh_invl,peds,pernotmvit,permvit,persons,county,countyname,city,cityname,day,dayname,month,monthname,year,day_week,day_weekname,hour,hourname,minute,minutename,nhs,nhsname,rur_urb,rur_urbname,func_sys,func_sysname,rd_owner,rd_ownername,route,routename,tway_id,tway_id2,milept,mileptname,latitude,latitudename,longitud,longitudname,sp_jur,sp_jurname,harm_ev,harm_evname,man_coll,man_collname,reljct1,reljct1name,reljct2,reljct2name,typ_int,typ_intname,wrk_zone,wrk_zonename,road_fnc,road_fncname,rel_road,rel_roadname,lgt_cond,lgt_condname,weather1,weather1name,weather2,weather2name,weather,weathername,sch_bus,sch_busname,rail,railname,not_hour,not_hourname,not_min,not_minname,arr_hour,arr_hourname,arr_min,arr_minname,hosp_hr,hosp_hrname,hosp_mn,hosp_mnname,cf1,cf1name,cf2,cf2name,cf3,cf3name,fatals,drunk_dr
2019,55,550394,Wisconsin,1,1,0,0,0,1,1,95,POLK (95),0,NOT APPLICABLE,30,30,9,September,2019,2,Monday,15,3:00pm-3:59pm,40,40,0,This section IS NOT on the NHS,1,Rural,4,Minor Arterial,1,State Highway Agency,3,State Highway,SR-65,,99998,Not Reported,45.31190833,45.31190833,-92.500255560,-92.500255560,0,No Special Jurisdiction,1,Rollover/Overturn,0,The First Harmful Event was Not a Collision with a Motor Vehicle in Transport,0,No,1,Non-Junction,1,Not an Intersection,0,None,,,4,On Roadside,1,Daylight,10,Cloudy,0,No Additional Atmospheric Conditions,10,Cloudy,0,No,0000000,Not Applicable,15,3:00pm-3:59pm,43,43,15,3:00pm-3:59pm,54,54,88,Not Applicable (Not Transported),88,Not Applicable (Not Transported),2,Shoulder Design or Condition,0,None,0,None,1,0
2019,55,550395,Wisconsin,2,2,0,0,0,2,2,79,MILWAUKEE (79),3100,MILWAUKEE,20,20,9,September,2019,6,Friday,1,1:00am-1:59am,6,6,0,This section IS NOT on the NHS,2,Urban,4,Minor Arterial,4,City or Municipal Highway Agency,6,Local Street - Municipality,N 27TH ST,W BURLEIGH ST,0,None,43.07523056,43.07523056,-87.947238890,-87.947238890,0,No Special Jurisdiction,12,Motor Vehicle In-Transport,6,Angle,0,No,2,Intersection,2,Four-Way Intersection,0,None,,,1,On Roadway,3,Dark - Lighted,1,Clear,0,No Additional Atmospheric Conditions,1,Clear,0,No,0000000,Not Applicable,1,1:00am-1:59am,14,14,1,1:00am-1:59am,19,19,1,1:00am-1:59am,49,49,0,None,0,None,0,None,1,0
2019,55,550396,Wisconsin,3,3,0,0,0,3,3,131,WASHINGTON (131),0,NOT APPLICABLE,24,24,4,April,2019,4,Wednesday,13,1:00pm-1:59pm,16,16,1,This section IS ON the NHS,1,Rural,3,Principal Arterial - Other,1,State Highway Agency,3,State Highway,SR-33,NABOB DR,99998,Not Reported,43.42751389,43.42751389,-88.271255560,-88.271255560,0,No Special Jurisdiction,12,Motor Vehicle In-Transport,2,Front-to-Front,0,No,2,Intersection,3,T-Intersection,0,None,,,1,On Roadway,1,Daylight,1,Clear,0,No Additional Atmospheric Conditions,1,Clear,0,No,0000000,Not Applicable,13,1:00pm-1:59pm,20,20,13,1:00pm-1:59pm,30,30,13,1:00pm-1:59pm,56,56,14,"Motor Vehicle struck by falling cargo,or something that came loose from or something that was set in motion by a vehicle",0,None,0,None,1,0
2019,55,550397,Wisconsin,1,1,0,1,1,1,1,101,RACINE (101),3970,RACINE,3,3,7,July,2019,4,Wednesday,3,3:00am-3:59am,8,8,0,This section IS NOT on the NHS,2,Urban,4,Minor Arterial,4,City or Municipal Highway Agency,6,Local Street - Municipality,SPRING ST,,0,None,42.73049722,42.73049722,-87.810516670,-87.810516670,0,No Special Jurisdiction,8,Pedestrian,0,The First Harmful Event was Not a Collision with a Motor Vehicle in Transport,0,No,1,Non-Junction,1,Not an Intersection,0,None,,,1,On Roadway,3,Dark - Lighted,1,Clear,0,No Additional Atmospheric Conditions,1,Clear,0,No,0000000,Not Applicable,99,Unknown,99,Unknown,99,Unknown EMS Scene Arrival Hour,99,Unknown EMS Scene Arrival Minutes,88,Not Applicable (Not Transported),88,Not Applicable (Not Transported),0,None,0,None,0,None,1,0
2019,55,550398,Wisconsin,1,1,0,1,1,3,3,25,DANE (25),3140,MONONA,14,14,9,September,2019,7,Saturday,1,1:00am-1:59am,37,37,0,This section IS NOT on the NHS,2,Urban,4,Minor Arterial,2,County Highway Agency,4,County Road,CR-BW  BROADWAY ST W,,0,None,43.04708056,43.04708056,-89.336238890,-89.336238890,0,No Special Jurisdiction,9,Pedalcyclist,0,The First Harmful Event was Not a Collision with a Motor Vehicle in Transport,0,No,1,Non-Junction,1,Not an Intersection,0,None,,,1,On Roadway,3,Dark - Lighted,1,Clear,0,No Additional Atmospheric Conditions,1,Clear,0,No,0000000,Not Applicable,1,1:00am-1:59am,39,39,1,1:00am-1:59am,45,45,88,Not Applicable (Not Transported),88,Not Applicable (Not Transported),0,None,0,None,0,None,1,1
2019,55,550399,Wisconsin,1,1,0,0,0,1,1,25,DANE (25),0,NOT APPLICABLE,1,1,10,October,2019,3,Tuesday,3,3:00am-3:59am,0,0,0,This section IS NOT on the NHS,1,Rural,4,Minor Arterial,1,State Highway Agency,3,State Highway,SR-19,,99998,Not Reported,43.17453056,43.17453056,-89.080641670,-89.080641670,0,No Special Jurisdiction,42,Tree (Standing Only),0,The First Harmful Event was Not a Collision with a Motor Vehicle in Transport,0,No,1,Non-Junction,1,Not an Intersection,0,None,,,5,Outside Trafficway,2,Dark - Not Lighted,1,Clear,0,No Additional Atmospheric Conditions,1,Clear,0,No,0000000,Not Applicable,88,Not Applicable (Not Notified),88,Not Applicable (Not Notified),88,Not Applicable,88,Not Applicable,88,Not Applicable (Not Transported),88,Not Applicable (Not Transported),0,None,0,None,0,None,1,1
2019,55,550400,Wisconsin,1,1,0,0,0,1,1,17,CHIPPEWA (17),0,NOT APPLICABLE,2,2,10,October,2019,4,Wednesday,16,4:00pm-4:59pm,40,40,1,This section IS ON the NHS,1,Rural,3,Principal Arterial - Other,1,State Highway Agency,3,State Highway,SR-29 RAMP,,99998,Not Reported,44.89460833,44.89460833,-91.491538890,-91.491538890,0,No Special Jurisdiction,38,Fence,0,The First Harmful Event was Not a Collision with a Motor Vehicle in Transport,1,Yes,19,Other location within Interchange Area,1,Not an Intersection,0,None,,,4,On Roadside,1,Daylight,2,Rain,10,Cloudy,2,Rain,0,No,0000000,Not Applicable,16,4:00pm-4:59pm,44,44,16,4:00pm-4:59pm,51,51,17,5:00pm-5:59pm,42,42,0,None,0,None,0,None,1,0
2019,55,550401,Wisconsin,1,1,0,0,0,1,1,81,MONROE (81),0,NOT APPLICABLE,30,30,9,September,2019,2,Monday,10,10:00am-10:59am,41,41,0,This section IS NOT on the NHS,1,Rural,5,Major Collector,2,County Highway Agency,4,County Road,CR-A,,0,None,43.88527222,43.88527222,-90.574038890,-90.574038890,0,No Special Jurisdiction,42,Tree (Standing Only),0,The First Harmful Event was Not a Collision with a Motor Vehicle in Transport,0,No,1,Non-Junction,1,Not an Intersection,0,None,,,4,On Roadside,1,Daylight,1,Clear,0,No Additional Atmospheric Conditions,1,Clear,0,No,0000000,Not Applicable,10,10:00am-10:59am,43,43,11,11:00am-11:59am,0,0,99,Unknown,99,Unknown EMS Hospital Arrival Time,0,None,0,None,0,None,1,0
2019,55,550402,Wisconsin,1,1,0,1,1,1,1,9,BROWN (9),2000,GREEN BAY,6,6,10,October,2019,1,Sunday,15,3:00pm-3:59pm,44,44,0,This section IS NOT on the NHS,2,Urban,7,Local,4,City or Municipal Highway Agency,6,Local Street - Municipality,DUNBAR LN,,0,None,44.51123333,44.51123333,-88.095052780,-88.095052780,0,No Special Jurisdiction,8,Pedestrian,0,The First Harmful Event was Not a Collision with a Motor Vehicle in Transport,0,No,4,Driveway Access,1,Not an Intersection,0,None,,,1,On Roadway,1,Daylight,10,Cloudy,0,No Additional Atmospheric Conditions,10,Cloudy,0,No,0000000,Not Applicable,15,3:00pm-3:59pm,44,44,15,3:00pm-3:59pm,51,51,16,4:00pm-4:59pm,0,0,0,None,0,None,0,None,1,0
2019,55,550403,Wisconsin,1,1,0,1,1,1,1,59,KENOSHA (59),3795,PLEASANT PRAIRIE,13,13,10,October,2019,1,Sunday,18,6:00pm-6:59pm,54,54,0,This section IS NOT on the NHS,2,Urban,4,Minor Arterial,1,State Highway Agency,3,State Highway,SR-165 104TH ST,,99998,Not Reported,42.52206667,42.52206667,-87.826616670,-87.826616670,0,No Special Jurisdiction,8,Pedestrian,0,The First Harmful Event was Not a Collision with a Motor Vehicle in Transport,0,No,1,Non-Junction,1,Not an Intersection,0,None,,,1,On Roadway,2,Dark - Not Lighted,1,Clear,0,No Additional Atmospheric Conditions,1,Clear,0,No,0000000,Not Applicable,18,6:00pm-6:59pm,53,53,19,7:00pm-7:59pm,0,0,88,Not Applicable (Not Transported),88,Not Applicable (Not Transported),0,None,0,None,0,None,1,0
2019,55,550404,Wisconsin,2,2,0,0,0,2,2,5,BARRON (5),0,NOT APPLICABLE,17,17,10,October,2019,5,Thursday,4,4:00am-4:59am,52,52,1,This section IS ON the NHS,1,Rural,3,Principal Arterial - Other,1,State Highway Agency,2,U.S. Highway,US-8,,99998,Not Reported,45.40936667,45.40936667,-91.975600000,-91.975600000,0,No Special Jurisdiction,12,Motor Vehicle In-Transport,2,Front-to-Front,0,No,1,Non-Junction,1,Not an Intersection,0,None,,,1,On Roadway,2,Dark - Not Lighted,10,Cloudy,0,No Additional Atmospheric Conditions,10,Cloudy,0,No,0000000,Not Applicable,4,4:00am-4:59am,54,54,5,5:00am-5:59am,5,5,99,Unknown,99,Unknown EMS Hospital Arrival Time,0,None,0,None,0,None,1,0
2019,55,550405,Wisconsin,1,1,0,0,0,1,1,57,JUNEAU (57),0,NOT APPLICABLE,17,17,10,October,2019,5,Thursday,18,6:00pm-6:59pm,28,28,0,This section IS NOT on the NHS,1,Rural,7,Local,3,Town or Township Highway Agency,5,Local Street - Township,CEMETERY RD,,0,None,43.76668056,43.76668056,-90.005530560,-90.005530560,0,No Special Jurisdiction,52,Guardrail End,0,The First Harmful Event was Not a Collision with a Motor Vehicle in Transport,0,No,1,Non-Junction,1,Not an Intersection,0,None,,,4,On Roadside,5,Dusk,1,Clear,0,No Additional Atmospheric Conditions,1,Clear,0,No,0000000,Not Applicable,18,6:00pm-6:59pm,28,28,18,6:00pm-6:59pm,35,35,19,7:00pm-7:59pm,26,26,0,None,0,None,0,None,1,0
2019,55,550406,Wisconsin,2,2,0,0,0,2,2,141,WOOD (141),0,NOT APPLICABLE,9,9,10,October,2019,4,Wednesday,10,10:00am-10:59am,25,25,0,This section IS NOT on the NHS,1,Rural,5,Major Collector,1,State Highway Agency,3,State Highway,SR-173,,99998,Not Reported,44.32191667,44.32191667,-89.952327780,-89.952327780,0,No Special Jurisdiction,12,Motor Vehicle In-Transport,2,Front-to-Front,0,No,1,Non-Junction,1,Not an Intersection,4,"Work Zone, Type Unknown",,,1,On Roadway,1,Daylight,10,Cloudy,0,No Additional Atmospheric Conditions,10,Cloudy,0,No,0000000,Not Applicable,10,10:00am-10:59am,28,28,10,10:00am-10:59am,45,45,88,Not Applicable (Not Transported),88,Not Applicable (Not Transported),0,None,0,None,0,None,2,0
2019,55,550407,Wisconsin,2,2,0,0,0,2,2,29,DOOR (29),0,NOT APPLICABLE,23,23,10,October,2019,4,Wednesday,14,2:00pm-2:59pm,45,45,1,This section IS ON the NHS,1,Rural,3,Principal Arterial - Other,1,State Highway Agency,3,State Highway,SR-57,S CLOVERLEAF RD,99998,Not Reported,44.77513889,44.77513889,-87.511188890,-87.511188890,0,No Special Jurisdiction,12,Motor Vehicle In-Transport,6,Angle,0,No,2,Intersection,2,Four-Way Intersection,0,None,,,1,On Roadway,1,Daylight,1,Clear,0,No Additional Atmospheric Conditions,1,Clear,0,No,0000000,Not Applicable,14,2:00pm-2:59pm,45,45,14,2:00pm-2:59pm,48,48,99,Unknown,99,Unknown EMS Hospital Arrival Time,0,None,0,None,0,None,1,0
2019,55,550408,Wisconsin,2,2,0,0,0,2,2,113,SAWYER (113),0,NOT APPLICABLE,8,8,10,October,2019,3,Tuesday,16,4:00pm-4:59pm,55,55,0,This section IS NOT on the NHS,1,Rural,5,Major Collector,2,County Highway Agency,4,County Road,CR-B,CR-A,0,None,45.98216111,45.98216111,-91.207155560,-91.207155560,0,No Special Jurisdiction,12,Motor Vehicle In-Transport,6,Angle,0,No,2,Intersection,3,T-Intersection,0,None,,,1,On Roadway,1,Daylight,1,Clear,0,No Additional Atmospheric Conditions,1,Clear,0,No,0000000,Not Applicable,16,4:00pm-4:59pm,59,59,17,5:00pm-5:59pm,0,0,99,Unknown,99,Unknown EMS Hospital Arrival Time,0,None,0,None,0,None,1,0
2019,55,550409,Wisconsin,1,1,0,0,0,1,1,59,KENOSHA (59),9997,Other,27,27,10,October,2019,1,Sunday,0,0:00am-0:59am,42,42,0,This section IS NOT on the NHS,2,Urban,7,Local,4,City or Municipal Highway Agency,6,Local Street - Municipality,216TH AVE,,0,None,42.56134167,42.56134167,-88.069805560,-88.069805560,0,No Special Jurisdiction,42,Tree (Standing Only),0,The First Harmful Event was Not a Collision with a Motor Vehicle in Transport,0,No,1,Non-Junction,1,Not an Intersection,0,None,,,4,On Roadside,2,Dark - Not Lighted,2,Rain,0,No Additional Atmospheric Conditions,2,Rain,0,No,0000000,Not Applicable,0,0:00am-0:59am,42,42,0,0:00am-0:59am,59,59,88,Not Applicable (Not Transported),88,Not Applicable (Not Transported),0,None,0,None,0,None,1,1
2019,55,550410,Wisconsin,2,2,0,0,0,2,2,141,WOOD (141),0,NOT APPLICABLE,24,24,10,October,2019,5,Thursday,15,3:00pm-3:59pm,1,1,0,This section IS NOT on the NHS,1,Rural,5,Major Collector,2,County Highway Agency,4,County Road,CR-A,CR-EE,0,None,44.58359722,44.58359722,-90.140552780,-90.140552780,0,No Special Jurisdiction,12,Motor Vehicle In-Transport,6,Angle,0,No,2,Intersection,2,Four-Way Intersection,0,None,,,1,On Roadway,1,Daylight,10,Cloudy,0,No Additional Atmospheric Conditions,10,Cloudy,0,No,0000000,Not Applicable,15,3:00pm-3:59pm,1,1,15,3:00pm-3:59pm,11,11,15,3:00pm-3:59pm,99,Unknown EMS Hospital Arrival Time,0,None,0,None,0,None,2,0
2019,55,550411,Wisconsin,1,1,0,0,0,1,1,53,JACKSON (53),0,NOT APPLICABLE,25,25,10,October,2019,6,Friday,19,7:00pm-7:59pm,12,12,1,This section IS ON the NHS,1,Rural,1,Interstate,1,State Highway Agency,1,Interstate,I-94,,99998,Not Reported,44.17054722,44.17054722,-90.592050000,-90.592050000,0,No Special Jurisdiction,34,Ditch,0,The First Harmful Event was Not a Collision with a Motor Vehicle in Transport,0,No,1,Non-Junction,1,Not an Intersection,0,None,,,3,On Median,2,Dark - Not Lighted,1,Clear,0,No Additional Atmospheric Conditions,1,Clear,0,No,0000000,Not Applicable,9,9:00am-9:59am,17,17,99,Unknown EMS Scene Arrival Hour,99,Unknown EMS Scene Arrival Minutes,88,Not Applicable (Not Transported),88,Not Applicable (Not Transported),0,None,0,None,0,None,1,0
2019,55,550412,Wisconsin,2,2,0,0,0,2,2,79,MILWAUKEE (79),3475,SOUTH MILWAUKEE,26,26,8,August,2019,2,Monday,6,6:00am-6:59am,11,11,1,This section IS ON the NHS,2,Urban,3,Principal Arterial - Other,2,County Highway Agency,4,County Road,CR-BB,SR-38,0,None,42.91560556,42.91560556,-87.910391670,-87.910391670,0,No Special Jurisdiction,12,Motor Vehicle In-Transport,1,Front-to-Rear,1,Yes,3,Intersection-Related,2,Four-Way Intersection,0,None,,,1,On Roadway,1,Daylight,2,Rain,0,No Additional Atmospheric Conditions,2,Rain,0,No,0000000,Not Applicable,6,6:00am-6:59am,15,15,6,6:00am-6:59am,19,19,6,6:00am-6:59am,52,52,0,None,0,None,0,None,1,0
2019,55,550413,Wisconsin,2,2,0,0,0,3,3,3,ASHLAND (3),0,NOT APPLICABLE,24,24,10,October,2019,5,Thursday,11,11:00am-11:59am,37,37,1,This section IS ON the NHS,1,Rural,3,Principal Arterial - Other,1,State Highway Agency,2,U.S. Highway,US-2,,99998,Not Reported,46.54883889,46.54883889,-90.595322220,-90.595322220,0,No Special Jurisdiction,12,Motor Vehicle In-Transport,2,Front-to-Front,0,No,1,Non-Junction,1,Not an Intersection,0,None,,,1,On Roadway,1,Daylight,10,Cloudy,0,No Additional Atmospheric Conditions,10,Cloudy,0,No,0000000,Not Applicable,11,11:00am-11:59am,38,38,11,11:00am-11:59am,55,55,12,12:00pm-12:59pm,51,51,0,None,0,None,0,None,1,0
2019,55,550414,Wisconsin,1,1,0,1,1,1,1,85,ONEIDA (85),0,NOT APPLICABLE,29,29,10,October,2019,3,Tuesday,7,7:00am-7:59am,30,30,0,This section IS NOT on the NHS,1,Rural,6,Minor Collector,2,County Highway Agency,4,County Road,CR-B,,0,None,45.51335000,45.51335000,-89.066691670,-89.066691670,0,No Special Jurisdiction,8,Pedestrian,0,The First Harmful Event was Not a Collision with a Motor Vehicle in Transport,0,No,8,Driveway Access Related,1,Not an Intersection,0,None,,,1,On Roadway,1,Daylight,1,Clear,0,No Additional Atmospheric Conditions,1,Clear,0,No,0000000,Not Applicable,7,7:00am-7:59am,32,32,7,7:00am-7:59am,59,59,99,Unknown,99,Unknown EMS Hospital Arrival Time,0,None,0,None,0,None,1,0
2019,55,550415,Wisconsin,1,1,0,1,1,2,2,117,SHEBOYGAN (117),4330,SHEBOYGAN,9,9,10,October,2019,4,Wednesday,10,10:00am-10:59am,26,26,1,This section IS ON the NHS,2,Urban,3,Principal Arterial - Other,1,State Highway Agency,3,State Highway,SR-28,CENTER AVE,99998,Not Reported,43.75090833,43.75090833,-87.722905560,-87.722905560,0,No Special Jurisdiction,9,Pedalcyclist,0,The First Harmful Event was Not a Collision with a Motor Vehicle in Transport,0,No,2,Intersection,2,Four-Way Intersection,0,None,,,1,On Roadway,1,Daylight,1,Clear,0,No Additional Atmospheric Conditions,1,Clear,0,No,0000000,Not Applicable,99,Unknown,99,Unknown,99,Unknown EMS Scene Arrival Hour,99,Unknown EMS Scene Arrival Minutes,88,Not Applicable (Not Transported),88,Not Applicable (Not Transported),0,None,0,None,0,None,1,0
2019,55,550416,Wisconsin,1,1,0,0,0,2,2,101,RACINE (101),795,CALEDONIA,1,1,11,November,2019,6,Friday,1,1:00am-1:59am,58,58,0,This section IS NOT on the NHS,2,Urban,4,Minor Arterial,4,City or Municipal Highway Agency,6,Local Street - Municipality,GREEN BAY RD,,0,None,42.75556111,42.75556111,-87.821694440,-87.821694440,0,No Special Jurisdiction,59,Traffic Sign Support,0,The First Harmful Event was Not a Collision with a Motor Vehicle in Transport,0,No,1,Non-Junction,1,Not an Intersection,0,None,,,4,On Roadside,3,Dark - Lighted,1,Clear,0,No Additional Atmospheric Conditions,1,Clear,0,No,0000000,Not Applicable,1,1:00am-1:59am,59,59,2,2:00am-2:59am,6,6,99,Unknown,99,Unknown EMS Hospital Arrival Time,0,None,0,None,0,None,1,1
2019,55,550417,Wisconsin,1,1,0,0,0,1,1,89,OZAUKEE (89),0,NOT APPLICABLE,4,4,11,November,2019,2,Monday,23,11:00pm-11:59pm,5,5,0,This section IS NOT on the NHS,1,Rural,4,Minor Arterial,2,County Highway Agency,4,County Road,CR-I,,0,None,43.36515278,43.36515278,-87.980436110,-87.980436110,0,No Special Jurisdiction,34,Ditch,0,The First Harmful Event was Not a Collision with a Motor Vehicle in Transport,0,No,1,Non-Junction,1,Not an Intersection,0,None,,,4,On Roadside,2,Dark - Not Lighted,1,Clear,0,No Additional Atmospheric Conditions,1,Clear,0,No,0000000,Not Applicable,88,Not Applicable (Not Notified),88,Not Applicable (Not Notified),88,Not Applicable,88,Not Applicable,88,Not Applicable (Not Transported),88,Not Applicable (Not Transported),0,None,0,None,0,None,1,0
2019,55,550418,Wisconsin,3,3,0,0,0,4,4,79,MILWAUKEE (79),1921,GLENDALE,5,5,11,November,2019,3,Tuesday,12,12:00pm-12:59pm,34,34,0,This section IS NOT on the NHS,2,Urban,6,Minor Collector,4,City or Municipal Highway Agency,6,Local Street - Municipality,N LYDELL AVE,W OLIVE ST,0,None,43.09280000,43.09280000,-87.910461110,-87.910461110,0,No Special Jurisdiction,12,Motor Vehicle In-Transport,6,Angle,0,No,2,Intersection,2,Four-Way Intersection,0,None,,,1,On Roadway,1,Daylight,1,Clear,0,No Additional Atmospheric Conditions,1,Clear,0,No,0000000,Not Applicable,12,12:00pm-12:59pm,35,35,12,12:00pm-12:59pm,40,40,13,1:00pm-1:59pm,0,0,0,None,0,None,0,None,1,0
2019,55,550419,Wisconsin,1,1,0,0,0,1,1,17,CHIPPEWA (17),0,NOT APPLICABLE,6,6,11,November,2019,4,Wednesday,15,3:00pm-3:59pm,40,40,0,This section IS NOT on the NHS,1,Rural,6,Minor Collector,2,County Highway Agency,4,County Road,CR-X,,0,None,44.90076111,44.90076111,-91.542700000,-91.542700000,0,No Special Jurisdiction,1,Rollover/Overturn,0,The First Harmful Event was Not a Collision with a Motor Vehicle in Transport,0,No,1,Non-Junction,1,Not an Intersection,0,None,,,4,On Roadside,1,Daylight,10,Cloudy,0,No Additional Atmospheric Conditions,10,Cloudy,0,No,0000000,Not Applicable,15,3:00pm-3:59pm,47,47,16,4:00pm-4:59pm,1,1,16,4:00pm-4:59pm,45,45,0,None,0,None,0,None,1,0
2019,55,550420,Wisconsin,2,2,0,0,0,2,2,133,WAUKESHA (133),0,NOT APPLICABLE,6,6,11,November,2019,4,Wednesday,16,4:00pm-4:59pm,30,30,0,This section IS NOT on the NHS,1,Rural,4,Minor Arterial,1,State Highway Agency,3,State Highway,SR-67,,99998,Not Reported,42.85665556,42.85665556,-88.506527780,-88.506527780,0,No Special Jurisdiction,12,Motor Vehicle In-Transport,2,Front-to-Front,0,No,1,Non-Junction,1,Not an Intersection,0,None,,,1,On Roadway,5,Dusk,10,Cloudy,0,No Additional Atmospheric Conditions,10,Cloudy,0,No,0000000,Not Applicable,16,4:00pm-4:59pm,31,31,16,4:00pm-4:59pm,36,36,99,Unknown,99,Unknown EMS Hospital Arrival Time,0,None,0,None,0,None,1,0
2019,55,550421,Wisconsin,1,1,0,0,0,1,1,105,ROCK (105),0,NOT APPLICABLE,26,26,10,October,2019,7,Saturday,4,4:00am-4:59am,0,0,0,This section IS NOT on the NHS,1,Rural,7,Local,3,Town or Township Highway Agency,5,Local Street - Township,ROHERTY RD N,,0,None,42.74252778,42.74252778,-89.170841670,-89.170841670,0,No Special Jurisdiction,42,Tree (Standing Only),0,The First Harmful Event was Not a Collision with a Motor Vehicle in Transport,0,No,1,Non-Junction,1,Not an Intersection,0,None,,,4,On Roadside,2,Dark - Not Lighted,10,Cloudy,0,No Additional Atmospheric Conditions,10,Cloudy,0,No,0000000,Not Applicable,4,4:00am-4:59am,9,9,4,4:00am-4:59am,24,24,5,5:00am-5:59am,8,8,0,None,0,None,0,None,1,1
2019,55,550422,Wisconsin,1,1,0,0,0,1,1,139,WINNEBAGO (139),0,NOT APPLICABLE,7,7,11,November,2019,5,Thursday,99,Unknown Hours,99,Unknown Minutes,0,This section IS NOT on the NHS,1,Rural,4,Minor Arterial,1,State Highway Agency,3,State Highway,SR-91,,99998,Not Reported,43.97131111,43.97131111,-88.825744440,-88.825744440,0,No Special Jurisdiction,32,Culvert,0,The First Harmful Event was Not a Collision with a Motor Vehicle in Transport,0,No,1,Non-Junction,1,Not an Intersection,0,None,,,4,On Roadside,9,Reported as Unknown,10,Cloudy,0,No Additional Atmospheric Conditions,10,Cloudy,0,No,0000000,Not Applicable,6,6:00am-6:59am,37,37,6,6:00am-6:59am,48,48,88,Not Applicable (Not Transported),88,Not Applicable (Not Transported),0,None,0,None,0,None,1,1
2019,55,550423,Wisconsin,2,1,1,0,1,1,2,89,OZAUKEE (89),4270,SAUKVILLE,6,6,11,November,2019,4,Wednesday,7,7:00am-7:59am,55,55,1,This section IS ON the NHS,2,Urban,1,Interstate,1,State Highway Agency,1,Interstate,I-43,,99998,Not Reported,43.38288611,43.38288611,-87.927200000,-87.927200000,0,No Special Jurisdiction,14,Parked Motor Vehicle,0,The First Harmful Event was Not a Collision with a Motor Vehicle in Transport,1,Yes,19,Other location within Interchange Area,1,Not an Intersection,0,None,,,8,Gore,1,Daylight,4,Snow,0,No Additional Atmospheric Conditions,4,Snow,0,No,0000000,Not Applicable,7,7:00am-7:59am,58,58,8,8:00am-8:59am,11,11,88,Not Applicable (Not Transported),88,Not Applicable (Not Transported),0,None,0,None,0,None,1,1
2019,55,550424,Wisconsin,1,1,0,0,0,1,1,29,DOOR (29),5025,DETROIT HARBOR,9,9,11,November,2019,7,Saturday,2,2:00am-2:59am,25,25,0,This section IS NOT on the NHS,1,Rural,5,Major Collector,2,County Highway Agency,4,County Road,CR-W,,0,None,45.35811111,45.35811111,-86.930152780,-86.930152780,0,No Special Jurisdiction,42,Tree (Standing Only),0,The First Harmful Event was Not a Collision with a Motor Vehicle in Transport,0,No,1,Non-Junction,1,Not an Intersection,0,None,,,4,On Roadside,2,Dark - Not Lighted,4,Snow,0,No Additional Atmospheric Conditions,4,Snow,0,No,0000000,Not Applicable,2,2:00am-2:59am,25,25,2,2:00am-2:59am,41,41,88,Not Applicable (Not Transported),88,Not Applicable (Not Transported),0,None,0,None,0,None,1,1
2019,55,550425,Wisconsin,1,1,0,1,1,2,2,25,DANE (25),2780,MADISON,4,4,11,November,2019,2,Monday,19,7:00pm-7:59pm,0,0,1,This section IS ON the NHS,2,Urban,3,Principal Arterial - Other,1,State Highway Agency,2,U.S. Highway,US-12,,99998,Not Reported,43.04509167,43.04509167,-89.266427780,-89.266427780,0,No Special Jurisdiction,8,Pedestrian,0,The First Harmful Event was Not a Collision with a Motor Vehicle in Transport,0,No,1,Non-Junction,1,Not an Intersection,0,None,,,1,On Roadway,2,Dark - Not Lighted,1,Clear,0,No Additional Atmospheric Conditions,1,Clear,0,No,0000000,Not Applicable,19,7:00pm-7:59pm,5,5,19,7:00pm-7:59pm,8,8,88,Not Applicable (Not Transported),88,Not Applicable (Not Transported),0,None,0,None,0,None,1,0
2019,55,550426,Wisconsin,1,1,0,0,0,1,1,119,TAYLOR (119),0,NOT APPLICABLE,9,9,11,November,2019,7,Saturday,1,1:00am-1:59am,52,52,0,This section IS NOT on the NHS,1,Rural,4,Minor Arterial,1,State Highway Agency,3,State Highway,SR-64,,99998,Not Reported,45.14246944,45.14246944,-90.179727780,-90.179727780,0,No Special Jurisdiction,35,Embankment,0,The First Harmful Event was Not a Collision with a Motor Vehicle in Transport,0,No,1,Non-Junction,1,Not an Intersection,0,None,,,4,On Roadside,2,Dark - Not Lighted,10,Cloudy,0,No Additional Atmospheric Conditions,10,Cloudy,0,No,0000000,Not Applicable,1,1:00am-1:59am,55,55,2,2:00am-2:59am,11,11,2,2:00am-2:59am,35,35,0,None,0,None,0,None,1,1