caseyear,state,st_case,statename,ve_total,ve_forms,pvh_invl,peds,pernotmvit,permvit,persons,county,countyname,city,cityname,day,dayname,month,monthname,year,day_week,day_weekname,hour,hourname,minute,minutename,nhs,nhsname,rur_urb,rur_urbname,func_sys,func_sysname,rd_owner,rd_ownername,route,routename,tway_id,tway_id2,milept,mileptname,latitude,latitudename,longitud,longitudname,sp_jur,sp_jurname,harm_ev,harm_evname,man_coll,man_collname,reljct1,reljct1name,reljct2,reljct2name,typ_int,typ_intname,wrk_zone,wrk_zonename,road_fnc,road_fncname,rel_road,rel_roadname,lgt_cond,lgt_condname,weather1,weather1name,weather2,weather2name,weather,weathername,sch_bus,sch_busname,rail,railname,not_hour,not_hourname,not_min,not_minname,arr_hour,arr_hourname,arr_min,arr_minname,hosp_hr,hosp_hrname,hosp_mn,hosp_mnname,cf1,cf1name,cf2,cf2name,cf3,cf3name,fatals,drunk_dr
2019,55,550498,Wisconsin,2,2,0,0,0,2,2,107,RUSK (107),0,NOT APPLICABLE,19,19,11,November,2019,3,Tuesday,7,7:00am-7:59am,50,50,1,This section IS ON the NHS,1,Rural,3,Principal Arterial - Other,1,State Highway Agency,2,U.S. Highway,US-8,,99998,Not Reported,45.40728056,45.40728056,-91.462311110,-91.462311110,0,No Special Jurisdiction,12,Motor Vehicle In-Transport,2,Front-to-Front,0,No,1,Non-Junction,1,Not an Intersection,0,None,,,1,On Roadway,1,Daylight,2,Rain,12,Freezing Rain or Drizzle,12,Freezing Rain or Drizzle,0,No,0000000,Not Applicable,7,7:00am-7:59am,52,52,8,8:00am-8:59am,99,Unknown EMS Scene Arrival Minutes,9,9:00am-9:59am,99,Unknown EMS Hospital Arrival Time,0,None,0,None,0,None,1,0
2019,55,550499,Wisconsin,1,1,0,0,0,1,1,57,JUNEAU (57),0,NOT APPLICABLE,24,24,11,November,2019,1,Sunday,99,Unknown Hours,99,Unknown Minutes,0,This section IS NOT on the NHS,1,Rural,7,Local,3,Town or Township Highway Agency,5,Local Street - Township,39TH ST E,,0,None,43.89424167,43.89424167,-90.119155560,-90.119155560,0,No Special Jurisdiction,42,Tree (Standing Only),0,The First Harmful Event was Not a Collision with a Motor Vehicle in Transport,0,No,1,Non-Junction,1,Not an Intersection,0,None,,,4,On Roadside,2,Dark - Not Lighted,1,Clear,0,No Additional Atmospheric Conditions,1,Clear,0,No,0000000,Not Applicable,88,Not Applicable (Not Notified),88,Not Applicable (Not Notified),88,Not Applicable,88,Not Applicable,88,Not Applicable (Not Transported),88,Not Applicable (Not Transported),0,None,0,None,0,None,1,1
2019,55,550500,Wisconsin,1,1,0,1,1,2,2,5,BARRON (5),0,NOT APPLICABLE,20,20,11,November,2019,4,Wednesday,17,5:00pm-5:59pm,12,12,1,This section IS ON the NHS,1,Rural,3,Principal Arterial - Other,1,State Highway Agency,3,State Highway,SR-25,,99998,Not Reported,45.30340278,45.30340278,-91.859636110,-91.859636110,0,No Special Jurisdiction,8,Pedestrian,0,The First Harmful Event was Not a Collision with a Motor Vehicle in Transport,0,No,1,Non-Junction,1,Not an Intersection,0,None,,,1,On Roadway,2,Dark - Not Lighted,10,Cloudy,0,No Additional Atmospheric Conditions,10,Cloudy,0,No,0000000,Not Applicable,17,5:00pm-5:59pm,17,17,17,5:00pm-5:59pm,33,33,99,Unknown,99,Unknown EMS Hospital Arrival Time,0,None,0,None,0,None,1,0
2019,55,550501,Wisconsin,2,2,0,0,0,2,2,71,MANITOWOC (71),0,NOT APPLICABLE,19,19,11,November,2019,3,Tuesday,13,1:00pm-1:59pm,40,40,0,This section IS NOT on the NHS,1,Rural,5,Major Collector,2,County Highway Agency,4,County Road,CR-K,CR-W,0,None,44.22577222,44.22577222,-87.969766670,-87.969766670,0,No Special Jurisdiction,12,Motor Vehicle In-Transport,6,Angle,0,No,2,Intersection,2,Four-Way Intersection,0,None,,,1,On Roadway,1,Daylight,10,Cloudy,0,No Additional Atmospheric Conditions,10,Cloudy,0,No,0000000,Not Applicable,13,1:00pm-1:59pm,40,40,13,1:00pm-1:59pm,56,56,99,Unknown,99,Unknown EMS Hospital Arrival Time,0,None,0,None,0,None,1,0
2019,55,550502,Wisconsin,1,1,0,0,0,1,1,31,DOUGLAS (31),0,NOT APPLICABLE,22,22,11,November,2019,6,Friday,17,5:00pm-5:59pm,49,49,1,This section IS ON the NHS,1,Rural,3,Principal Arterial - Other,1,State Highway Agency,2,U.S. Highway,US-53,,99998,Not Reported,46.31356111,46.31356111,-91.812113890,-91.812113890,0,No Special Jurisdiction,53,Mail Box,0,The First Harmful Event was Not a Collision with a Motor Vehicle in Transport,0,No,1,Non-Junction,1,Not an Intersection,0,None,,,4,On Roadside,2,Dark - Not Lighted,1,Clear,0,No Additional Atmospheric Conditions,1,Clear,0,No,0000000,Not Applicable,17,5:00pm-5:59pm,51,51,18,6:00pm-6:59pm,1,1,88,Not Applicable (Not Transported),88,Not Applicable (Not Transported),0,None,0,None,0,None,1,0
2019,55,550503,Wisconsin,1,1,0,0,0,1,1,5,BARRON (5),0,NOT APPLICABLE,28,28,11,November,2019,5,Thursday,0,0:00am-0:59am,10,10,0,This section IS NOT on the NHS,1,Rural,4,Minor Arterial,1,State Highway Agency,3,State Highway,SR-48,,99998,Not Reported,45.53151944,45.53151944,-91.965816670,-91.965816670,0,No Special Jurisdiction,1,Rollover/Overturn,0,The First Harmful Event was Not a Collision with a Motor Vehicle in Transport,0,No,1,Non-Junction,1,Not an Intersection,0,None,,,4,On Roadside,2,Dark - Not Lighted,10,Cloudy,0,No Additional Atmospheric Conditions,10,Cloudy,0,No,0000000,Not Applicable,0,0:00am-0:59am,12,12,0,0:00am-0:59am,19,19,0,0:00am-0:59am,35,35,0,None,0,None,0,None,1,1
2019,55,550504,Wisconsin,1,1,0,0,0,1,1,113,SAWYER (113),0,NOT APPLICABLE,27,27,11,November,2019,4,Wednesday,14,2:00pm-2:59pm,52,52,0,This section IS NOT on the NHS,1,Rural,5,Major Collector,2,County Highway Agency,4,County Road,CR-E,,0,None,45.88234444,45.88234444,-91.385275000,-91.385275000,0,No Special Jurisdiction,42,Tree (Standing Only),0,The First Harmful Event was Not a Collision with a Motor Vehicle in Transport,0,No,1,Non-Junction,1,Not an Intersection,0,None,,,4,On Roadside,1,Daylight,10,Cloudy,0,No Additional Atmospheric Conditions,10,Cloudy,0,No,0000000,Not Applicable,0,0:00am-0:59am,0,0,0,0:00am-0:59am,0,0,88,Not Applicable (Not Transported),88,Not Applicable (Not Transported),0,None,0,None,0,None,1,1
2019,55,550505,Wisconsin,3,3,0,0,0,3,3,105,ROCK (105),0,NOT APPLICABLE,22,22,11,November,2019,6,Friday,17,5:00pm-5:59pm,59,59,1,This section IS ON the NHS,1,Rural,3,Principal Arterial - Other,1,State Highway Agency,3,State Highway,SR-81,,99998,Not Reported,42.54055278,42.54055278,-89.253888890,-89.253888890,0,No Special Jurisdiction,12,Motor Vehicle In-Transport,2,Front-to-Front,0,No,1,Non-Junction,1,Not an Intersection,0,None,,,1,On Roadway,2,Dark - Not Lighted,1,Clear,0,No Additional Atmospheric Conditions,1,Clear,0,No,0000000,Not Applicable,18,6:00pm-6:59pm,0,0,18,6:00pm-6:59pm,99,Unknown EMS Scene Arrival Minutes,19,7:00pm-7:59pm,99,Unknown EMS Hospital Arrival Time,14,"Motor Vehicle struck by falling cargo,or something that came loose from or something that was set in motion by a vehicle",0,None,0,None,1,1
2019,55,550506,Wisconsin,2,2,0,0,0,4,4,25,DANE (25),3140,MONONA,19,19,11,November,2019,3,Tuesday,12,12:00pm-12:59pm,49,49,1,This section IS ON the NHS,2,Urban,2,Principal Arterial - Other Freeways and Expressways,1,State Highway Agency,2,U.S. Highway,US-12,,99998,Not Reported,43.04396944,43.04396944,-89.343519440,-89.343519440,0,No Special Jurisdiction,12,Motor Vehicle In-Transport,7,Sideswipe - Same Direction,0,No,1,Non-Junction,1,Not an Intersection,0,None,,,1,On Roadway,1,Daylight,10,Cloudy,0,No Additional Atmospheric Conditions,10,Cloudy,0,No,0000000,Not Applicable,12,12:00pm-12:59pm,50,50,12,12:00pm-12:59pm,51,51,13,1:00pm-1:59pm,16,16,0,None,0,None,0,None,1,0
2019,55,550507,Wisconsin,1,1,0,1,1,1,1,79,MILWAUKEE (79),3100,MILWAUKEE,27,27,11,November,2019,4,Wednesday,13,1:00pm-1:59pm,16,16,0,This section IS NOT on the NHS,2,Urban,4,Minor Arterial,4,City or Municipal Highway Agency,6,Local Street - Municipality,N 35TH ST,W HIGHLAND BLVD,0,None,43.04467222,43.04467222,-87.957686110,-87.957686110,0,No Special Jurisdiction,8,Pedestrian,0,The First Harmful Event was Not a Collision with a Motor Vehicle in Transport,0,No,3,Intersection-Related,2,Four-Way Intersection,0,None,,,1,On Roadway,1,Daylight,2,Rain,10,Cloudy,2,Rain,0,No,0000000,Not Applicable,13,1:00pm-1:59pm,16,16,99,Unknown EMS Scene Arrival Hour,99,Unknown EMS Scene Arrival Minutes,99,Unknown,99,Unknown EMS Hospital Arrival Time,0,None,0,None,0,None,1,0
2019,55,550508,Wisconsin,1,1,0,1,1,2,2,9,BROWN (9),223,ASHWAUBENON,29,29,11,November,2019,6,Friday,23,11:00pm-11:59pm,35,35,1,This section IS ON the NHS,2,Urban,3,Principal Arterial - Other,1,State Highway Agency,3,State Highway,SR-32,,99998,Not Reported,44.48782222,44.48782222,-88.050947220,-88.050947220,0,No Special Jurisdiction,8,Pedestrian,0,The First Harmful Event was Not a Collision with a Motor Vehicle in Transport,0,No,1,Non-Junction,1,Not an Intersection,0,None,,,2,On Shoulder,2,Dark - Not Lighted,10,Cloudy,0,No Additional Atmospheric Conditions,10,Cloudy,0,No,0000000,Not Applicable,0,0:00am-0:59am,11,11,0,0:00am-0:59am,20,20,88,Not Applicable (Not Transported),88,Not Applicable (Not Transported),18,Date of Crash and Date of EMS Notification were not the same day,0,None,0,None,1,0
2019,55,550509,Wisconsin,2,2,0,0,0,4,4,13,BURNETT (13),0,NOT APPLICABLE,28,28,12,December,2019,7,Saturday,15,3:00pm-3:59pm,10,10,1,This section IS ON the NHS,1,Rural,3,Principal Arterial - Other,1,State Highway Agency,3,State Highway,SR-70,,99998,Not Reported,45.77286111,45.77286111,-92.650905560,-92.650905560,0,No Special Jurisdiction,12,Motor Vehicle In-Transport,6,Angle,0,No,1,Non-Junction,1,Not an Intersection,0,None,,,1,On Roadway,1,Daylight,2,Rain,3,Sleet or Hail,3,Sleet or Hail,0,No,0000000,Not Applicable,15,3:00pm-3:59pm,12,12,15,3:00pm-3:59pm,27,27,88,Not Applicable (Not Transported),88,Not Applicable (Not Transported),0,None,0,None,0,None,2,0
2019,55,550510,Wisconsin,1,1,0,0,0,1,1,127,WALWORTH (127),1740,FONTANA,21,21,12,December,2019,7,Saturday,16,4:00pm-4:59pm,29,29,0,This section IS NOT on the NHS,2,Urban,4,Minor Arterial,1,State Highway Agency,3,State Highway,SR-67 VALLEY VIEW DR,,99998,Not Reported,42.56328056,42.56328056,-88.580388890,-88.580388890,0,No Special Jurisdiction,42,Tree (Standing Only),0,The First Harmful Event was Not a Collision with a Motor Vehicle in Transport,0,No,1,Non-Junction,1,Not an Intersection,0,None,,,6,Off Roadway-Location Unknown,1,Daylight,1,Clear,0,No Additional Atmospheric Conditions,1,Clear,0,No,0000000,Not Applicable,99,Unknown,99,Unknown,99,Unknown EMS Scene Arrival Hour,99,Unknown EMS Scene Arrival Minutes,99,Unknown,99,Unknown EMS Hospital Arrival Time,0,None,0,None,0,None,1,0
2019,55,550511,Wisconsin,2,1,1,1,1,1,1,79,MILWAUKEE (79),3100,MILWAUKEE,24,24,12,December,2019,3,Tuesday,20,8:00pm-8:59pm,15,15,0,This section IS NOT on the NHS,2,Urban,4,Minor Arterial,4,City or Municipal Highway Agency,6,Local Street - Municipality,S HOWELL AVE,,0,None,42.99586389,42.99586389,-87.904733330,-87.904733330,0,No Special Jurisdiction,59,Traffic Sign Support,0,The First Harmful Event was Not a Collision with a Motor Vehicle in Transport,0,No,1,Non-Junction,1,Not an Intersection,0,None,,,4,On Roadside,3,Dark - Lighted,1,Clear,0,No Additional Atmospheric Conditions,1,Clear,0,No,0000000,Not Applicable,99,Unknown,99,Unknown,99,Unknown EMS Scene Arrival Hour,99,Unknown EMS Scene Arrival Minutes,88,Not Applicable (Not Transported),88,Not Applicable (Not Transported),0,None,0,None,0,None,1,0
2019,55,550512,Wisconsin,1,1,0,0,0,1,1,25,DANE (25),0,NOT APPLICABLE,25,25,12,December,2019,4,Wednesday,22,10:00pm-10:59pm,19,19,0,This section IS NOT on the NHS,1,Rural,5,Major Collector,1,State Highway Agency,3,State Highway,SR-138,,99998,Not Reported,42.88821667,42.88821667,-89.230694440,-89.230694440,0,No Special Jurisdiction,42,Tree (Standing Only),0,The First Harmful Event was Not a Collision with a Motor Vehicle in Transport,0,No,1,Non-Junction,1,Not an Intersection,0,None,,,4,On Roadside,2,Dark - Not Lighted,1,Clear,0,No Additional Atmospheric Conditions,1,Clear,0,No,0000000,Not Applicable,22,10:00pm-10:59pm,24,24,22,10:00pm-10:59pm,31,31,99,Unknown,99,Unknown EMS Hospital Arrival Time,0,None,0,None,0,None,1,1
2019,55,550513,Wisconsin,2,2,0,0,0,2,2,119,TAYLOR (119),0,NOT APPLICABLE,31,31,12,December,2019,3,Tuesday,13,1:00pm-1:59pm,17,17,0,This section IS NOT on the NHS,1,Rural,7,Local,3,Town or Township Highway Agency,5,Local Street - Township,7TH AVE,,0,None,45.07899722,45.07899722,-90.759702780,-90.759702780,0,No Special Jurisdiction,12,Motor Vehicle In-Transport,6,Angle,0,No,8,Driveway Access Related,1,Not an Intersection,0,None,,,1,On Roadway,1,Daylight,1,Clear,0,No Additional Atmospheric Conditions,1,Clear,0,No,0000000,Not Applicable,13,1:00pm-1:59pm,21,21,13,1:00pm-1:59pm,40,40,14,2:00pm-2:59pm,26,26,0,None,0,None,0,None,1,0
2019,55,550514,Wisconsin,1,1,0,0,0,1,1,23,CRAWFORD (23),0,NOT APPLICABLE,3,3,11,November,2019,1,Sunday,3,3:00am-3:59am,20,20,0,This section IS NOT on the NHS,1,Rural,5,Major Collector,1,State Highway Agency,3,State Highway,SR-171,,99998,Not Reported,43.32722500,43.32722500,-90.749161110,-90.749161110,0,No Special Jurisdiction,31,"Post, Pole or Other Supports",0,The First Harmful Event was Not a Collision with a Motor Vehicle in Transport,0,No,1,Non-Junction,1,Not an Intersection,4,"Work Zone, Type Unknown",,,4,On Roadside,2,Dark - Not Lighted,1,Clear,0,No Additional Atmospheric Conditions,1,Clear,0,No,0000000,Not Applicable,3,3:00am-3:59am,42,42,4,4:00am-4:59am,0,0,99,Unknown,99,Unknown EMS Hospital Arrival Time,0,None,0,None,0,None,1,1
2019,55,550515,Wisconsin,2,2,0,0,0,7,7,67,LANGLADE (67),0,NOT APPLICABLE,30,30,11,November,2019,7,Saturday,11,11:00am-11:59am,7,7,1,This section IS ON the NHS,1,Rural,3,Principal Arterial - Other,1,State Highway Agency,2,U.S. Highway,US-45,,99998,Not Reported,45.09960833,45.09960833,-89.153808330,-89.153808330,0,No Special Jurisdiction,12,Motor Vehicle In-Transport,6,Angle,0,No,1,Non-Junction,1,Not an Intersection,0,None,,,1,On Roadway,1,Daylight,3,Sleet or Hail,4,Snow,4,Snow,0,No,0000000,Not Applicable,11,11:00am-11:59am,12,12,11,11:00am-11:59am,17,17,99,Unknown,99,Unknown EMS Hospital Arrival Time,0,None,0,None,0,None,1,0
2019,55,550516,Wisconsin,2,2,0,0,0,2,2,111,SAUK (111),0,NOT APPLICABLE,6,6,12,December,2019,6,Friday,13,1:00pm-1:59pm,16,16,0,This section IS NOT on the NHS,1,Rural,5,Major Collector,1,State Highway Agency,3,State Highway,SR-136,SR-23,99998,Not Reported,43.53245000,43.53245000,-89.954558330,-89.954558330,0,No Special Jurisdiction,12,Motor Vehicle In-Transport,6,Angle,0,No,2,Intersection,3,T-Intersection,0,None,,,1,On Roadway,1,Daylight,1,Clear,0,No Additional Atmospheric Conditions,1,Clear,0,No,0000000,Not Applicable,13,1:00pm-1:59pm,16,16,13,1:00pm-1:59pm,18,18,99,Unknown,99,Unknown EMS Hospital Arrival Time,0,None,0,None,0,None,1,0
2019,55,550517,Wisconsin,1,1,0,0,0,2,2,39,FOND DU LAC (39),0,NOT APPLICABLE,5,5,12,December,2019,5,Thursday,1,1:00am-1:59am,11,11,0,This section IS NOT on the NHS,1,Rural,4,Minor Arterial,2,County Highway Agency,4,County Road,CR-D,,0,None,43.74073333,43.74073333,-88.500675000,-88.500675000,0,No Special Jurisdiction,59,Traffic Sign Support,0,The First Harmful Event was Not a Collision with a Motor Vehicle in Transport,0,No,1,Non-Junction,1,Not an Intersection,0,None,,,4,On Roadside,2,Dark - Not Lighted,1,Clear,0,No Additional Atmospheric Conditions,1,Clear,0,No,0000000,Not Applicable,1,1:00am-1:59am,12,12,99,Unknown EMS Scene Arrival Hour,98,Unknown if Arrived,88,Not Applicable (Not Transported),88,Not Applicable (Not Transported),0,None,0,None,0,None,2,1
2019,55,550518,Wisconsin,2,2,0,0,0,5,5,89,OZAUKEE (89),3002,MEQUON,9,9,12,December,2019,2,Monday,12,12:00pm-12:59pm,43,43,1,This section IS ON the NHS,2,Urban,3,Principal Arterial - Other,1,State Highway Agency,3,State Highway,SR-181 WAUWATOSA RD,CR-AT COUNTY LINE RD,99998,Not Reported,43.19256667,43.19256667,-88.003941670,-88.003941670,0,No Special Jurisdiction,12,Motor Vehicle In-Transport,6,Angle,1,Yes,2,Intersection,2,Four-Way Intersection,0,None,,,1,On Roadway,1,Daylight,2,Rain,10,Cloudy,2,Rain,0,No,0000000,Not Applicable,12,12:00pm-12:59pm,45,45,12,12:00pm-12:59pm,49,49,13,1:00pm-1:59pm,23,23,0,None,0,None,0,None,1,0
2019,55,550520,Wisconsin,1,1,0,1,1,2,2,29,DOOR (29),0,NOT APPLICABLE,6,6,12,December,2019,6,Friday,19,7:00pm-7:59pm,4,4,0,This section IS NOT on the NHS,1,Rural,4,Minor Arterial,1,State Highway Agency,3,State Highway,SR-57,,99998,Not Reported,44.89303889,44.89303889,-87.288141670,-87.288141670,0,No Special Jurisdiction,8,Pedestrian,0,The First Harmful Event was Not a Collision with a Motor Vehicle in Transport,0,No,1,Non-Junction,1,Not an Intersection,0,None,,,1,On Roadway,3,Dark - Lighted,1,Clear,0,No Additional Atmospheric Conditions,1,Clear,0,No,0000000,Not Applicable,19,7:00pm-7:59pm,5,5,19,7:00pm-7:59pm,11,11,19,7:00pm-7:59pm,24,24,0,None,0,None,0,None,1,0
2019,55,550521,Wisconsin,2,2,0,0,0,2,2,135,WAUPACA (135),0,NOT APPLICABLE,16,16,12,December,2019,2,Monday,5,5:00am-5:59am,35,35,0,This section IS NOT on the NHS,1,Rural,3,Principal Arterial - Other,1,State Highway Agency,3,State Highway,SR-22,,99998,Not Reported,44.32688889,44.32688889,-89.151994440,-89.151994440,0,No Special Jurisdiction,12,Motor Vehicle In-Transport,2,Front-to-Front,0,No,1,Non-Junction,1,Not an Intersection,0,None,,,1,On Roadway,2,Dark - Not Lighted,1,Clear,0,No Additional Atmospheric Conditions,1,Clear,0,No,0000000,Not Applicable,5,5:00am-5:59am,38,38,5,5:00am-5:59am,42,42,88,Not Applicable (Not Transported),88,Not Applicable (Not Transported),0,None,0,None,0,None,1,0
2019,55,550522,Wisconsin,1,1,0,0,0,1,1,71,MANITOWOC (71),4890,TWO RIVERS,22,22,12,December,2019,1,Sunday,2,2:00am-2:59am,57,57,0,This section IS NOT on the NHS,2,Urban,3,Principal Arterial - Other,1,State Highway Agency,3,State Highway,SR-310 HAWTHORNE AVE,,99998,Not Reported,44.15340833,44.15340833,-87.589600000,-87.589600000,0,No Special Jurisdiction,30,Utility Pole/Light Support,0,The First Harmful Event was Not a Collision with a Motor Vehicle in Transport,0,No,1,Non-Junction,1,Not an Intersection,0,None,,,4,On Roadside,3,Dark - Lighted,10,Cloudy,0,No Additional Atmospheric Conditions,10,Cloudy,0,No,0000000,Not Applicable,2,2:00am-2:59am,59,59,3,3:00am-3:59am,4,4,88,Not Applicable (Not Transported),88,Not Applicable (Not Transported),20,Police Pursuit Involved,0,None,0,None,1,1
2019,55,550523,Wisconsin,1,1,0,1,1,1,1,115,SHAWANO (115),0,NOT APPLICABLE,19,19,12,December,2019,5,Thursday,17,5:00pm-5:59pm,15,15,0,This section IS NOT on the NHS,1,Rural,5,Major Collector,2,County Highway Agency,4,County Road,CR-N,,0,None,44.92474167,44.92474167,-89.110680560,-89.110680560,0,No Special Jurisdiction,8,Pedestrian,0,The First Harmful Event was Not a Collision with a Motor Vehicle in Transport,0,No,1,Non-Junction,1,Not an Intersection,0,None,,,1,On Roadway,2,Dark - Not Lighted,1,Clear,0,No Additional Atmospheric Conditions,1,Clear,0,No,0000000,Not Applicable,17,5:00pm-5:59pm,22,22,17,5:00pm-5:59pm,39,39,88,Not Applicable (Not Transported),88,Not Applicable (Not Transported),0,None,0,None,0,None,1,0
2019,55,550524,Wisconsin,1,1,0,1,1,1,1,133,WAUKESHA (133),0,NOT APPLICABLE,18,18,12,December,2019,4,Wednesday,19,7:00pm-7:59pm,33,33,1,This section IS ON the NHS,1,Rural,3,Principal Arterial - Other,2,County Highway Agency,4,County Road,CR-Q,,0,None,43.19306111,43.19306111,-88.223755560,-88.223755560,0,No Special Jurisdiction,9,Pedalcyclist,0,The First Harmful Event was Not a Collision with a Motor Vehicle in Transport,0,No,1,Non-Junction,1,Not an Intersection,0,None,,,2,On Shoulder,2,Dark - Not Lighted,10,Cloudy,0,No Additional Atmospheric Conditions,10,Cloudy,0,No,0000000,Not Applicable,19,7:00pm-7:59pm,33,33,99,Unknown EMS Scene Arrival Hour,99,Unknown EMS Scene Arrival Minutes,88,Not Applicable (Not Transported),88,Not Applicable (Not Transported),0,None,0,None,0,None,1,0
2019,55,550525,Wisconsin,1,1,0,0,0,5,5,79,MILWAUKEE (79),3100,MILWAUKEE,27,27,12,December,2019,6,Friday,20,8:00pm-8:59pm,15,15,0,This section IS NOT on the NHS,2,Urban,6,Minor Collector,4,City or Municipal Highway Agency,6,Local Street - Municipality,W TOWNSEND ST,,0,None,43.08111111,43.08111111,-87.946144440,-87.946144440,0,No Special Jurisdiction,33,Curb,0,The First Harmful Event was Not a Collision with a Motor Vehicle in Transport,0,No,1,Non-Junction,1,Not an Intersection,0,None,,,4,On Roadside,3,Dark - Lighted,1,Clear,0,No Additional Atmospheric Conditions,1,Clear,0,No,0000000,Not Applicable,20,8:00pm-8:59pm,22,22,20,8:00pm-8:59pm,29,29,20,8:00pm-8:59pm,44,44,0,None,0,None,0,None,4,0
2019,55,550526,Wisconsin,1,1,0,0,0,1,1,81,MONROE (81),0,NOT APPLICABLE,30,30,12,December,2019,2,Monday,10,10:00am-10:59am,34,34,0,This section IS NOT on the NHS,1,Rural,4,Minor Arterial,1,State Highway Agency,3,State Highway,SR-131,,99998,Not Reported,43.76517222,43.76517222,-90.565344440,-90.565344440,0,No Special Jurisdiction,1,Rollover/Overturn,0,The First Harmful Event was Not a Collision with a Motor Vehicle in Transport,0,No,1,Non-Junction,1,Not an Intersection,0,None,,,4,On Roadside,1,Daylight,4,Snow,0,No Additional Atmospheric Conditions,4,Snow,0,No,0000000,Not Applicable,88,Not Applicable (Not Notified),88,Not Applicable (Not Notified),88,Not Applicable,88,Not Applicable,88,Not Applicable (Not Transported),88,Not Applicable (Not Transported),0,None,0,None,0,None,1,1
2019,55,550527,Wisconsin,2,2,0,0,0,3,3,49,IOWA (49),0,NOT APPLICABLE,31,31,12,December,2019,3,Tuesday,7,7:00am-7:59am,30,30,0,This section IS NOT on the NHS,1,Rural,5,Major Collector,2,County Highway Agency,4,County Road,CR-C,,0,None,43.14960000,43.14960000,-90.091100000,-90.091100000,0,No Special Jurisdiction,12,Motor Vehicle In-Transport,6,Angle,0,No,1,Non-Junction,1,Not an Intersection,0,None,,,1,On Roadway,1,Daylight,10,Cloudy,0,No Additional Atmospheric Conditions,10,Cloudy,0,No,0000000,Not Applicable,8,8:00am-8:59am,4,4,99,Unknown EMS Scene Arrival Hour,99,Unknown EMS Scene Arrival Minutes,99,Unknown,99,Unknown EMS Hospital Arrival Time,0,None,0,None,0,None,2,0
2019,55,550528,Wisconsin,1,1,0,0,0,1,1,49,IOWA (49),0,NOT APPLICABLE,30,30,12,December,2019,2,Monday,7,7:00am-7:59am,53,53,0,This section IS NOT on the NHS,1,Rural,6,Minor Collector,2,County Highway Agency,4,County Road,CR-Z,,0,None,43.02130833,43.02130833,-90.078452780,-90.078452780,0,No Special Jurisdiction,32,Culvert,0,The First Harmful Event was Not a Collision with a Motor Vehicle in Transport,0,No,1,Non-Junction,1,Not an Intersection,0,None,,,4,On Roadside,1,Daylight,10,Cloudy,0,No Additional Atmospheric Conditions,10,Cloudy,0,No,0000000,Not Applicable,99,Unknown,99,Unknown,99,Unknown EMS Scene Arrival Hour,99,Unknown EMS Scene Arrival Minutes,99,Unknown,99,Unknown EMS Hospital Arrival Time,0,None,0,None,0,None,1,0
2019,55,550529,Wisconsin,1,1,0,1,1,1,1,79,MILWAUKEE (79),5160,WEST ALLIS,21,21,12,December,2019,7,Saturday,0,0:00am-0:59am,14,14,0,This section IS NOT on the NHS,2,Urban,4,Minor Arterial,4,City or Municipal Highway Agency,6,Local Street - Municipality,W LINCOLN AVE,S 57TH ST,0,None,43.00292500,43.00292500,-87.983830560,-87.983830560,0,No Special Jurisdiction,8,Pedestrian,0,The First Harmful Event was Not a Collision with a Motor Vehicle in Transport,0,No,3,Intersection-Related,2,Four-Way Intersection,0,None,,,1,On Roadway,3,Dark - Lighted,1,Clear,0,No Additional Atmospheric Conditions,1,Clear,0,No,0000000,Not Applicable,0,0:00am-0:59am,14,14,0,0:00am-0:59am,21,21,88,Not Applicable (Not Transported),88,Not Applicable (Not Transported),0,None,0,None,0,None,1,0
2019,55,550530,Wisconsin,1,1,0,0,0,1,1,131,WASHINGTON (131),0,NOT APPLICABLE,31,31,12,December,2019,3,Tuesday,4,4:00am-4:59am,50,50,1,This section IS ON the NHS,1,Rural,1,Interstate,1,State Highway Agency,1,Interstate,I-41,,99998,Not Reported,43.31145000,43.31145000,-88.232994440,-88.232994440,0,No Special Jurisdiction,1,Rollover/Overturn,0,The First Harmful Event was Not a Collision with a Motor Vehicle in Transport,0,No,1,Non-Junction,1,Not an Intersection,0,None,,,3,On Median,2,Dark - Not Lighted,10,Cloudy,0,No Additional Atmospheric Conditions,10,Cloudy,0,No,0000000,Not Applicable,99,Unknown,99,Unknown,99,Unknown EMS Scene Arrival Hour,99,Unknown EMS Scene Arrival Minutes,99,Unknown,99,Unknown EMS Hospital Arrival Time,0,None,0,None,0,None,1,0
2019,55,550531,Wisconsin,1,1,0,1,1,1,1,97,PORTAGE (97),3796,PLOVER,15,15,6,June,2019,7,Saturday,20,8:00pm-8:59pm,15,15,0,This section IS NOT on the NHS,6,Trafficway Not in State Inventory,96,Trafficway Not in State Inventory,96,Trafficway Not in State Inventory,8,Other,NONE,,0,None,44.45517500,44.45517500,-89.527405560,-89.527405560,0,No Special Jurisdiction,8,Pedestrian,0,The First Harmful Event was Not a Collision with a Motor Vehicle in Transport,0,No,4,Driveway Access,1,Not an Intersection,0,None,,,1,On Roadway,5,Dusk,10,Cloudy,0,No Additional Atmospheric Conditions,10,Cloudy,0,No,0000000,Not Applicable,20,8:00pm-8:59pm,16,16,20,8:00pm-8:59pm,17,17,20,8:00pm-8:59pm,47,47,0,None,0,None,0,None,1,0