caseyear,state,st_case,statename,ve_total,ve_forms,pvh_invl,peds,pernotmvit,permvit,persons,county,countyname,city,cityname,day,dayname,month,monthname,year,day_week,day_weekname,hour,hourname,minute,minutename,nhs,nhsname,rur_urb,rur_urbname,func_sys,func_sysname,rd_owner,rd_ownername,route,routename,tway_id,tway_id2,milept,mileptname,latitude,latitudename,longitud,longitudname,sp_jur,sp_jurname,harm_ev,harm_evname,man_coll,man_collname,reljct1,reljct1name,reljct2,reljct2name,typ_int,typ_intname,wrk_zone,wrk_zonename,road_fnc,road_fncname,rel_road,rel_roadname,lgt_cond,lgt_condname,weather1,weather1name,weather2,weather2name,weather,weathername,sch_bus,sch_busname,rail,railname,not_hour,not_hourname,not_min,not_minname,arr_hour,arr_hourname,arr_min,arr_minname,hosp_hr,hosp_hrname,hosp_mn,hosp_mnname,cf1,cf1name,cf2,cf2name,cf3,cf3name,fatals,drunk_dr
2020,55,550208,Wisconsin,1,1,0,0,0,3,3,111,SAUK (111),0,NOT APPLICABLE,2,2,6,June,2020,3,Tuesday,19,7:00pm-7:59pm,37,37,0,This section IS NOT on the NHS,1,Rural,5,Major Collector,1,State Highway Agency,3,State Highway,SR-113,,99998,Not Reported,43.42733056,43.42733056,-89.689055560,-89.689055560,0,No Special Jurisdiction,42,Tree (Standing Only),0,The First Harmful Event was Not a Collision with a Motor Vehicle in Transport,0,No,1,Non-Junction,1,Not an Intersection,0,None,,,5,Outside Trafficway,5,Dusk,,,,,10,Cloudy,0,No,0000000,Not Applicable,19,7:00pm-7:59pm,51,51,20,8:00pm-8:59pm,5,5,99,Unknown,99,Unknown EMS Hospital Arrival Time,,,,,,,1,1
2020,55,550209,Wisconsin,1,1,0,0,0,1,1,89,OZAUKEE (89),0,NOT APPLICABLE,7,7,6,June,2020,1,Sunday,11,11:00am-11:59am,50,50,1,This section IS ON the NHS,2,Urban,3,Principal Arterial - Other,1,State Highway Agency,3,State Highway,SR-181 WAUWATOSA RD,,99998,Not Reported,43.27999167,43.27999167,-88.004016670,-88.004016670,0,No Special Jurisdiction,33,Curb,0,The First Harmful Event was Not a Collision with a Motor Vehicle in Transport,0,No,1,Non-Junction,1,Not an Intersection,0,None,,,3,On Median,1,Daylight,,,,,1,Clear,0,No,0000000,Not Applicable,11,11:00am-11:59am,51,51,12,12:00pm-12:59pm,3,3,12,12:00pm-12:59pm,45,45,,,,,,,1,1
2020,55,550210,Wisconsin,1,1,0,0,0,1,1,137,WAUSHARA (137),0,NOT APPLICABLE,12,12,6,June,2020,6,Friday,4,4:00am-4:59am,40,40,0,This section IS NOT on the NHS,1,Rural,4,Minor Arterial,1,State Highway Agency,3,State Highway,SR-22,,99998,Not Reported,44.23957778,44.23957778,-89.247191670,-89.247191670,0,No Special Jurisdiction,35,Embankment,0,The First Harmful Event was Not a Collision with a Motor Vehicle in Transport,0,No,1,Non-Junction,1,Not an Intersection,0,None,,,4,On Roadside,4,Dawn,,,,,1,Clear,0,No,0000000,Not Applicable,4,4:00am-4:59am,43,43,4,4:00am-4:59am,50,50,99,Unknown,99,Unknown EMS Hospital Arrival Time,,,,,,,1,1
2020,55,550211,Wisconsin,2,2,0,0,0,2,2,21,COLUMBIA (21),0,NOT APPLICABLE,11,11,6,June,2020,5,Thursday,20,8:00pm-8:59pm,43,43,0,This section IS NOT on the NHS,1,Rural,4,Minor Arterial,1,State Highway Agency,2,U.S. Highway,US-51,,99998,Not Reported,43.46265278,43.46265278,-89.408566670,-89.408566670,0,No Special Jurisdiction,12,Motor Vehicle In-Transport,7,Sideswipe - Same Direction,0,No,1,Non-Junction,1,Not an Intersection,0,None,,,1,On Roadway,5,Dusk,,,,,1,Clear,0,No,0000000,Not Applicable,20,8:00pm-8:59pm,45,45,20,8:00pm-8:59pm,55,55,99,Unknown,99,Unknown EMS Hospital Arrival Time,,,,,,,1,2
2020,55,550212,Wisconsin,1,1,0,0,0,1,1,117,SHEBOYGAN (117),0,NOT APPLICABLE,13,13,6,June,2020,7,Saturday,18,6:00pm-6:59pm,22,22,0,This section IS NOT on the NHS,1,Rural,5,Major Collector,2,County Highway Agency,4,County Road,CR-J,,0,None,43.79097778,43.79097778,-87.873327780,-87.873327780,0,No Special Jurisdiction,34,Ditch,0,The First Harmful Event was Not a Collision with a Motor Vehicle in Transport,0,No,1,Non-Junction,1,Not an Intersection,0,None,,,4,On Roadside,1,Daylight,,,,,1,Clear,0,No,0000000,Not Applicable,18,6:00pm-6:59pm,28,28,18,6:00pm-6:59pm,36,36,88,"Not Applicable (Not Transported) ",88,Not Applicable (Not Transported),,,,,,,1,1
2020,55,550213,Wisconsin,1,1,0,0,0,2,2,73,MARATHON (73),2090,HATLEY,17,17,6,June,2020,4,Wednesday,18,6:00pm-6:59pm,34,34,1,This section IS ON the NHS,2,Urban,3,Principal Arterial - Other,1,State Highway Agency,3,State Highway,SR-29,,99998,Not Reported,44.88132778,44.88132778,-89.333230560,-89.333230560,0,No Special Jurisdiction,34,Ditch,0,The First Harmful Event was Not a Collision with a Motor Vehicle in Transport,0,No,1,Non-Junction,1,Not an Intersection,0,None,,,4,On Roadside,1,Daylight,,,,,1,Clear,0,No,0000000,Not Applicable,18,6:00pm-6:59pm,38,38,18,6:00pm-6:59pm,49,49,19,7:00pm-7:59pm,24,24,,,,,,,1,0
2020,55,550214,Wisconsin,2,2,0,0,0,4,4,141,WOOD (141),0,NOT APPLICABLE,14,14,6,June,2020,1,Sunday,11,11:00am-11:59am,59,59,0,This section IS NOT on the NHS,1,Rural,5,Major Collector,1,State Highway Agency,3,State Highway,SR-186,CR-D,99998,Not Reported,44.44489167,44.44489167,-89.963941670,-89.963941670,0,No Special Jurisdiction,12,Motor Vehicle In-Transport,6,Angle,0,No,2,Intersection,7,"Five Point, or More",0,None,,,1,On Roadway,1,Daylight,,,,,1,Clear,0,No,0000000,Not Applicable,11,11:00am-11:59am,59,59,99,Unknown EMS Scene Arrival Hour,99,Unknown EMS Scene Arrival Minutes,99,Unknown,99,Unknown EMS Hospital Arrival Time,,,,,,,2,0
2020,55,550215,Wisconsin,1,1,0,0,0,1,1,101,RACINE (101),0,NOT APPLICABLE,12,12,6,June,2020,6,Friday,2,2:00am-2:59am,3,3,1,This section IS ON the NHS,1,Rural,5,Major Collector,2,County Highway Agency,4,County Road,CR-K,,0,None,42.78455556,42.78455556,-88.044719440,-88.044719440,0,No Special Jurisdiction,34,Ditch,0,The First Harmful Event was Not a Collision with a Motor Vehicle in Transport,0,No,1,Non-Junction,1,Not an Intersection,0,None,,,4,On Roadside,2,Dark - Not Lighted,,,,,1,Clear,0,No,0000000,Not Applicable,2,2:00am-2:59am,15,15,2,2:00am-2:59am,29,29,99,Unknown,99,Unknown EMS Hospital Arrival Time,,,,,,,1,1
2020,55,550216,Wisconsin,1,1,0,0,0,1,1,87,OUTAGAMIE (87),0,NOT APPLICABLE,17,17,6,June,2020,4,Wednesday,15,3:00pm-3:59pm,17,17,1,This section IS ON the NHS,1,Rural,3,Principal Arterial - Other,1,State Highway Agency,3,State Highway,SR-15 MILL ST,,99998,Not Reported,44.35998056,44.35998056,-88.716630560,-88.716630560,0,No Special Jurisdiction,42,Tree (Standing Only),0,The First Harmful Event was Not a Collision with a Motor Vehicle in Transport,0,No,1,Non-Junction,1,Not an Intersection,0,None,,,5,Outside Trafficway,1,Daylight,,,,,1,Clear,0,No,0000000,Not Applicable,99,Unknown,99,Unknown,99,Unknown EMS Scene Arrival Hour,99,Unknown EMS Scene Arrival Minutes,88,"Not Applicable (Not Transported) ",88,Not Applicable (Not Transported),,,,,,,1,1
2020,55,550217,Wisconsin,1,1,0,0,0,1,1,11,BUFFALO (11),0,NOT APPLICABLE,17,17,6,June,2020,4,Wednesday,17,5:00pm-5:59pm,52,52,0,This section IS NOT on the NHS,1,Rural,5,Major Collector,2,County Highway Agency,4,County Road,CR-D,,0,None,44.46879444,44.46879444,-91.909480560,-91.909480560,0,No Special Jurisdiction,34,Ditch,0,The First Harmful Event was Not a Collision with a Motor Vehicle in Transport,0,No,1,Non-Junction,1,Not an Intersection,0,None,,,4,On Roadside,1,Daylight,,,,,1,Clear,0,No,0000000,Not Applicable,17,5:00pm-5:59pm,52,52,18,6:00pm-6:59pm,15,15,88,"Not Applicable (Not Transported) ",88,Not Applicable (Not Transported),,,,,,,1,1
2020,55,550218,Wisconsin,1,1,0,0,0,1,1,27,DODGE (27),0,NOT APPLICABLE,14,14,6,June,2020,1,Sunday,2,2:00am-2:59am,45,45,0,This section IS NOT on the NHS,1,Rural,4,Minor Arterial,1,State Highway Agency,3,State Highway,SR-33,,99998,Not Reported,43.50584167,43.50584167,-88.855455560,-88.855455560,0,No Special Jurisdiction,34,Ditch,0,The First Harmful Event was Not a Collision with a Motor Vehicle in Transport,0,No,1,Non-Junction,1,Not an Intersection,0,None,,,4,On Roadside,2,Dark - Not Lighted,,,,,1,Clear,0,No,0000000,Not Applicable,7,7:00am-7:59am,35,35,7,7:00am-7:59am,38,38,88,"Not Applicable (Not Transported) ",88,Not Applicable (Not Transported),,,,,,,1,1
2020,55,550219,Wisconsin,1,1,0,1,1,1,1,79,MILWAUKEE (79),3100,MILWAUKEE,19,19,6,June,2020,6,Friday,23,11:00pm-11:59pm,25,25,1,This section IS ON the NHS,2,Urban,3,Principal Arterial - Other,4,City or Municipal Highway Agency,6,Local Street - Municipality,W NORTH AVE,,0,None,43.06063056,43.06063056,-87.964952780,-87.964952780,0,No Special Jurisdiction,8,Pedestrian,0,The First Harmful Event was Not a Collision with a Motor Vehicle in Transport,0,No,1,Non-Junction,1,Not an Intersection,0,None,,,1,On Roadway,3,Dark - Lighted,,,,,1,Clear,0,No,0000000,Not Applicable,23,11:00pm-11:59pm,27,27,23,11:00pm-11:59pm,33,33,23,11:00pm-11:59pm,45,45,,,,,,,1,0
2020,55,550220,Wisconsin,2,2,0,0,0,2,2,63,LA CROSSE (63),2490,LA CROSSE,11,11,6,June,2020,5,Thursday,10,10:00am-10:59am,9,9,0,This section IS NOT on the NHS,2,Urban,6,Minor Collector,4,City or Municipal Highway Agency,6,Local Street - Municipality,AIRPORT RD,BREEZY POINT RD,0,None,43.87704167,43.87704167,-91.266636110,-91.266636110,0,No Special Jurisdiction,12,Motor Vehicle In-Transport,6,Angle,0,No,2,Intersection,2,Four-Way Intersection,0,None,,,1,On Roadway,1,Daylight,,,,,1,Clear,0,No,0000000,Not Applicable,10,10:00am-10:59am,10,10,10,10:00am-10:59am,17,17,10,10:00am-10:59am,55,55,,,,,,,1,0
2020,55,550221,Wisconsin,1,1,0,0,0,1,1,43,GRANT (43),0,NOT APPLICABLE,12,12,6,June,2020,6,Friday,21,9:00pm-9:59pm,29,29,0,This section IS NOT on the NHS,1,Rural,5,Major Collector,2,County Highway Agency,4,County Road,CR-P,,0,None,42.92878056,42.92878056,-91.077436110,-91.077436110,0,No Special Jurisdiction,1,Rollover/Overturn,0,The First Harmful Event was Not a Collision with a Motor Vehicle in Transport,0,No,1,Non-Junction,1,Not an Intersection,0,None,,,4,On Roadside,2,Dark - Not Lighted,,,,,1,Clear,0,No,0000000,Not Applicable,21,9:00pm-9:59pm,31,31,21,9:00pm-9:59pm,40,40,99,Unknown,99,Unknown EMS Hospital Arrival Time,,,,,,,1,1
2020,55,550222,Wisconsin,1,1,0,0,0,1,1,83,OCONTO (83),0,NOT APPLICABLE,21,21,6,June,2020,1,Sunday,99,Unknown Hours,99,Unknown Minutes,0,This section IS NOT on the NHS,1,Rural,6,Minor Collector,2,County Highway Agency,4,County Road,CR-Z,,0,None,45.01393333,45.01393333,-88.315294440,-88.315294440,0,No Special Jurisdiction,1,Rollover/Overturn,0,The First Harmful Event was Not a Collision with a Motor Vehicle in Transport,0,No,1,Non-Junction,1,Not an Intersection,0,None,,,4,On Roadside,2,Dark - Not Lighted,,,,,1,Clear,0,No,0000000,Not Applicable,21,9:00pm-9:59pm,47,47,22,10:00pm-10:59pm,0,0,99,Unknown,96,Terminated Transport,,,,,,,1,1
2020,55,550223,Wisconsin,2,2,0,0,0,4,4,21,COLUMBIA (21),0,NOT APPLICABLE,18,18,6,June,2020,5,Thursday,17,5:00pm-5:59pm,45,45,0,This section IS NOT on the NHS,1,Rural,6,Minor Collector,2,County Highway Agency,4,County Road,CR-SS,CR-P,0,None,43.53845278,43.53845278,-89.227247220,-89.227247220,0,No Special Jurisdiction,12,Motor Vehicle In-Transport,6,Angle,0,No,2,Intersection,2,Four-Way Intersection,0,None,,,1,On Roadway,1,Daylight,,,,,1,Clear,0,No,0000000,Not Applicable,17,5:00pm-5:59pm,46,46,17,5:00pm-5:59pm,55,55,18,6:00pm-6:59pm,50,50,,,,,,,1,0
2020,55,550224,Wisconsin,1,1,0,0,0,1,1,79,MILWAUKEE (79),5160,WEST ALLIS,19,19,6,June,2020,6,Friday,0,0:00am-0:59am,47,47,1,This section IS ON the NHS,2,Urban,3,Principal Arterial - Other,4,City or Municipal Highway Agency,6,Local Street - Municipality,S 76TH ST,,0,None,43.01259167,43.01259167,-88.007311110,-88.007311110,0,No Special Jurisdiction,33,Curb,0,The First Harmful Event was Not a Collision with a Motor Vehicle in Transport,0,No,1,Non-Junction,1,Not an Intersection,0,None,,,4,On Roadside,3,Dark - Lighted,,,,,1,Clear,0,No,0000000,Not Applicable,0,0:00am-0:59am,47,47,99,Unknown EMS Scene Arrival Hour,98,Unknown if Arrived,88,"Not Applicable (Not Transported) ",88,Not Applicable (Not Transported),,,,,,,1,1
2020,55,550225,Wisconsin,2,2,0,0,0,4,4,45,GREEN (45),0,NOT APPLICABLE,28,28,6,June,2020,1,Sunday,15,3:00pm-3:59pm,32,32,1,This section IS ON the NHS,1,Rural,3,Principal Arterial - Other,1,State Highway Agency,3,State Highway,SR-11,CR-S,99998,Not Reported,42.59268056,42.59268056,-89.504405560,-89.504405560,0,No Special Jurisdiction,12,Motor Vehicle In-Transport,6,Angle,0,No,2,Intersection,2,Four-Way Intersection,0,None,,,1,On Roadway,1,Daylight,,,,,10,Cloudy,0,No,0000000,Not Applicable,15,3:00pm-3:59pm,35,35,15,3:00pm-3:59pm,44,44,16,4:00pm-4:59pm,14,14,,,,,,,1,0
2020,55,550226,Wisconsin,1,1,0,0,0,1,1,87,OUTAGAMIE (87),0,NOT APPLICABLE,28,28,6,June,2020,1,Sunday,99,Unknown Hours,99,Unknown Minutes,0,This section IS NOT on the NHS,1,Rural,7,Local,3,Town or Township Highway Agency,5,Local Street - Township,BUBOLTZ RD,,0,None,44.46545833,44.46545833,-88.702025000,-88.702025000,0,No Special Jurisdiction,11,Live Animal,0,The First Harmful Event was Not a Collision with a Motor Vehicle in Transport,0,No,1,Non-Junction,1,Not an Intersection,0,None,,,1,On Roadway,4,Dawn,,,,,1,Clear,0,No,0000000,Not Applicable,7,7:00am-7:59am,33,33,7,7:00am-7:59am,50,50,88,"Not Applicable (Not Transported) ",88,Not Applicable (Not Transported),,,,,,,1,1
2020,55,550227,Wisconsin,1,1,0,1,1,2,2,25,DANE (25),2780,MADISON,22,22,6,June,2020,2,Monday,1,1:00am-1:59am,8,8,0,This section IS NOT on the NHS,2,Urban,4,Minor Arterial,4,City or Municipal Highway Agency,6,Local Street - Municipality,COTTAGE GROVE RD,,0,None,43.08425556,43.08425556,-89.303733330,-89.303733330,0,No Special Jurisdiction,8,Pedestrian,0,The First Harmful Event was Not a Collision with a Motor Vehicle in Transport,0,No,1,Non-Junction,1,Not an Intersection,0,None,,,1,On Roadway,3,Dark - Lighted,,,,,2,Rain,0,No,0000000,Not Applicable,1,1:00am-1:59am,8,8,1,1:00am-1:59am,14,14,1,1:00am-1:59am,30,30,,,,,,,1,0
2020,55,550228,Wisconsin,1,1,0,1,1,2,2,77,MARQUETTE (77),0,NOT APPLICABLE,21,21,6,June,2020,1,Sunday,10,10:00am-10:59am,40,40,0,This section IS NOT on the NHS,1,Rural,5,Major Collector,1,State Highway Agency,3,State Highway,SR-23,,99998,Not Reported,43.64840278,43.64840278,-89.598677780,-89.598677780,0,No Special Jurisdiction,9,Pedalcyclist,0,The First Harmful Event was Not a Collision with a Motor Vehicle in Transport,0,No,1,Non-Junction,1,Not an Intersection,0,None,,,1,On Roadway,1,Daylight,,,,,1,Clear,0,No,0000000,Not Applicable,10,10:00am-10:59am,47,47,10,10:00am-10:59am,58,58,99,Unknown,99,Unknown EMS Hospital Arrival Time,,,,,,,2,1
2020,55,550229,Wisconsin,1,1,0,0,0,1,1,113,SAWYER (113),0,NOT APPLICABLE,22,22,6,June,2020,2,Monday,23,11:00pm-11:59pm,24,24,0,This section IS NOT on the NHS,1,Rural,5,Major Collector,2,County Highway Agency,4,County Road,CR-B,,0,None,45.89862500,45.89862500,-91.005552780,-91.005552780,0,No Special Jurisdiction,1,Rollover/Overturn,0,The First Harmful Event was Not a Collision with a Motor Vehicle in Transport,0,No,1,Non-Junction,1,Not an Intersection,0,None,,,1,On Roadway,2,Dark - Not Lighted,,,,,1,Clear,0,No,0000000,Not Applicable,23,11:00pm-11:59pm,24,24,23,11:00pm-11:59pm,41,41,88,"Not Applicable (Not Transported) ",88,Not Applicable (Not Transported),,,,,,,1,1
2020,55,550230,Wisconsin,1,1,0,0,0,2,2,9,BROWN (9),223,ASHWAUBENON,26,26,6,June,2020,6,Friday,12,12:00pm-12:59pm,45,45,1,This section IS ON the NHS,2,Urban,1,Interstate,1,State Highway Agency,1,Interstate,I-41,,99998,Not Reported,44.48318056,44.48318056,-88.080580560,-88.080580560,0,No Special Jurisdiction,1,Rollover/Overturn,0,The First Harmful Event was Not a Collision with a Motor Vehicle in Transport,0,No,1,Non-Junction,1,Not an Intersection,0,None,,,1,On Roadway,1,Daylight,,,,,10,Cloudy,0,No,0000000,Not Applicable,12,12:00pm-12:59pm,48,48,12,12:00pm-12:59pm,50,50,13,1:00pm-1:59pm,0,0,,,,,,,1,0
2020,55,550231,Wisconsin,1,1,0,0,0,1,1,31,DOUGLAS (31),0,NOT APPLICABLE,27,27,6,June,2020,7,Saturday,21,9:00pm-9:59pm,31,31,0,This section IS NOT on the NHS,1,Rural,5,Major Collector,2,County Highway Agency,4,County Road,CR-Y,JAKACKI RD,0,None,46.28485556,46.28485556,-91.571988890,-91.571988890,0,No Special Jurisdiction,41,Shrubbery,0,The First Harmful Event was Not a Collision with a Motor Vehicle in Transport,0,No,3,Intersection-Related,3,T-Intersection,0,None,,,8,Gore,5,Dusk,,,,,1,Clear,0,No,0000000,Not Applicable,21,9:00pm-9:59pm,31,31,21,9:00pm-9:59pm,51,51,88,"Not Applicable (Not Transported) ",88,Not Applicable (Not Transported),,,,,,,1,1
2020,55,550232,Wisconsin,1,1,0,0,0,1,1,103,RICHLAND (103),0,NOT APPLICABLE,27,27,6,June,2020,7,Saturday,5,5:00am-5:59am,38,38,0,This section IS NOT on the NHS,1,Rural,5,Major Collector,1,State Highway Agency,3,State Highway,SR-130,,99998,Not Reported,43.16680833,43.16680833,-90.192533330,-90.192533330,0,No Special Jurisdiction,17,Boulder,0,The First Harmful Event was Not a Collision with a Motor Vehicle in Transport,0,No,1,Non-Junction,1,Not an Intersection,0,None,,,6,Off Roadway-Location Unknown,4,Dawn,,,,,5,"Fog, Smog, Smoke",0,No,0000000,Not Applicable,99,Unknown,99,Unknown,99,Unknown EMS Scene Arrival Hour,99,Unknown EMS Scene Arrival Minutes,99,Unknown,99,Unknown EMS Hospital Arrival Time,,,,,,,1,1
2020,55,550233,Wisconsin,1,1,0,0,0,4,4,25,DANE (25),4720,SUN PRAIRIE,26,26,6,June,2020,6,Friday,0,0:00am-0:59am,30,30,0,This section IS NOT on the NHS,2,Urban,7,Local,4,City or Municipal Highway Agency,6,Local Street - Municipality,RUBY LN,,0,None,43.18071389,43.18071389,-89.233455560,-89.233455560,0,No Special Jurisdiction,33,Curb,0,The First Harmful Event was Not a Collision with a Motor Vehicle in Transport,0,No,1,Non-Junction,1,Not an Intersection,0,None,,,4,On Roadside,3,Dark - Lighted,,,,,1,Clear,0,No,0000000,Not Applicable,0,0:00am-0:59am,37,37,0,0:00am-0:59am,52,52,99,Unknown,99,Unknown EMS Hospital Arrival Time,,,,,,,2,1
2020,55,550234,Wisconsin,1,1,0,0,0,2,2,79,MILWAUKEE (79),3100,MILWAUKEE,21,21,6,June,2020,1,Sunday,3,3:00am-3:59am,42,42,1,This section IS ON the NHS,2,Urban,3,Principal Arterial - Other,4,City or Municipal Highway Agency,6,Local Street - Municipality,N SHERMAN BLVD,,0,None,43.08486389,43.08486389,-87.967375000,-87.967375000,0,No Special Jurisdiction,42,Tree (Standing Only),0,The First Harmful Event was Not a Collision with a Motor Vehicle in Transport,0,No,1,Non-Junction,1,Not an Intersection,0,None,,,5,Outside Trafficway,3,Dark - Lighted,,,,,10,Cloudy,0,No,0000000,Not Applicable,99,Unknown,99,Unknown,99,Unknown EMS Scene Arrival Hour,98,Unknown if Arrived,88,"Not Applicable (Not Transported) ",88,Not Applicable (Not Transported),,,,,,,2,1
2020,55,550235,Wisconsin,2,2,0,0,0,2,2,101,RACINE (101),3970,RACINE,21,21,6,June,2020,1,Sunday,13,1:00pm-1:59pm,50,50,1,This section IS ON the NHS,2,Urban,3,Principal Arterial - Other,1,State Highway Agency,3,State Highway,SR-32 DOUGLAS AVE,,99998,Not Reported,42.74424444,42.74424444,-87.796519440,-87.796519440,0,No Special Jurisdiction,12,Motor Vehicle In-Transport,6,Angle,0,No,8,Driveway Access Related,1,Not an Intersection,0,None,,,1,On Roadway,1,Daylight,,,,,1,Clear,0,No,0000000,Not Applicable,13,1:00pm-1:59pm,50,50,13,1:00pm-1:59pm,55,55,14,2:00pm-2:59pm,9,9,,,,,,,1,0
2020,55,550236,Wisconsin,1,1,0,0,0,1,1,107,RUSK (107),0,NOT APPLICABLE,9,9,8,August,2020,1,Sunday,20,8:00pm-8:59pm,15,15,0,This section IS NOT on the NHS,1,Rural,7,Local,3,Town or Township Highway Agency,5,Local Street - Township,RANGE LINE RD,,99998,Not Reported,45.32686667,45.32686667,-91.049186110,-91.049186110,0,No Special Jurisdiction,11,Live Animal,0,The First Harmful Event was Not a Collision with a Motor Vehicle in Transport,0,No,1,Non-Junction,1,Not an Intersection,0,None,,,1,On Roadway,9,Reported as Unknown,,,,,10,Cloudy,0,No,0000000,Not Applicable,21,9:00pm-9:59pm,13,13,99,Unknown EMS Scene Arrival Hour,99,Unknown EMS Scene Arrival Minutes,88,"Not Applicable (Not Transported) ",88,Not Applicable (Not Transported),,,,,,,1,0
2020,55,550237,Wisconsin,1,1,0,1,1,2,2,5,BARRON (5),0,NOT APPLICABLE,15,15,8,August,2020,7,Saturday,9,9:00am-9:59am,19,19,0,This section IS NOT on the NHS,1,Rural,5,Major Collector,2,County Highway Agency,4,County Road,CR-I,22 3/4 ST,99998,Not Reported,45.29303056,45.29303056,-91.690069440,-91.690069440,0,No Special Jurisdiction,8,Pedestrian,0,The First Harmful Event was Not a Collision with a Motor Vehicle in Transport,0,No,3,Intersection-Related,3,T-Intersection,0,None,,,1,On Roadway,1,Daylight,,,,,1,Clear,0,No,0000000,Not Applicable,9,9:00am-9:59am,19,19,99,Unknown EMS Scene Arrival Hour,99,Unknown EMS Scene Arrival Minutes,88,"Not Applicable (Not Transported) ",88,Not Applicable (Not Transported),,,,,,,1,0
2020,55,550238,Wisconsin,1,1,0,1,1,2,2,139,WINNEBAGO (139),0,NOT APPLICABLE,12,12,8,August,2020,4,Wednesday,23,11:00pm-11:59pm,16,16,0,This section IS NOT on the NHS,2,Urban,5,Major Collector,3,Town or Township Highway Agency,4,County Road,CR-E WITZEL AVE,,0,None,44.01844167,44.01844167,-88.621863890,-88.621863890,0,No Special Jurisdiction,8,Pedestrian,0,The First Harmful Event was Not a Collision with a Motor Vehicle in Transport,0,No,1,Non-Junction,1,Not an Intersection,0,None,,,1,On Roadway,2,Dark - Not Lighted,,,,,1,Clear,0,No,0000000,Not Applicable,23,11:00pm-11:59pm,16,16,23,11:00pm-11:59pm,23,23,88,"Not Applicable (Not Transported) ",88,Not Applicable (Not Transported),,,,,,,1,1
2020,55,550239,Wisconsin,1,1,0,1,1,1,1,89,OZAUKEE (89),0,NOT APPLICABLE,15,15,8,August,2020,7,Saturday,8,8:00am-8:59am,28,28,0,This section IS NOT on the NHS,1,Rural,7,Local,3,Town or Township Highway Agency,5,Local Street - Township,SAUK TRAIL RD,JAY RD,0,None,43.52845556,43.52845556,-87.800966670,-87.800966670,0,No Special Jurisdiction,9,Pedalcyclist,0,The First Harmful Event was Not a Collision with a Motor Vehicle in Transport,0,No,2,Intersection,2,Four-Way Intersection,0,None,,,1,On Roadway,1,Daylight,,,,,1,Clear,0,No,0000000,Not Applicable,8,8:00am-8:59am,99,Unknown,8,8:00am-8:59am,51,51,88,"Not Applicable (Not Transported) ",88,Not Applicable (Not Transported),,,,,,,1,0
2020,55,550240,Wisconsin,1,1,0,0,0,1,1,79,MILWAUKEE (79),3100,MILWAUKEE,1,1,6,June,2020,2,Monday,3,3:00am-3:59am,21,21,0,This section IS NOT on the NHS,2,Urban,6,Minor Collector,4,City or Municipal Highway Agency,6,Local Street - Municipality,W HOPKINS ST,,0,None,43.07414167,43.07414167,-87.935169440,-87.935169440,0,No Special Jurisdiction,40,Fire Hydrant,0,The First Harmful Event was Not a Collision with a Motor Vehicle in Transport,0,No,1,Non-Junction,1,Not an Intersection,0,None,,,4,On Roadside,3,Dark - Lighted,,,,,10,Cloudy,0,No,0000000,Not Applicable,3,3:00am-3:59am,28,28,3,3:00am-3:59am,35,35,88,"Not Applicable (Not Transported) ",88,Not Applicable (Not Transported),,,,,,,1,0
2020,55,550241,Wisconsin,1,1,0,2,2,1,1,65,LAFAYETTE (65),0,NOT APPLICABLE,23,23,7,July,2020,5,Thursday,19,7:00pm-7:59pm,15,15,1,This section IS ON the NHS,1,Rural,3,Principal Arterial - Other,1,State Highway Agency,3,State Highway,SR-11,,99998,Not Reported,42.58222500,42.58222500,-90.043277780,-90.043277780,0,No Special Jurisdiction,49,Ridden Animal or Animal Drawn Conveyance,0,The First Harmful Event was Not a Collision with a Motor Vehicle in Transport,0,No,1,Non-Junction,1,Not an Intersection,0,None,,,1,On Roadway,1,Daylight,,,,,1,Clear,0,No,0000000,Not Applicable,19,7:00pm-7:59pm,21,21,19,7:00pm-7:59pm,34,34,20,8:00pm-8:59pm,14,14,,,,,,,1,1
2020,55,550242,Wisconsin,1,1,0,0,0,1,1,117,SHEBOYGAN (117),2470,KOHLER,20,20,8,August,2020,5,Thursday,5,5:00am-5:59am,35,35,0,This section IS NOT on the NHS,2,Urban,5,Major Collector,2,County Highway Agency,4,County Road,CR-A,,99998,Not Reported,43.73478333,43.73478333,-87.760669440,-87.760669440,0,No Special Jurisdiction,23,Bridge Rail (Includes parapet),0,The First Harmful Event was Not a Collision with a Motor Vehicle in Transport,0,No,1,Non-Junction,1,Not an Intersection,0,None,,,4,On Roadside,4,Dawn,,,,,1,Clear,0,No,0000000,Not Applicable,7,7:00am-7:59am,2,2,99,Unknown EMS Scene Arrival Hour,97,Officially Cancelled,99,Unknown,97,Officially Canceled,,,,,,,1,0
2020,55,550243,Wisconsin,2,2,0,0,0,3,3,139,WINNEBAGO (139),0,NOT APPLICABLE,20,20,8,August,2020,5,Thursday,9,9:00am-9:59am,4,4,0,This section IS NOT on the NHS,1,Rural,4,Minor Arterial,1,State Highway Agency,3,State Highway,SR-44,CLAIRVILLE RD,99998,Not Reported,43.97275278,43.97275278,-88.623236110,-88.623236110,0,No Special Jurisdiction,12,Motor Vehicle In-Transport,6,Angle,0,No,3,Intersection-Related,2,Four-Way Intersection,0,None,,,1,On Roadway,1,Daylight,,,,,10,Cloudy,0,No,0000000,Not Applicable,9,9:00am-9:59am,9,9,9,9:00am-9:59am,26,26,99,Unknown,99,Unknown EMS Hospital Arrival Time,,,,,,,1,0