caseyear,state,st_case,statename,ve_total,ve_forms,pvh_invl,peds,pernotmvit,permvit,persons,county,countyname,city,cityname,day,dayname,month,monthname,year,day_week,day_weekname,hour,hourname,minute,minutename,nhs,nhsname,rur_urb,rur_urbname,func_sys,func_sysname,rd_owner,rd_ownername,route,routename,tway_id,tway_id2,milept,mileptname,latitude,latitudename,longitud,longitudname,sp_jur,sp_jurname,harm_ev,harm_evname,man_coll,man_collname,reljct1,reljct1name,reljct2,reljct2name,typ_int,typ_intname,wrk_zone,wrk_zonename,road_fnc,road_fncname,rel_road,rel_roadname,lgt_cond,lgt_condname,weather1,weather1name,weather2,weather2name,weather,weathername,sch_bus,sch_busname,rail,railname,not_hour,not_hourname,not_min,not_minname,arr_hour,arr_hourname,arr_min,arr_minname,hosp_hr,hosp_hrname,hosp_mn,hosp_mnname,cf1,cf1name,cf2,cf2name,cf3,cf3name,fatals,drunk_dr
2020,55,550244,Wisconsin,1,1,0,0,0,1,1,107,RUSK (107),0,NOT APPLICABLE,20,20,8,August,2020,5,Thursday,16,4:00pm-4:59pm,26,26,0,This section IS NOT on the NHS,1,Rural,7,Local,3,Town or Township Highway Agency,5,Local Street - Township,WILLOW RD,,0,None,45.56689722,45.56689722,-90.683827780,-90.683827780,0,No Special Jurisdiction,2,Fire/Explosion,0,The First Harmful Event was Not a Collision with a Motor Vehicle in Transport,0,No,1,Non-Junction,1,Not an Intersection,0,None,,,4,On Roadside,1,Daylight,,,,,1,Clear,0,No,0000000,Not Applicable,88,Not Applicable (Not Notified),88,Not Applicable (Not Notified),88,Not Applicable,88,Not Applicable,88,"Not Applicable (Not Transported) ",88,Not Applicable (Not Transported),,,,,,,1,0
2020,55,550245,Wisconsin,2,2,0,0,0,3,3,137,WAUSHARA (137),0,NOT APPLICABLE,12,12,8,August,2020,4,Wednesday,12,12:00pm-12:59pm,55,55,1,This section IS ON the NHS,1,Rural,3,Principal Arterial - Other,1,State Highway Agency,3,State Highway,SR-21,1ST AVE,99998,Not Reported,44.02211389,44.02211389,-89.598036110,-89.598036110,0,No Special Jurisdiction,12,Motor Vehicle In-Transport,6,Angle,0,No,2,Intersection,2,Four-Way Intersection,0,None,,,1,On Roadway,1,Daylight,,,,,1,Clear,0,No,0000000,Not Applicable,12,12:00pm-12:59pm,58,58,13,1:00pm-1:59pm,15,15,99,Unknown,99,Unknown EMS Hospital Arrival Time,,,,,,,1,0
2020,55,550246,Wisconsin,2,2,0,0,0,4,4,99,PRICE (99),0,NOT APPLICABLE,14,14,8,August,2020,6,Friday,17,5:00pm-5:59pm,23,23,0,This section IS NOT on the NHS,1,Rural,5,Major Collector,2,County Highway Agency,4,County Road,CR-E,,99998,Not Reported,45.92240000,45.92240000,-90.546880560,-90.546880560,0,No Special Jurisdiction,12,Motor Vehicle In-Transport,8,Sideswipe - Opposite Direction,0,No,1,Non-Junction,1,Not an Intersection,0,None,,,1,On Roadway,1,Daylight,,,,,1,Clear,0,No,0000000,Not Applicable,99,Unknown,99,Unknown,99,Unknown EMS Scene Arrival Hour,99,Unknown EMS Scene Arrival Minutes,99,Unknown,99,Unknown EMS Hospital Arrival Time,,,,,,,1,1
2020,55,550247,Wisconsin,1,1,0,0,0,1,1,105,ROCK (105),0,NOT APPLICABLE,30,30,8,August,2020,1,Sunday,99,Unknown Hours,99,Unknown Minutes,0,This section IS NOT on the NHS,1,Rural,7,Local,3,Town or Township Highway Agency,5,Local Street - Township,CARVERS ROCK RD,,0,None,42.60718056,42.60718056,-88.828077780,-88.828077780,0,No Special Jurisdiction,34,Ditch,0,The First Harmful Event was Not a Collision with a Motor Vehicle in Transport,0,No,1,Non-Junction,1,Not an Intersection,0,None,,,4,On Roadside,2,Dark - Not Lighted,,,,,1,Clear,0,No,0000000,Not Applicable,4,4:00am-4:59am,37,37,4,4:00am-4:59am,55,55,5,5:00am-5:59am,52,52,,,,,,,1,0
2020,55,550248,Wisconsin,1,1,0,0,0,1,1,79,MILWAUKEE (79),3100,MILWAUKEE,25,25,7,July,2020,7,Saturday,7,7:00am-7:59am,15,15,1,This section IS ON the NHS,2,Urban,3,Principal Arterial - Other,2,County Highway Agency,4,County Road,CR-PP,,0,None,43.14858889,43.14858889,-88.035836110,-88.035836110,0,No Special Jurisdiction,33,Curb,0,The First Harmful Event was Not a Collision with a Motor Vehicle in Transport,0,No,1,Non-Junction,1,Not an Intersection,0,None,,,4,On Roadside,1,Daylight,,,,,1,Clear,0,No,0000000,Not Applicable,99,Unknown,99,Unknown,99,Unknown EMS Scene Arrival Hour,99,Unknown EMS Scene Arrival Minutes,99,Unknown,99,Unknown EMS Hospital Arrival Time,,,,,,,1,0
2020,55,550249,Wisconsin,2,2,0,0,0,2,2,127,WALWORTH (127),0,NOT APPLICABLE,30,30,8,August,2020,1,Sunday,13,1:00pm-1:59pm,34,34,1,This section IS ON the NHS,2,Urban,3,Principal Arterial - Other,1,State Highway Agency,2,U.S. Highway,US-12,CR-A,99998,Not Reported,42.74156389,42.74156389,-88.552819440,-88.552819440,0,No Special Jurisdiction,12,Motor Vehicle In-Transport,6,Angle,0,No,2,Intersection,2,Four-Way Intersection,0,None,,,1,On Roadway,1,Daylight,,,,,1,Clear,0,No,0000000,Not Applicable,13,1:00pm-1:59pm,34,34,13,1:00pm-1:59pm,40,40,99,Unknown,99,Unknown EMS Hospital Arrival Time,,,,,,,1,0
2020,55,550250,Wisconsin,1,1,0,0,0,1,1,35,EAU CLAIRE (35),0,NOT APPLICABLE,29,29,8,August,2020,7,Saturday,4,4:00am-4:59am,15,15,0,This section IS NOT on the NHS,1,Rural,7,Local,2,County Highway Agency,4,County Road,CR-I,,0,None,44.66657500,44.66657500,-91.422566670,-91.422566670,0,No Special Jurisdiction,34,Ditch,0,The First Harmful Event was Not a Collision with a Motor Vehicle in Transport,0,No,1,Non-Junction,1,Not an Intersection,0,None,,,4,On Roadside,2,Dark - Not Lighted,,,,,1,Clear,0,No,0000000,Not Applicable,88,Not Applicable (Not Notified),88,Not Applicable (Not Notified),88,Not Applicable,88,Not Applicable,88,"Not Applicable (Not Transported) ",88,Not Applicable (Not Transported),,,,,,,1,1
2020,55,550251,Wisconsin,2,2,0,0,0,2,2,101,RACINE (101),795,CALEDONIA,31,31,7,July,2020,6,Friday,9,9:00am-9:59am,49,49,0,This section IS NOT on the NHS,2,Urban,3,Principal Arterial - Other,4,City or Municipal Highway Agency,7,Local Street - Frontage Road,E FRONTAGE RD,GOLF RD,0,None,42.76425278,42.76425278,-87.953477780,-87.953477780,0,No Special Jurisdiction,12,Motor Vehicle In-Transport,6,Angle,0,No,3,Intersection-Related,2,Four-Way Intersection,0,None,,,1,On Roadway,1,Daylight,,,,,10,Cloudy,0,No,0000000,Not Applicable,9,9:00am-9:59am,50,50,10,10:00am-10:59am,0,0,88,"Not Applicable (Not Transported) ",88,Not Applicable (Not Transported),,,,,,,1,0
2020,55,550252,Wisconsin,2,2,0,0,0,2,2,101,RACINE (101),795,CALEDONIA,3,3,8,August,2020,2,Monday,14,2:00pm-2:59pm,20,20,1,This section IS ON the NHS,2,Urban,3,Principal Arterial - Other,1,State Highway Agency,3,State Highway,SR-38,FOUR MILE RD,99998,Not Reported,42.78477500,42.78477500,-87.868727780,-87.868727780,0,No Special Jurisdiction,12,Motor Vehicle In-Transport,2,Front-to-Front,0,No,2,Intersection,2,Four-Way Intersection,0,None,,,1,On Roadway,1,Daylight,,,,,1,Clear,0,No,0000000,Not Applicable,14,2:00pm-2:59pm,20,20,14,2:00pm-2:59pm,26,26,14,2:00pm-2:59pm,57,57,,,,,,,1,0
2020,55,550253,Wisconsin,3,3,0,0,0,4,4,9,BROWN (9),2000,GREEN BAY,3,3,9,September,2020,5,Thursday,14,2:00pm-2:59pm,22,22,1,This section IS ON the NHS,2,Urban,3,Principal Arterial - Other,1,State Highway Agency,2,U.S. Highway,US-141,IRWIN AVE N,0,None,44.51079167,44.51079167,-87.995716670,-87.995716670,0,No Special Jurisdiction,12,Motor Vehicle In-Transport,6,Angle,0,No,2,Intersection,2,Four-Way Intersection,0,None,,,1,On Roadway,1,Daylight,,,,,1,Clear,0,No,0000000,Not Applicable,14,2:00pm-2:59pm,22,22,14,2:00pm-2:59pm,26,26,14,2:00pm-2:59pm,45,45,,,,,,,1,0
2020,55,550254,Wisconsin,1,1,0,0,0,1,1,113,SAWYER (113),0,NOT APPLICABLE,12,12,8,August,2020,4,Wednesday,10,10:00am-10:59am,15,15,0,This section IS NOT on the NHS,1,Rural,4,Minor Arterial,1,State Highway Agency,3,State Highway,SR-70,,99998,Not Reported,45.88585556,45.88585556,-90.828905560,-90.828905560,0,No Special Jurisdiction,1,Rollover/Overturn,0,The First Harmful Event was Not a Collision with a Motor Vehicle in Transport,0,No,1,Non-Junction,1,Not an Intersection,0,None,,,2,On Shoulder,1,Daylight,,,,,1,Clear,0,No,0000000,Not Applicable,10,10:00am-10:59am,15,15,10,10:00am-10:59am,21,21,88,"Not Applicable (Not Transported) ",88,Not Applicable (Not Transported),,,,,,,1,0
2020,55,550255,Wisconsin,2,2,0,0,0,2,2,141,WOOD (141),0,NOT APPLICABLE,13,13,8,August,2020,5,Thursday,16,4:00pm-4:59pm,13,13,0,This section IS NOT on the NHS,1,Rural,5,Major Collector,2,County Highway Agency,4,County Road,CR-V,CR-H,99998,Not Reported,44.65613889,44.65613889,-90.299500000,-90.299500000,0,No Special Jurisdiction,12,Motor Vehicle In-Transport,6,Angle,0,No,2,Intersection,2,Four-Way Intersection,0,None,,,1,On Roadway,1,Daylight,,,,,1,Clear,0,No,0000000,Not Applicable,16,4:00pm-4:59pm,13,13,16,4:00pm-4:59pm,23,23,16,4:00pm-4:59pm,57,57,,,,,,,2,0
2020,55,550256,Wisconsin,1,1,0,0,0,1,1,1,ADAMS (1),0,NOT APPLICABLE,7,7,9,September,2020,2,Monday,11,11:00am-11:59am,25,25,0,This section IS NOT on the NHS,1,Rural,7,Local,3,Town or Township Highway Agency,5,Local Street - Township,DYKE DR,CR-E,0,None,43.90149722,43.90149722,-89.817230560,-89.817230560,0,No Special Jurisdiction,38,Fence,0,The First Harmful Event was Not a Collision with a Motor Vehicle in Transport,0,No,3,Intersection-Related,4,Y-Intersection,0,None,,,4,On Roadside,1,Daylight,,,,,1,Clear,0,No,0000000,Not Applicable,11,11:00am-11:59am,30,30,11,11:00am-11:59am,30,30,88,"Not Applicable (Not Transported) ",88,Not Applicable (Not Transported),,,,,,,1,0
2020,55,550257,Wisconsin,1,1,0,1,1,1,1,79,MILWAUKEE (79),3100,MILWAUKEE,22,22,8,August,2020,7,Saturday,11,11:00am-11:59am,55,55,1,This section IS ON the NHS,2,Urban,3,Principal Arterial - Other,1,State Highway Agency,3,State Highway,SR-241,W EDGERTON AVE,99998,Not Reported,42.95203611,42.95203611,-87.948686110,-87.948686110,0,No Special Jurisdiction,8,Pedestrian,0,The First Harmful Event was Not a Collision with a Motor Vehicle in Transport,0,No,2,Intersection,2,Four-Way Intersection,0,None,,,1,On Roadway,1,Daylight,,,,,1,Clear,0,No,0000000,Not Applicable,99,Unknown,99,Unknown,99,Unknown EMS Scene Arrival Hour,99,Unknown EMS Scene Arrival Minutes,99,Unknown,99,Unknown EMS Hospital Arrival Time,,,,,,,1,0
2020,55,550258,Wisconsin,4,2,2,0,0,7,7,79,MILWAUKEE (79),3100,MILWAUKEE,8,8,9,September,2020,3,Tuesday,19,7:00pm-7:59pm,45,45,0,This section IS NOT on the NHS,2,Urban,5,Major Collector,4,City or Municipal Highway Agency,6,Local Street - Municipality,W KEEFE AVE,W ROOSEVELT DR,0,None,43.08257778,43.08257778,-87.974352780,-87.974352780,0,No Special Jurisdiction,12,Motor Vehicle In-Transport,11,"Other ",0,No,2,Intersection,2,Four-Way Intersection,0,None,,,1,On Roadway,3,Dark - Lighted,,,,,2,Rain,0,No,0000000,Not Applicable,19,7:00pm-7:59pm,55,55,20,8:00pm-8:59pm,0,0,88,"Not Applicable (Not Transported) ",88,Not Applicable (Not Transported),,,,,,,2,0
2020,55,550259,Wisconsin,1,1,0,2,2,1,1,59,KENOSHA (59),2400,KENOSHA,10,10,9,September,2020,5,Thursday,18,6:00pm-6:59pm,20,20,1,This section IS ON the NHS,2,Urban,3,Principal Arterial - Other,1,State Highway Agency,3,State Highway,SR-158,24TH AVE,99998,Not Reported,42.58806667,42.58806667,-87.838150000,-87.838150000,0,No Special Jurisdiction,8,Pedestrian,0,The First Harmful Event was Not a Collision with a Motor Vehicle in Transport,0,No,2,Intersection,3,T-Intersection,0,None,,,1,On Roadway,1,Daylight,,,,,2,Rain,0,No,0000000,Not Applicable,99,Unknown,99,Unknown,99,Unknown EMS Scene Arrival Hour,99,Unknown EMS Scene Arrival Minutes,99,Unknown,99,Unknown EMS Hospital Arrival Time,,,,,,,1,0
2020,55,550260,Wisconsin,1,1,0,0,0,1,1,127,WALWORTH (127),0,NOT APPLICABLE,5,5,9,September,2020,7,Saturday,18,6:00pm-6:59pm,17,17,0,This section IS NOT on the NHS,1,Rural,7,Local,3,Town or Township Highway Agency,5,Local Street - Township,BLUE WING RD,,0,None,42.75059167,42.75059167,-88.632066670,-88.632066670,0,No Special Jurisdiction,1,Rollover/Overturn,0,The First Harmful Event was Not a Collision with a Motor Vehicle in Transport,0,No,1,Non-Junction,1,Not an Intersection,0,None,,,8,Gore,1,Daylight,,,,,1,Clear,0,No,0000000,Not Applicable,18,6:00pm-6:59pm,22,22,18,6:00pm-6:59pm,31,31,88,"Not Applicable (Not Transported) ",88,Not Applicable (Not Transported),,,,,,,1,1
2020,55,550261,Wisconsin,2,1,1,0,2,2,4,105,ROCK (105),1030,CLINTON,25,25,6,June,2020,5,Thursday,10,10:00am-10:59am,45,45,0,This section IS NOT on the NHS,1,Rural,5,Major Collector,2,County Highway Agency,4,County Road,CR-X MILWAUKEE ST,,0,None,42.55683056,42.55683056,-88.872230560,-88.872230560,0,No Special Jurisdiction,14,Parked Motor Vehicle,0,The First Harmful Event was Not a Collision with a Motor Vehicle in Transport,0,No,1,Non-Junction,1,Not an Intersection,0,None,,,7,In Parking Lane/Zone,1,Daylight,,,,,1,Clear,0,No,0000000,Not Applicable,10,10:00am-10:59am,50,50,10,10:00am-10:59am,57,57,99,Unknown,99,Unknown EMS Hospital Arrival Time,,,,,,,2,0
2020,55,550262,Wisconsin,1,1,0,0,0,1,1,39,FOND DU LAC (39),0,NOT APPLICABLE,28,28,8,August,2020,6,Friday,10,10:00am-10:59am,45,45,0,This section IS NOT on the NHS,1,Rural,4,Minor Arterial,1,State Highway Agency,3,State Highway,SR-67,,9,9,43.66445556,43.66445556,-88.175327780,-88.175327780,0,No Special Jurisdiction,42,Tree (Standing Only),0,The First Harmful Event was Not a Collision with a Motor Vehicle in Transport,0,No,1,Non-Junction,1,Not an Intersection,0,None,,,4,On Roadside,1,Daylight,,,,,2,Rain,0,No,0000000,Not Applicable,10,10:00am-10:59am,50,50,11,11:00am-11:59am,2,2,12,12:00pm-12:59pm,5,5,,,,,,,1,0
2020,55,550263,Wisconsin,2,2,0,0,0,5,5,79,MILWAUKEE (79),3100,MILWAUKEE,24,24,6,June,2020,4,Wednesday,23,11:00pm-11:59pm,10,10,1,This section IS ON the NHS,2,Urban,1,Interstate,1,State Highway Agency,1,Interstate,I-43,,99998,Not Reported,42.99576667,42.99576667,-87.915052780,-87.915052780,0,No Special Jurisdiction,12,Motor Vehicle In-Transport,2,Front-to-Front,0,No,1,Non-Junction,1,Not an Intersection,0,None,,,1,On Roadway,3,Dark - Lighted,,,,,1,Clear,0,No,0000000,Not Applicable,23,11:00pm-11:59pm,15,15,23,11:00pm-11:59pm,21,21,99,Unknown,99,Unknown EMS Hospital Arrival Time,,,,,,,2,0
2020,55,550264,Wisconsin,2,2,0,0,0,4,4,113,SAWYER (113),0,NOT APPLICABLE,10,10,9,September,2020,5,Thursday,18,6:00pm-6:59pm,34,34,0,This section IS NOT on the NHS,1,Rural,4,Minor Arterial,1,State Highway Agency,3,State Highway,SR-40,CR-D,99998,Not Reported,45.66801667,45.66801667,-91.215105560,-91.215105560,0,No Special Jurisdiction,12,Motor Vehicle In-Transport,6,Angle,0,No,2,Intersection,2,Four-Way Intersection,0,None,,,1,On Roadway,1,Daylight,,,,,1,Clear,1,Yes,0000000,Not Applicable,18,6:00pm-6:59pm,35,35,19,7:00pm-7:59pm,5,5,19,7:00pm-7:59pm,45,45,,,,,,,1,0
2020,55,550265,Wisconsin,1,1,0,0,0,1,1,79,MILWAUKEE (79),3100,MILWAUKEE,9,9,9,September,2020,4,Wednesday,23,11:00pm-11:59pm,36,36,1,This section IS ON the NHS,2,Urban,3,Principal Arterial - Other,4,City or Municipal Highway Agency,6,Local Street - Municipality,W SILVER SPRING DR,,1,1,43.11931667,43.11931667,-87.972330560,-87.972330560,0,No Special Jurisdiction,42,Tree (Standing Only),0,The First Harmful Event was Not a Collision with a Motor Vehicle in Transport,0,No,1,Non-Junction,1,Not an Intersection,0,None,,,3,On Median,3,Dark - Lighted,,,,,2,Rain,0,No,0000000,Not Applicable,23,11:00pm-11:59pm,36,36,23,11:00pm-11:59pm,43,43,88,"Not Applicable (Not Transported) ",88,Not Applicable (Not Transported),,,,,,,1,0
2020,55,550266,Wisconsin,2,2,0,0,0,3,3,85,ONEIDA (85),0,NOT APPLICABLE,17,17,9,September,2020,5,Thursday,10,10:00am-10:59am,14,14,1,This section IS ON the NHS,1,Rural,3,Principal Arterial - Other,1,State Highway Agency,2,U.S. Highway,US-8,,13,13,45.60454167,45.60454167,-89.556066670,-89.556066670,0,No Special Jurisdiction,12,Motor Vehicle In-Transport,2,Front-to-Front,0,No,1,Non-Junction,1,Not an Intersection,0,None,,,1,On Roadway,1,Daylight,,,,,1,Clear,0,No,0000000,Not Applicable,99,Unknown,99,Unknown,99,Unknown EMS Scene Arrival Hour,99,Unknown EMS Scene Arrival Minutes,99,Unknown,99,Unknown EMS Hospital Arrival Time,,,,,,,1,0
2020,55,550267,Wisconsin,2,1,1,0,0,2,2,79,MILWAUKEE (79),3100,MILWAUKEE,25,25,9,September,2020,6,Friday,1,1:00am-1:59am,39,39,0,This section IS NOT on the NHS,2,Urban,4,Minor Arterial,1,State Highway Agency,3,State Highway,SR-57 N 20TH ST,,99998,Not Reported,43.06510556,43.06510556,-87.937516670,-87.937516670,0,No Special Jurisdiction,14,Parked Motor Vehicle,0,The First Harmful Event was Not a Collision with a Motor Vehicle in Transport,0,No,1,Non-Junction,1,Not an Intersection,0,None,,,1,On Roadway,3,Dark - Lighted,,,,,1,Clear,0,No,0000000,Not Applicable,1,1:00am-1:59am,42,42,1,1:00am-1:59am,46,46,2,2:00am-2:59am,16,16,,,,,,,1,1
2020,55,550268,Wisconsin,2,2,0,0,0,2,2,101,RACINE (101),0,NOT APPLICABLE,24,24,9,September,2020,5,Thursday,14,2:00pm-2:59pm,19,19,1,This section IS ON the NHS,2,Urban,3,Principal Arterial - Other,1,State Highway Agency,3,State Highway,SR-11 DURAND AVE,,99998,Not Reported,42.68306667,42.68306667,-88.083944440,-88.083944440,0,No Special Jurisdiction,12,Motor Vehicle In-Transport,2,Front-to-Front,0,No,1,Non-Junction,1,Not an Intersection,0,None,,,1,On Roadway,1,Daylight,,,,,1,Clear,0,No,0000000,Not Applicable,14,2:00pm-2:59pm,26,26,14,2:00pm-2:59pm,31,31,99,Unknown,99,Unknown EMS Hospital Arrival Time,,,,,,,1,0
2020,55,550269,Wisconsin,1,1,0,0,0,2,2,97,PORTAGE (97),0,NOT APPLICABLE,27,27,9,September,2020,1,Sunday,2,2:00am-2:59am,0,0,0,This section IS NOT on the NHS,2,Urban,5,Major Collector,2,County Highway Agency,4,County Road,CR-R,,99998,Not Reported,44.42611667,44.42611667,-89.508855560,-89.508855560,0,No Special Jurisdiction,42,Tree (Standing Only),0,The First Harmful Event was Not a Collision with a Motor Vehicle in Transport,0,No,1,Non-Junction,1,Not an Intersection,0,None,,,4,On Roadside,2,Dark - Not Lighted,,,,,1,Clear,0,No,0000000,Not Applicable,2,2:00am-2:59am,7,7,2,2:00am-2:59am,14,14,88,"Not Applicable (Not Transported) ",88,Not Applicable (Not Transported),,,,,,,1,1
2020,55,550270,Wisconsin,2,2,0,0,0,2,2,39,FOND DU LAC (39),1730,FOND DU LAC,26,26,9,September,2020,7,Saturday,10,10:00am-10:59am,24,24,0,This section IS NOT on the NHS,2,Urban,4,Minor Arterial,2,County Highway Agency,4,County Road,CR-VV,FOREST AVE,0,None,43.77709167,43.77709167,-88.481894440,-88.481894440,0,No Special Jurisdiction,12,Motor Vehicle In-Transport,6,Angle,0,No,2,Intersection,3,T-Intersection,0,None,,,1,On Roadway,1,Daylight,,,,,10,Cloudy,0,No,0000000,Not Applicable,10,10:00am-10:59am,25,25,10,10:00am-10:59am,28,28,99,Unknown,99,Unknown EMS Hospital Arrival Time,,,,,,,1,0
2020,55,550271,Wisconsin,1,1,0,0,0,1,1,77,MARQUETTE (77),0,NOT APPLICABLE,23,23,9,September,2020,4,Wednesday,6,6:00am-6:59am,20,20,0,This section IS NOT on the NHS,1,Rural,7,Local,3,Town or Township Highway Agency,5,Local Street - Township,GLEN AVE,,0,None,43.68602778,43.68602778,-89.452094440,-89.452094440,0,No Special Jurisdiction,11,Live Animal,0,The First Harmful Event was Not a Collision with a Motor Vehicle in Transport,0,No,1,Non-Junction,1,Not an Intersection,0,None,,,1,On Roadway,4,Dawn,,,,,1,Clear,0,No,0000000,Not Applicable,6,6:00am-6:59am,26,26,6,6:00am-6:59am,39,39,88,"Not Applicable (Not Transported) ",88,Not Applicable (Not Transported),,,,,,,1,0
2020,55,550272,Wisconsin,2,2,0,0,0,3,3,5,BARRON (5),0,NOT APPLICABLE,30,30,9,September,2020,4,Wednesday,10,10:00am-10:59am,25,25,0,This section IS NOT on the NHS,1,Rural,4,Minor Arterial,1,State Highway Agency,3,State Highway,SR-48,,99998,Not Reported,45.50984167,45.50984167,-91.829230560,-91.829230560,0,No Special Jurisdiction,12,Motor Vehicle In-Transport,2,Front-to-Front,0,No,1,Non-Junction,1,Not an Intersection,0,None,,,1,On Roadway,1,Daylight,,,,,1,Clear,0,No,0000000,Not Applicable,99,Unknown,99,Unknown,99,Unknown EMS Scene Arrival Hour,99,Unknown EMS Scene Arrival Minutes,99,Unknown,99,Unknown EMS Hospital Arrival Time,,,,,,,1,0
2020,55,550273,Wisconsin,1,1,0,0,0,1,1,109,ST CROIX (109),0,NOT APPLICABLE,29,29,9,September,2020,3,Tuesday,15,3:00pm-3:59pm,30,30,0,This section IS NOT on the NHS,1,Rural,5,Major Collector,2,County Highway Agency,4,County Road,CR-A,,99998,Not Reported,44.99708056,44.99708056,-92.675477780,-92.675477780,0,No Special Jurisdiction,34,Ditch,0,The First Harmful Event was Not a Collision with a Motor Vehicle in Transport,0,No,1,Non-Junction,1,Not an Intersection,0,None,,,4,On Roadside,1,Daylight,,,,,10,Cloudy,0,No,0000000,Not Applicable,15,3:00pm-3:59pm,33,33,15,3:00pm-3:59pm,40,40,16,4:00pm-4:59pm,50,50,,,,,,,1,0
2020,55,550274,Wisconsin,2,2,0,0,0,5,5,105,ROCK (105),0,NOT APPLICABLE,25,25,7,July,2020,7,Saturday,11,11:00am-11:59am,40,40,0,This section IS NOT on the NHS,1,Rural,4,Minor Arterial,1,State Highway Agency,3,State Highway,SR-104,,99998,Not Reported,42.68805556,42.68805556,-89.367600000,-89.367600000,0,No Special Jurisdiction,12,Motor Vehicle In-Transport,1,Front-to-Rear,0,No,8,Driveway Access Related,1,Not an Intersection,0,None,,,1,On Roadway,1,Daylight,,,,,1,Clear,0,No,0000000,Not Applicable,99,Unknown,99,Unknown,99,Unknown EMS Scene Arrival Hour,99,Unknown EMS Scene Arrival Minutes,99,Unknown,99,Unknown EMS Hospital Arrival Time,,,,,,,1,0
2020,55,550275,Wisconsin,1,1,0,0,0,1,1,79,MILWAUKEE (79),3100,MILWAUKEE,21,21,8,August,2020,6,Friday,15,3:00pm-3:59pm,31,31,1,This section IS ON the NHS,2,Urban,1,Interstate,1,State Highway Agency,1,Interstate,I-94 RAMP,SR-181 84TH ST,99998,Not Reported,43.02774444,43.02774444,-88.017444440,-88.017444440,0,No Special Jurisdiction,33,Curb,0,The First Harmful Event was Not a Collision with a Motor Vehicle in Transport,1,Yes,3,Intersection-Related,2,Four-Way Intersection,0,None,,,4,On Roadside,1,Daylight,,,,,1,Clear,0,No,0000000,Not Applicable,15,3:00pm-3:59pm,32,32,15,3:00pm-3:59pm,50,50,99,Unknown,99,Unknown EMS Hospital Arrival Time,,,,,,,1,0
2020,55,550276,Wisconsin,2,2,0,0,0,2,2,127,WALWORTH (127),9997,Other,30,30,8,August,2020,1,Sunday,21,9:00pm-9:59pm,4,4,1,This section IS ON the NHS,2,Urban,2,Principal Arterial - Other Freeways and Expressways,1,State Highway Agency,2,U.S. Highway,US-12,,6,6,42.52622778,42.52622778,-88.316005560,-88.316005560,0,No Special Jurisdiction,12,Motor Vehicle In-Transport,8,Sideswipe - Opposite Direction,0,No,1,Non-Junction,1,Not an Intersection,4,"Work Zone, Type Unknown",,,1,On Roadway,2,Dark - Not Lighted,,,,,10,Cloudy,0,No,0000000,Not Applicable,21,9:00pm-9:59pm,6,6,99,Unknown EMS Scene Arrival Hour,99,Unknown EMS Scene Arrival Minutes,88,"Not Applicable (Not Transported) ",88,Not Applicable (Not Transported),,,,,,,1,0
2020,55,550277,Wisconsin,1,1,0,1,1,1,1,17,CHIPPEWA (17),0,NOT APPLICABLE,16,16,9,September,2020,4,Wednesday,18,6:00pm-6:59pm,26,26,0,This section IS NOT on the NHS,1,Rural,4,Minor Arterial,1,State Highway Agency,3,State Highway,SR-64,,99998,Not Reported,45.12103056,45.12103056,-91.497530560,-91.497530560,0,No Special Jurisdiction,8,Pedestrian,0,The First Harmful Event was Not a Collision with a Motor Vehicle in Transport,0,No,1,Non-Junction,1,Not an Intersection,0,None,,,2,On Shoulder,1,Daylight,,,,,1,Clear,0,No,0000000,Not Applicable,18,6:00pm-6:59pm,28,28,18,6:00pm-6:59pm,32,32,18,6:00pm-6:59pm,46,46,,,,,,,1,0
2020,55,550278,Wisconsin,3,2,1,0,1,2,3,79,MILWAUKEE (79),3100,MILWAUKEE,26,26,9,September,2020,7,Saturday,21,9:00pm-9:59pm,11,11,0,This section IS NOT on the NHS,2,Urban,7,Local,4,City or Municipal Highway Agency,6,Local Street - Municipality,N 35TH ST,W WALNUT ST,0,None,43.05285833,43.05285833,-87.957619440,-87.957619440,0,No Special Jurisdiction,12,Motor Vehicle In-Transport,6,Angle,0,No,2,Intersection,2,Four-Way Intersection,0,None,,,1,On Roadway,3,Dark - Lighted,,,,,1,Clear,0,No,0000000,Not Applicable,99,Unknown,99,Unknown,99,Unknown EMS Scene Arrival Hour,99,Unknown EMS Scene Arrival Minutes,99,Unknown,99,Unknown EMS Hospital Arrival Time,,,,,,,1,0
2020,55,550279,Wisconsin,3,3,0,0,0,5,5,79,MILWAUKEE (79),3100,MILWAUKEE,22,22,9,September,2020,3,Tuesday,19,7:00pm-7:59pm,13,13,1,This section IS ON the NHS,2,Urban,3,Principal Arterial - Other,1,State Highway Agency,3,State Highway,SR-145 W FOND DU LAC AVE,W LOCUST ST,3,3,43.07160556,43.07160556,-87.952755560,-87.952755560,0,No Special Jurisdiction,12,Motor Vehicle In-Transport,1,Front-to-Rear,0,No,2,Intersection,2,Four-Way Intersection,0,None,,,1,On Roadway,3,Dark - Lighted,,,,,1,Clear,0,No,0000000,Not Applicable,99,Unknown,99,Unknown,99,Unknown EMS Scene Arrival Hour,99,Unknown EMS Scene Arrival Minutes,99,Unknown,99,Unknown EMS Hospital Arrival Time,,,,,,,1,0