caseyear,state,st_case,statename,ve_total,ve_forms,pvh_invl,peds,pernotmvit,permvit,persons,county,countyname,city,cityname,day,dayname,month,monthname,year,day_week,day_weekname,hour,hourname,minute,minutename,nhs,nhsname,rur_urb,rur_urbname,func_sys,func_sysname,rd_owner,rd_ownername,route,routename,tway_id,tway_id2,milept,mileptname,latitude,latitudename,longitud,longitudname,sp_jur,sp_jurname,harm_ev,harm_evname,man_coll,man_collname,reljct1,reljct1name,reljct2,reljct2name,typ_int,typ_intname,wrk_zone,wrk_zonename,road_fnc,road_fncname,rel_road,rel_roadname,lgt_cond,lgt_condname,weather1,weather1name,weather2,weather2name,weather,weathername,sch_bus,sch_busname,rail,railname,not_hour,not_hourname,not_min,not_minname,arr_hour,arr_hourname,arr_min,arr_minname,hosp_hr,hosp_hrname,hosp_mn,hosp_mnname,cf1,cf1name,cf2,cf2name,cf3,cf3name,fatals,drunk_dr
2020,55,550357,Wisconsin,1,1,0,0,0,1,1,79,MILWAUKEE (79),3100,MILWAUKEE,14,14,7,July,2020,3,Tuesday,19,7:00pm-7:59pm,39,39,0,This section IS NOT on the NHS,2,Urban,7,Local,4,City or Municipal Highway Agency,6,Local Street - Municipality,N 30TH ST,,0,None,43.06034167,43.06034167,-87.951116670,-87.951116670,0,No Special Jurisdiction,38,Fence,0,The First Harmful Event was Not a Collision with a Motor Vehicle in Transport,0,No,1,Non-Junction,1,Not an Intersection,0,None,,,4,On Roadside,1,Daylight,,,,,1,Clear,0,No,0000000,Not Applicable,16,4:00pm-4:59pm,44,44,16,4:00pm-4:59pm,53,53,88,"Not Applicable (Not Transported) ",88,Not Applicable (Not Transported),,,,,,,1,0
2020,55,550358,Wisconsin,1,1,0,0,0,3,3,79,MILWAUKEE (79),3100,MILWAUKEE,30,30,7,July,2020,5,Thursday,2,2:00am-2:59am,12,12,0,This section IS NOT on the NHS,2,Urban,4,Minor Arterial,4,City or Municipal Highway Agency,6,Local Street - Municipality,N 27TH ST,,0,None,43.08015000,43.08015000,-87.947194440,-87.947194440,0,No Special Jurisdiction,30,Utility Pole/Light Support,0,The First Harmful Event was Not a Collision with a Motor Vehicle in Transport,0,No,1,Non-Junction,1,Not an Intersection,0,None,,,4,On Roadside,3,Dark - Lighted,,,,,1,Clear,0,No,0000000,Not Applicable,2,2:00am-2:59am,14,14,2,2:00am-2:59am,18,18,2,2:00am-2:59am,42,42,,,,,,,1,0
2020,55,550359,Wisconsin,2,2,0,0,0,2,2,79,MILWAUKEE (79),3100,MILWAUKEE,1,1,7,July,2020,4,Wednesday,13,1:00pm-1:59pm,42,42,0,This section IS NOT on the NHS,2,Urban,4,Minor Arterial,4,City or Municipal Highway Agency,6,Local Street - Municipality,S 16TH ST,W BURNHAM ST,0,None,43.01018333,43.01018333,-87.933105560,-87.933105560,0,No Special Jurisdiction,12,Motor Vehicle In-Transport,6,Angle,1,Yes,2,Intersection,2,Four-Way Intersection,0,None,,,1,On Roadway,1,Daylight,,,,,1,Clear,0,No,0000000,Not Applicable,13,1:00pm-1:59pm,44,44,13,1:00pm-1:59pm,52,52,14,2:00pm-2:59pm,15,15,,,,,,,1,0
2020,55,550360,Wisconsin,1,1,0,1,1,2,2,79,MILWAUKEE (79),3100,MILWAUKEE,31,31,7,July,2020,6,Friday,10,10:00am-10:59am,51,51,0,This section IS NOT on the NHS,2,Urban,5,Major Collector,4,City or Municipal Highway Agency,6,Local Street - Municipality,W ATKINSON AVE,,0,None,43.09693611,43.09693611,-87.946630560,-87.946630560,0,No Special Jurisdiction,8,Pedestrian,0,The First Harmful Event was Not a Collision with a Motor Vehicle in Transport,0,No,1,Non-Junction,1,Not an Intersection,0,None,,,1,On Roadway,1,Daylight,,,,,1,Clear,0,No,0000000,Not Applicable,10,10:00am-10:59am,54,54,11,11:00am-11:59am,4,4,88,"Not Applicable (Not Transported) ",88,Not Applicable (Not Transported),,,,,,,1,0
2020,55,550361,Wisconsin,1,1,0,1,1,1,1,17,CHIPPEWA (17),0,NOT APPLICABLE,5,5,12,December,2020,7,Saturday,17,5:00pm-5:59pm,51,51,1,This section IS ON the NHS,1,Rural,2,Principal Arterial - Other Freeways and Expressways,1,State Highway Agency,3,State Highway,SR-29,,99998,Not Reported,44.89416667,44.89416667,-91.532730560,-91.532730560,0,No Special Jurisdiction,8,Pedestrian,0,The First Harmful Event was Not a Collision with a Motor Vehicle in Transport,0,No,1,Non-Junction,1,Not an Intersection,0,None,,,1,On Roadway,2,Dark - Not Lighted,,,,,10,Cloudy,0,No,0000000,Not Applicable,99,Unknown,99,Unknown,99,Unknown EMS Scene Arrival Hour,99,Unknown EMS Scene Arrival Minutes,99,Unknown,99,Unknown EMS Hospital Arrival Time,,,,,,,1,0
2020,55,550362,Wisconsin,1,1,0,0,0,1,1,59,KENOSHA (59),2400,KENOSHA,11,11,12,December,2020,6,Friday,2,2:00am-2:59am,12,12,1,This section IS ON the NHS,2,Urban,3,Principal Arterial - Other,1,State Highway Agency,3,State Highway,SR-32,,99998,Not Reported,42.60642500,42.60642500,-87.822805560,-87.822805560,0,No Special Jurisdiction,30,Utility Pole/Light Support,0,The First Harmful Event was Not a Collision with a Motor Vehicle in Transport,0,No,1,Non-Junction,1,Not an Intersection,0,None,,,4,On Roadside,3,Dark - Lighted,,,,,1,Clear,0,No,0000000,Not Applicable,2,2:00am-2:59am,13,13,2,2:00am-2:59am,28,28,99,Unknown,99,Unknown EMS Hospital Arrival Time,,,,,,,1,1
2020,55,550363,Wisconsin,1,1,0,0,0,1,1,105,ROCK (105),0,NOT APPLICABLE,8,8,12,December,2020,3,Tuesday,15,3:00pm-3:59pm,0,0,0,This section IS NOT on the NHS,1,Rural,7,Local,3,Town or Township Highway Agency,5,Local Street - Township,VAN ALLEN RD,,0,None,42.62000833,42.62000833,-88.933283330,-88.933283330,0,No Special Jurisdiction,34,Ditch,0,The First Harmful Event was Not a Collision with a Motor Vehicle in Transport,0,No,1,Non-Junction,1,Not an Intersection,0,None,,,4,On Roadside,1,Daylight,,,,,10,Cloudy,0,No,0000000,Not Applicable,99,Unknown,99,Unknown,99,Unknown EMS Scene Arrival Hour,99,Unknown EMS Scene Arrival Minutes,88,"Not Applicable (Not Transported) ",88,Not Applicable (Not Transported),,,,,,,1,1
2020,55,550364,Wisconsin,1,1,0,1,1,1,1,79,MILWAUKEE (79),3100,MILWAUKEE,27,27,11,November,2020,6,Friday,13,1:00pm-1:59pm,11,11,1,This section IS ON the NHS,2,Urban,3,Principal Arterial - Other,1,State Highway Agency,2,U.S. Highway,US-18 W BLUE MOUND RD,,4,4,43.03488056,43.03488056,-88.037808330,-88.037808330,0,No Special Jurisdiction,9,Pedalcyclist,0,The First Harmful Event was Not a Collision with a Motor Vehicle in Transport,0,No,1,Non-Junction,1,Not an Intersection,0,None,,,1,On Roadway,1,Daylight,,,,,1,Clear,0,No,0000000,Not Applicable,99,Unknown,99,Unknown,99,Unknown EMS Scene Arrival Hour,99,Unknown EMS Scene Arrival Minutes,99,Unknown,99,Unknown EMS Hospital Arrival Time,,,,,,,1,0
2020,55,550365,Wisconsin,1,1,0,0,0,1,1,79,MILWAUKEE (79),3100,MILWAUKEE,6,6,12,December,2020,1,Sunday,11,11:00am-11:59am,19,19,0,This section IS NOT on the NHS,2,Urban,5,Major Collector,4,City or Municipal Highway Agency,6,Local Street - Municipality,W LOCUST ST,,0,None,43.07160278,43.07160278,-87.973827780,-87.973827780,0,No Special Jurisdiction,19,Building,0,The First Harmful Event was Not a Collision with a Motor Vehicle in Transport,0,No,1,Non-Junction,1,Not an Intersection,0,None,,,4,On Roadside,1,Daylight,,,,,10,Cloudy,0,No,0000000,Not Applicable,99,Unknown,99,Unknown,99,Unknown EMS Scene Arrival Hour,99,Unknown EMS Scene Arrival Minutes,88,"Not Applicable (Not Transported) ",88,Not Applicable (Not Transported),,,,,,,1,0
2020,55,550366,Wisconsin,1,1,0,0,0,4,4,79,MILWAUKEE (79),3100,MILWAUKEE,6,6,12,December,2020,1,Sunday,19,7:00pm-7:59pm,26,26,0,This section IS NOT on the NHS,2,Urban,4,Minor Arterial,1,State Highway Agency,3,State Highway,SR-57,,99998,Not Reported,43.04811944,43.04811944,-87.937775000,-87.937775000,0,No Special Jurisdiction,33,Curb,0,The First Harmful Event was Not a Collision with a Motor Vehicle in Transport,0,No,1,Non-Junction,1,Not an Intersection,0,None,,,4,On Roadside,3,Dark - Lighted,,,,,10,Cloudy,0,No,0000000,Not Applicable,99,Unknown,99,Unknown,99,Unknown EMS Scene Arrival Hour,99,Unknown EMS Scene Arrival Minutes,99,Unknown,99,Unknown EMS Hospital Arrival Time,,,,,,,1,1
2020,55,550367,Wisconsin,1,1,0,0,0,1,1,5,BARRON (5),0,NOT APPLICABLE,15,15,12,December,2020,3,Tuesday,22,10:00pm-10:59pm,30,30,0,This section IS NOT on the NHS,1,Rural,7,Local,3,Town or Township Highway Agency,5,Local Street - Township,20TH ST,,99998,Not Reported,45.26744167,45.26744167,-91.746027780,-91.746027780,0,No Special Jurisdiction,34,Ditch,0,The First Harmful Event was Not a Collision with a Motor Vehicle in Transport,0,No,1,Non-Junction,1,Not an Intersection,0,None,,,4,On Roadside,2,Dark - Not Lighted,,,,,1,Clear,0,No,0000000,Not Applicable,4,4:00am-4:59am,14,14,4,4:00am-4:59am,29,29,88,"Not Applicable (Not Transported) ",88,Not Applicable (Not Transported),,,,,,,1,0
2020,55,550368,Wisconsin,2,2,0,0,0,3,3,81,MONROE (81),0,NOT APPLICABLE,15,15,12,December,2020,3,Tuesday,10,10:00am-10:59am,4,4,1,This section IS ON the NHS,1,Rural,3,Principal Arterial - Other,1,State Highway Agency,3,State Highway,SR-21,CRESCENT RD,99998,Not Reported,44.02588056,44.02588056,-90.332688890,-90.332688890,0,No Special Jurisdiction,12,Motor Vehicle In-Transport,6,Angle,0,No,2,Intersection,2,Four-Way Intersection,0,None,,,1,On Roadway,1,Daylight,,,,,10,Cloudy,0,No,0000000,Not Applicable,10,10:00am-10:59am,7,7,10,10:00am-10:59am,20,20,11,11:00am-11:59am,14,14,,,,,,,1,0
2020,55,550369,Wisconsin,2,2,0,0,0,2,2,105,ROCK (105),0,NOT APPLICABLE,16,16,12,December,2020,4,Wednesday,11,11:00am-11:59am,45,45,1,This section IS ON the NHS,1,Rural,1,Interstate,1,State Highway Agency,1,Interstate,I-43,,99998,Not Reported,42.57205833,42.57205833,-88.828066670,-88.828066670,0,No Special Jurisdiction,12,Motor Vehicle In-Transport,2,Front-to-Front,0,No,1,Non-Junction,1,Not an Intersection,0,None,,,1,On Roadway,1,Daylight,,,,,10,Cloudy,0,No,0000000,Not Applicable,11,11:00am-11:59am,45,45,11,11:00am-11:59am,57,57,12,12:00pm-12:59pm,31,31,,,,,,,1,0
2020,55,550370,Wisconsin,1,1,0,0,0,1,1,91,PEPIN (91),0,NOT APPLICABLE,17,17,12,December,2020,5,Thursday,2,2:00am-2:59am,53,53,0,This section IS NOT on the NHS,1,Rural,4,Minor Arterial,1,State Highway Agency,2,U.S. Highway,US-10,,99998,Not Reported,44.62716944,44.62716944,-91.930669440,-91.930669440,0,No Special Jurisdiction,30,Utility Pole/Light Support,0,The First Harmful Event was Not a Collision with a Motor Vehicle in Transport,0,No,1,Non-Junction,1,Not an Intersection,0,None,,,4,On Roadside,2,Dark - Not Lighted,,,,,1,Clear,0,No,0000000,Not Applicable,2,2:00am-2:59am,58,58,3,3:00am-3:59am,0,0,3,3:00am-3:59am,19,19,,,,,,,1,1
2020,55,550371,Wisconsin,2,1,1,0,0,1,1,133,WAUKESHA (133),5060,WAUKESHA,24,24,12,December,2020,5,Thursday,19,7:00pm-7:59pm,54,54,0,This section IS NOT on the NHS,2,Urban,7,Local,4,City or Municipal Highway Agency,6,Local Street - Municipality,ATLANTIC DR,,0,None,43.03018056,43.03018056,-88.207316670,-88.207316670,0,No Special Jurisdiction,14,Parked Motor Vehicle,0,The First Harmful Event was Not a Collision with a Motor Vehicle in Transport,0,No,1,Non-Junction,1,Not an Intersection,0,None,,,1,On Roadway,2,Dark - Not Lighted,,,,,10,Cloudy,0,No,0000000,Not Applicable,19,7:00pm-7:59pm,55,55,19,7:00pm-7:59pm,59,59,20,8:00pm-8:59pm,28,28,,,,,,,1,1
2020,55,550372,Wisconsin,1,1,0,0,0,1,1,25,DANE (25),4940,VERONA,15,15,12,December,2020,3,Tuesday,18,6:00pm-6:59pm,18,18,1,This section IS ON the NHS,2,Urban,2,Principal Arterial - Other Freeways and Expressways,1,State Highway Agency,2,U.S. Highway,US-18,,99998,Not Reported,42.97608056,42.97608056,-89.513066670,-89.513066670,0,No Special Jurisdiction,31,"Post, Pole or Other Supports",0,The First Harmful Event was Not a Collision with a Motor Vehicle in Transport,1,Yes,19,Other location within Interchange Area,1,Not an Intersection,0,None,,,3,On Median,2,Dark - Not Lighted,,,,,10,Cloudy,0,No,0000000,Not Applicable,18,6:00pm-6:59pm,19,19,18,6:00pm-6:59pm,24,24,18,6:00pm-6:59pm,42,42,,,,,,,1,0
2020,55,550373,Wisconsin,1,1,0,0,0,1,1,97,PORTAGE (97),0,NOT APPLICABLE,28,28,12,December,2020,2,Monday,99,Unknown Hours,99,Unknown Minutes,0,This section IS NOT on the NHS,1,Rural,4,Minor Arterial,1,State Highway Agency,3,State Highway,SR-54,,99998,Not Reported,44.36766667,44.36766667,-89.350280560,-89.350280560,0,No Special Jurisdiction,34,Ditch,0,The First Harmful Event was Not a Collision with a Motor Vehicle in Transport,0,No,1,Non-Junction,1,Not an Intersection,0,None,,,4,On Roadside,9,Reported as Unknown,,,,,99,Reported as Unknown,0,No,0000000,Not Applicable,88,Not Applicable (Not Notified),88,Not Applicable (Not Notified),88,Not Applicable,88,Not Applicable,88,"Not Applicable (Not Transported) ",88,Not Applicable (Not Transported),,,,,,,1,1
2020,55,550374,Wisconsin,1,1,0,0,0,2,2,97,PORTAGE (97),0,NOT APPLICABLE,30,30,12,December,2020,4,Wednesday,23,11:00pm-11:59pm,57,57,0,This section IS NOT on the NHS,1,Rural,6,Minor Collector,2,County Highway Agency,4,County Road,CR-A,,0,None,44.27377500,44.27377500,-89.406755560,-89.406755560,0,No Special Jurisdiction,42,Tree (Standing Only),0,The First Harmful Event was Not a Collision with a Motor Vehicle in Transport,0,No,1,Non-Junction,1,Not an Intersection,0,None,,,4,On Roadside,2,Dark - Not Lighted,,,,,10,Cloudy,0,No,0000000,Not Applicable,23,11:00pm-11:59pm,57,57,0,0:00am-0:59am,31,31,99,Unknown,99,Unknown EMS Hospital Arrival Time,,,,,,,1,1
2020,55,550375,Wisconsin,2,2,0,0,0,4,4,79,MILWAUKEE (79),3100,MILWAUKEE,15,15,12,December,2020,3,Tuesday,18,6:00pm-6:59pm,7,7,1,This section IS ON the NHS,2,Urban,3,Principal Arterial - Other,4,City or Municipal Highway Agency,6,Local Street - Municipality,N SHERMAN BLVD,W NORTH AVE,0,None,43.06061389,43.06061389,-87.967552780,-87.967552780,0,No Special Jurisdiction,12,Motor Vehicle In-Transport,6,Angle,0,No,2,Intersection,2,Four-Way Intersection,0,None,,,1,On Roadway,3,Dark - Lighted,,,,,10,Cloudy,0,No,0000000,Not Applicable,99,Unknown,99,Unknown,99,Unknown EMS Scene Arrival Hour,99,Unknown EMS Scene Arrival Minutes,99,Unknown,99,Unknown EMS Hospital Arrival Time,,,,,,,1,0
2020,55,550376,Wisconsin,1,1,0,0,0,2,2,109,ST CROIX (109),0,NOT APPLICABLE,5,5,12,December,2020,7,Saturday,15,3:00pm-3:59pm,58,58,1,This section IS ON the NHS,1,Rural,1,Interstate,1,State Highway Agency,1,Interstate,I-94,,99998,Not Reported,44.93358611,44.93358611,-92.251527780,-92.251527780,0,No Special Jurisdiction,42,Tree (Standing Only),0,The First Harmful Event was Not a Collision with a Motor Vehicle in Transport,0,No,1,Non-Junction,1,Not an Intersection,0,None,,,4,On Roadside,1,Daylight,,,,,10,Cloudy,0,No,0000000,Not Applicable,15,3:00pm-3:59pm,58,58,99,Unknown EMS Scene Arrival Hour,99,Unknown EMS Scene Arrival Minutes,88,"Not Applicable (Not Transported) ",88,Not Applicable (Not Transported),,,,,,,2,0
2020,55,550377,Wisconsin,2,2,0,0,0,3,3,59,KENOSHA (59),685,BRISTOL,29,29,12,December,2020,3,Tuesday,23,11:00pm-11:59pm,18,18,1,This section IS ON the NHS,1,Rural,1,Interstate,1,State Highway Agency,1,Interstate,I-41,,99998,Not Reported,42.49972500,42.49972500,-87.951213890,-87.951213890,0,No Special Jurisdiction,12,Motor Vehicle In-Transport,6,Angle,0,No,1,Non-Junction,1,Not an Intersection,0,None,,,1,On Roadway,2,Dark - Not Lighted,,,,,4,Snow,0,No,0000000,Not Applicable,23,11:00pm-11:59pm,33,33,23,11:00pm-11:59pm,40,40,99,Unknown,99,Unknown EMS Hospital Arrival Time,,,,,,,2,0
2020,55,550378,Wisconsin,2,2,0,0,0,2,2,101,RACINE (101),3970,RACINE,27,27,5,May,2020,4,Wednesday,21,9:00pm-9:59pm,14,14,1,This section IS ON the NHS,2,Urban,3,Principal Arterial - Other,1,State Highway Agency,3,State Highway,SR-20,10TH ST,99998,Not Reported,42.72146944,42.72146944,-87.793269440,-87.793269440,0,No Special Jurisdiction,12,Motor Vehicle In-Transport,2,Front-to-Front,0,No,2,Intersection,2,Four-Way Intersection,0,None,,,1,On Roadway,3,Dark - Lighted,,,,,99,Reported as Unknown,0,No,0000000,Not Applicable,21,9:00pm-9:59pm,15,15,21,9:00pm-9:59pm,27,27,21,9:00pm-9:59pm,37,37,,,,,,,1,0
2020,55,550379,Wisconsin,2,2,0,2,2,2,2,25,DANE (25),4720,SUN PRAIRIE,23,23,11,November,2020,2,Monday,15,3:00pm-3:59pm,35,35,0,This section IS NOT on the NHS,2,Urban,3,Principal Arterial - Other,1,State Highway Agency,3,State Highway,SR-19 E MAIN ST,WHITE TAIL DR,1,1,43.18073333,43.18073333,-89.202708330,-89.202708330,0,No Special Jurisdiction,12,Motor Vehicle In-Transport,6,Angle,0,No,2,Intersection,3,T-Intersection,0,None,,,1,On Roadway,1,Daylight,,,,,1,Clear,0,No,0000000,Not Applicable,15,3:00pm-3:59pm,35,35,15,3:00pm-3:59pm,40,40,17,5:00pm-5:59pm,34,34,,,,,,,1,1
2020,55,550380,Wisconsin,2,2,0,0,0,2,2,101,RACINE (101),0,NOT APPLICABLE,7,7,12,December,2020,2,Monday,15,3:00pm-3:59pm,38,38,0,This section IS NOT on the NHS,1,Rural,7,Local,3,Town or Township Highway Agency,5,Local Street - Township,TERRITORIAL DR,,99998,Not Reported,42.83575278,42.83575278,-88.250111110,-88.250111110,0,No Special Jurisdiction,12,Motor Vehicle In-Transport,1,Front-to-Rear,0,No,1,Non-Junction,1,Not an Intersection,0,None,,,1,On Roadway,1,Daylight,,,,,10,Cloudy,0,No,0000000,Not Applicable,15,3:00pm-3:59pm,38,38,15,3:00pm-3:59pm,48,48,88,"Not Applicable (Not Transported) ",88,Not Applicable (Not Transported),,,,,,,1,0
2020,55,550381,Wisconsin,2,2,0,0,0,8,8,79,MILWAUKEE (79),3100,MILWAUKEE,25,25,12,December,2020,6,Friday,13,1:00pm-1:59pm,30,30,0,This section IS NOT on the NHS,2,Urban,4,Minor Arterial,1,State Highway Agency,3,State Highway,SR-38,,99998,Not Reported,43.00858611,43.00858611,-87.918658330,-87.918658330,0,No Special Jurisdiction,12,Motor Vehicle In-Transport,1,Front-to-Rear,0,No,1,Non-Junction,1,Not an Intersection,0,None,,,1,On Roadway,1,Daylight,,,,,10,Cloudy,0,No,0000000,Not Applicable,99,Unknown,99,Unknown,99,Unknown EMS Scene Arrival Hour,99,Unknown EMS Scene Arrival Minutes,99,Unknown,99,Unknown EMS Hospital Arrival Time,,,,,,,1,0
2020,55,550382,Wisconsin,1,1,0,0,0,1,1,7,BAYFIELD (7),0,NOT APPLICABLE,25,25,9,September,2020,6,Friday,21,9:00pm-9:59pm,23,23,0,This section IS NOT on the NHS,1,Rural,5,Major Collector,2,County Highway Agency,4,County Road,CR-M,,99998,Not Reported,46.20061111,46.20061111,-91.141030560,-91.141030560,0,No Special Jurisdiction,35,Embankment,0,The First Harmful Event was Not a Collision with a Motor Vehicle in Transport,0,No,1,Non-Junction,1,Not an Intersection,0,None,,,4,On Roadside,2,Dark - Not Lighted,,,,,1,Clear,0,No,0000000,Not Applicable,21,9:00pm-9:59pm,31,31,21,9:00pm-9:59pm,41,41,99,Unknown,99,Unknown EMS Hospital Arrival Time,,,,,,,1,0
2020,55,550383,Wisconsin,1,1,0,0,0,1,1,57,JUNEAU (57),0,NOT APPLICABLE,5,5,9,September,2020,7,Saturday,21,9:00pm-9:59pm,23,23,0,This section IS NOT on the NHS,1,Rural,5,Major Collector,2,County Highway Agency,4,County Road,CR-HH,,99998,Not Reported,43.84211667,43.84211667,-89.952030560,-89.952030560,0,No Special Jurisdiction,34,Ditch,0,The First Harmful Event was Not a Collision with a Motor Vehicle in Transport,0,No,1,Non-Junction,1,Not an Intersection,0,None,,,4,On Roadside,2,Dark - Not Lighted,,,,,1,Clear,0,No,0000000,Not Applicable,21,9:00pm-9:59pm,23,23,21,9:00pm-9:59pm,37,37,88,"Not Applicable (Not Transported) ",88,Not Applicable (Not Transported),,,,,,,1,1
2020,55,550384,Wisconsin,1,1,0,0,0,1,1,37,FLORENCE (37),0,NOT APPLICABLE,7,7,9,September,2020,2,Monday,19,7:00pm-7:59pm,20,20,1,This section IS ON the NHS,1,Rural,3,Principal Arterial - Other,1,State Highway Agency,2,U.S. Highway,US-2,,4,4,45.91075833,45.91075833,-88.227786110,-88.227786110,0,No Special Jurisdiction,1,Rollover/Overturn,0,The First Harmful Event was Not a Collision with a Motor Vehicle in Transport,0,No,1,Non-Junction,1,Not an Intersection,0,None,,,6,Off Roadway-Location Unknown,1,Daylight,,,,,1,Clear,0,No,0000000,Not Applicable,19,7:00pm-7:59pm,21,21,19,7:00pm-7:59pm,33,33,20,8:00pm-8:59pm,6,6,,,,,,,1,1
2020,55,550385,Wisconsin,3,3,0,0,0,4,4,115,SHAWANO (115),0,NOT APPLICABLE,5,5,9,September,2020,7,Saturday,12,12:00pm-12:59pm,52,52,1,This section IS ON the NHS,1,Rural,3,Principal Arterial - Other,1,State Highway Agency,5,Local Street - Township,LANDSTAD RD,SR-47,99998,Not Reported,44.66046667,44.66046667,-88.444147220,-88.444147220,0,No Special Jurisdiction,12,Motor Vehicle In-Transport,1,Front-to-Rear,0,No,2,Intersection,2,Four-Way Intersection,0,None,,,1,On Roadway,1,Daylight,,,,,1,Clear,0,No,0000000,Not Applicable,99,Unknown,99,Unknown,99,Unknown EMS Scene Arrival Hour,99,Unknown EMS Scene Arrival Minutes,99,Unknown,99,Unknown EMS Hospital Arrival Time,,,,,,,1,0
2020,55,550386,Wisconsin,1,1,0,0,0,1,1,133,WAUKESHA (133),0,NOT APPLICABLE,9,9,9,September,2020,4,Wednesday,14,2:00pm-2:59pm,41,41,1,This section IS ON the NHS,2,Urban,3,Principal Arterial - Other,2,County Highway Agency,4,County Road,CR-V,,4,4,43.18580278,43.18580278,-88.182516670,-88.182516670,0,No Special Jurisdiction,53,Mail Box,0,The First Harmful Event was Not a Collision with a Motor Vehicle in Transport,0,No,1,Non-Junction,1,Not an Intersection,0,None,,,4,On Roadside,1,Daylight,,,,,2,Rain,0,No,0000000,Not Applicable,14,2:00pm-2:59pm,41,41,14,2:00pm-2:59pm,50,50,15,3:00pm-3:59pm,23,23,,,,,,,1,0
2020,55,550387,Wisconsin,2,2,0,0,0,2,2,105,ROCK (105),0,NOT APPLICABLE,9,9,9,September,2020,4,Wednesday,3,3:00am-3:59am,47,47,1,This section IS ON the NHS,1,Rural,1,Interstate,1,State Highway Agency,1,Interstate,I-39,,99998,Not Reported,42.81139444,42.81139444,-89.018055560,-89.018055560,0,No Special Jurisdiction,1,Rollover/Overturn,0,The First Harmful Event was Not a Collision with a Motor Vehicle in Transport,0,No,1,Non-Junction,1,Not an Intersection,4,"Work Zone, Type Unknown",,,1,On Roadway,2,Dark - Not Lighted,,,,,2,Rain,0,No,0000000,Not Applicable,4,4:00am-4:59am,0,0,4,4:00am-4:59am,9,9,4,4:00am-4:59am,45,45,,,,,,,1,0
2020,55,550388,Wisconsin,1,1,0,0,0,1,1,39,FOND DU LAC (39),0,NOT APPLICABLE,7,7,9,September,2020,2,Monday,18,6:00pm-6:59pm,2,2,0,This section IS NOT on the NHS,1,Rural,6,Minor Collector,2,County Highway Agency,4,County Road,CR-W,,99998,Not Reported,43.57942778,43.57942778,-88.316613890,-88.316613890,0,No Special Jurisdiction,1,Rollover/Overturn,0,The First Harmful Event was Not a Collision with a Motor Vehicle in Transport,0,No,1,Non-Junction,1,Not an Intersection,0,None,,,5,Outside Trafficway,1,Daylight,,,,,1,Clear,0,No,0000000,Not Applicable,18,6:00pm-6:59pm,13,13,18,6:00pm-6:59pm,22,22,19,7:00pm-7:59pm,5,5,,,,,,,1,0
2020,55,550389,Wisconsin,2,2,0,0,0,7,7,79,MILWAUKEE (79),3100,MILWAUKEE,4,4,9,September,2020,6,Friday,16,4:00pm-4:59pm,30,30,1,This section IS ON the NHS,2,Urban,1,Interstate,1,State Highway Agency,1,Interstate,I-94,,99998,Not Reported,43.03362222,43.03362222,-87.968608330,-87.968608330,0,No Special Jurisdiction,12,Motor Vehicle In-Transport,7,Sideswipe - Same Direction,0,No,1,Non-Junction,1,Not an Intersection,0,None,,,1,On Roadway,1,Daylight,,,,,1,Clear,0,No,0000000,Not Applicable,16,4:00pm-4:59pm,35,35,16,4:00pm-4:59pm,43,43,17,5:00pm-5:59pm,10,10,,,,,,,1,0
2020,55,550390,Wisconsin,1,1,0,0,0,1,1,57,JUNEAU (57),0,NOT APPLICABLE,13,13,9,September,2020,1,Sunday,17,5:00pm-5:59pm,43,43,0,This section IS NOT on the NHS,1,Rural,7,Local,3,Town or Township Highway Agency,5,Local Street - Township,56TH ST,,99998,Not Reported,43.75659167,43.75659167,-89.877225000,-89.877225000,0,No Special Jurisdiction,1,Rollover/Overturn,0,The First Harmful Event was Not a Collision with a Motor Vehicle in Transport,0,No,1,Non-Junction,1,Not an Intersection,0,None,,,2,On Shoulder,1,Daylight,,,,,1,Clear,0,No,0000000,Not Applicable,17,5:00pm-5:59pm,48,48,17,5:00pm-5:59pm,59,59,88,"Not Applicable (Not Transported) ",88,Not Applicable (Not Transported),,,,,,,1,1
2020,55,550391,Wisconsin,2,2,0,0,0,2,2,111,SAUK (111),2515,LAKE DELTON,13,13,9,September,2020,1,Sunday,14,2:00pm-2:59pm,22,22,0,This section IS NOT on the NHS,2,Urban,3,Principal Arterial - Other,1,State Highway Agency,2,U.S. Highway,US-12,,99998,Not Reported,43.61258056,43.61258056,-89.789919440,-89.789919440,0,No Special Jurisdiction,12,Motor Vehicle In-Transport,1,Front-to-Rear,0,No,1,Non-Junction,1,Not an Intersection,0,None,,,1,On Roadway,1,Daylight,,,,,1,Clear,0,No,0000000,Not Applicable,14,2:00pm-2:59pm,22,22,14,2:00pm-2:59pm,28,28,99,Unknown,99,Unknown EMS Hospital Arrival Time,,,,,,,1,0