caseyear,state,st_case,statename,ve_total,ve_forms,pvh_invl,peds,pernotmvit,permvit,persons,county,countyname,city,cityname,day,dayname,month,monthname,year,day_week,day_weekname,hour,hourname,minute,minutename,nhs,nhsname,rur_urb,rur_urbname,func_sys,func_sysname,rd_owner,rd_ownername,route,routename,tway_id,tway_id2,milept,mileptname,latitude,latitudename,longitud,longitudname,sp_jur,sp_jurname,harm_ev,harm_evname,man_coll,man_collname,reljct1,reljct1name,reljct2,reljct2name,typ_int,typ_intname,wrk_zone,wrk_zonename,road_fnc,road_fncname,rel_road,rel_roadname,lgt_cond,lgt_condname,weather1,weather1name,weather2,weather2name,weather,weathername,sch_bus,sch_busname,rail,railname,not_hour,not_hourname,not_min,not_minname,arr_hour,arr_hourname,arr_min,arr_minname,hosp_hr,hosp_hrname,hosp_mn,hosp_mnname,cf1,cf1name,cf2,cf2name,cf3,cf3name,fatals,drunk_dr
2020,55,550505,Wisconsin,1,1,0,0,0,1,1,111,SAUK (111),0,NOT APPLICABLE,22,22,12,December,2020,3,Tuesday,20,8:00pm-8:59pm,59,59,0,This section IS NOT on the NHS,1,Rural,5,Major Collector,2,County Highway Agency,4,County Road,CR-B,,99998,Not Reported,43.27891944,43.27891944,-90.062866670,-90.062866670,0,No Special Jurisdiction,42,Tree (Standing Only),0,The First Harmful Event was Not a Collision with a Motor Vehicle in Transport,0,No,1,Non-Junction,1,Not an Intersection,0,None,,,4,On Roadside,2,Dark - Not Lighted,,,,,10,Cloudy,0,No,0000000,Not Applicable,21,9:00pm-9:59pm,0,0,21,9:00pm-9:59pm,5,5,88,"Not Applicable (Not Transported) ",88,Not Applicable (Not Transported),,,,,,,1,1
2020,55,550506,Wisconsin,2,2,0,0,0,2,2,133,WAUKESHA (133),3740,PEWAUKEE,24,24,12,December,2020,5,Thursday,5,5:00am-5:59am,31,31,1,This section IS ON the NHS,2,Urban,1,Interstate,1,State Highway Agency,1,Interstate,I-94,,99998,Not Reported,43.05005556,43.05005556,-88.294333330,-88.294333330,0,No Special Jurisdiction,25,Concrete Traffic Barrier,0,The First Harmful Event was Not a Collision with a Motor Vehicle in Transport,0,No,1,Non-Junction,1,Not an Intersection,0,None,,,4,On Roadside,2,Dark - Not Lighted,,,,,1,Clear,0,No,0000000,Not Applicable,5,5:00am-5:59am,31,31,5,5:00am-5:59am,39,39,6,6:00am-6:59am,0,0,,,,,,,1,0
2020,55,550507,Wisconsin,2,2,0,0,0,2,2,121,TREMPEALEAU (121),0,NOT APPLICABLE,26,26,12,December,2020,7,Saturday,12,12:00pm-12:59pm,9,9,1,This section IS ON the NHS,1,Rural,3,Principal Arterial - Other,1,State Highway Agency,3,State Highway,SR-93,,99998,Not Reported,44.29003611,44.29003611,-91.464661110,-91.464661110,0,No Special Jurisdiction,12,Motor Vehicle In-Transport,2,Front-to-Front,0,No,1,Non-Junction,1,Not an Intersection,0,None,,,1,On Roadway,1,Daylight,,,,,10,Cloudy,0,No,0000000,Not Applicable,12,12:00pm-12:59pm,15,15,12,12:00pm-12:59pm,25,25,99,Unknown,99,Unknown EMS Hospital Arrival Time,,,,,,,1,0
2020,55,550508,Wisconsin,1,1,0,0,0,1,1,79,MILWAUKEE (79),3100,MILWAUKEE,8,8,11,November,2020,1,Sunday,2,2:00am-2:59am,46,46,1,This section IS ON the NHS,2,Urban,1,Interstate,1,State Highway Agency,1,Interstate,I-794,,99998,Not Reported,43.01955556,43.01955556,-87.897477780,-87.897477780,0,No Special Jurisdiction,25,Concrete Traffic Barrier,0,The First Harmful Event was Not a Collision with a Motor Vehicle in Transport,0,No,1,Non-Junction,1,Not an Intersection,0,None,,,4,On Roadside,3,Dark - Lighted,,,,,1,Clear,0,No,0000000,Not Applicable,2,2:00am-2:59am,59,59,3,3:00am-3:59am,23,23,88,"Not Applicable (Not Transported) ",88,Not Applicable (Not Transported),,,,,,,1,1
2020,55,550509,Wisconsin,2,2,0,0,0,2,2,71,MANITOWOC (71),0,NOT APPLICABLE,30,30,12,December,2020,4,Wednesday,18,6:00pm-6:59pm,28,28,0,This section IS NOT on the NHS,1,Rural,7,Local,3,Town or Township Highway Agency,5,Local Street - Township,POLIFKA RD,,99998,Not Reported,44.21131944,44.21131944,-87.748586110,-87.748586110,0,No Special Jurisdiction,12,Motor Vehicle In-Transport,1,Front-to-Rear,0,No,1,Non-Junction,1,Not an Intersection,0,None,,,1,On Roadway,2,Dark - Not Lighted,,,,,4,Snow,0,No,0000000,Not Applicable,18,6:00pm-6:59pm,32,32,18,6:00pm-6:59pm,46,46,88,"Not Applicable (Not Transported) ",88,Not Applicable (Not Transported),,,,,,,1,1
2020,55,550510,Wisconsin,1,1,0,0,0,1,1,79,MILWAUKEE (79),3100,MILWAUKEE,22,22,12,December,2020,3,Tuesday,3,3:00am-3:59am,30,30,0,This section IS NOT on the NHS,2,Urban,4,Minor Arterial,4,City or Municipal Highway Agency,6,Local Street - Municipality,W CENTER ST,,99998,Not Reported,43.06790833,43.06790833,-87.968100000,-87.968100000,0,No Special Jurisdiction,30,Utility Pole/Light Support,0,The First Harmful Event was Not a Collision with a Motor Vehicle in Transport,0,No,1,Non-Junction,1,Not an Intersection,0,None,,,4,On Roadside,3,Dark - Lighted,,,,,1,Clear,0,No,0000000,Not Applicable,3,3:00am-3:59am,30,30,3,3:00am-3:59am,36,36,4,4:00am-4:59am,3,3,,,,,,,1,1
2020,55,550511,Wisconsin,3,3,0,0,0,3,3,25,DANE (25),0,NOT APPLICABLE,30,30,12,December,2020,4,Wednesday,17,5:00pm-5:59pm,51,51,1,This section IS ON the NHS,1,Rural,3,Principal Arterial - Other,1,State Highway Agency,3,State Highway,SR-69,,99998,Not Reported,42.86058333,42.86058333,-89.570555560,-89.570555560,0,No Special Jurisdiction,12,Motor Vehicle In-Transport,6,Angle,0,No,1,Non-Junction,1,Not an Intersection,0,None,,,1,On Roadway,2,Dark - Not Lighted,,,,,1,Clear,0,No,0000000,Not Applicable,99,Unknown,99,Unknown,99,Unknown EMS Scene Arrival Hour,99,Unknown EMS Scene Arrival Minutes,88,"Not Applicable (Not Transported) ",88,Not Applicable (Not Transported),,,,,,,2,1
2020,55,550512,Wisconsin,1,1,0,0,0,2,2,53,JACKSON (53),0,NOT APPLICABLE,29,29,12,December,2020,3,Tuesday,10,10:00am-10:59am,15,15,1,This section IS ON the NHS,1,Rural,1,Interstate,1,State Highway Agency,1,Interstate,I-94,,99998,Not Reported,44.45781389,44.45781389,-91.091983330,-91.091983330,0,No Special Jurisdiction,1,Rollover/Overturn,0,The First Harmful Event was Not a Collision with a Motor Vehicle in Transport,0,No,1,Non-Junction,1,Not an Intersection,0,None,,,3,On Median,1,Daylight,,,,,10,Cloudy,0,No,0000000,Not Applicable,10,10:00am-10:59am,22,22,10,10:00am-10:59am,35,35,11,11:00am-11:59am,25,25,,,,,,,1,0
2020,55,550513,Wisconsin,2,2,0,0,0,2,2,9,BROWN (9),0,NOT APPLICABLE,25,25,11,November,2020,4,Wednesday,22,10:00pm-10:59pm,15,15,1,This section IS ON the NHS,2,Urban,1,Interstate,1,State Highway Agency,1,Interstate,I-41,,99998,Not Reported,44.39497500,44.39497500,-88.156097220,-88.156097220,0,No Special Jurisdiction,12,Motor Vehicle In-Transport,1,Front-to-Rear,0,No,1,Non-Junction,1,Not an Intersection,0,None,,,1,On Roadway,2,Dark - Not Lighted,,,,,10,Cloudy,0,No,0000000,Not Applicable,22,10:00pm-10:59pm,19,19,22,10:00pm-10:59pm,25,25,88,"Not Applicable (Not Transported) ",88,Not Applicable (Not Transported),,,,,,,1,0
2020,55,550514,Wisconsin,4,4,0,0,0,8,8,135,WAUPACA (135),0,NOT APPLICABLE,31,31,12,December,2020,5,Thursday,19,7:00pm-7:59pm,29,29,1,This section IS ON the NHS,1,Rural,3,Principal Arterial - Other,1,State Highway Agency,2,U.S. Highway,US-45,,99998,Not Reported,44.62388333,44.62388333,-88.787936110,-88.787936110,0,No Special Jurisdiction,12,Motor Vehicle In-Transport,2,Front-to-Front,0,No,1,Non-Junction,1,Not an Intersection,0,None,,,1,On Roadway,2,Dark - Not Lighted,,,,,1,Clear,0,No,0000000,Not Applicable,19,7:00pm-7:59pm,31,31,19,7:00pm-7:59pm,36,36,20,8:00pm-8:59pm,21,21,,,,,,,1,1
2020,55,550515,Wisconsin,1,1,0,1,1,1,1,79,MILWAUKEE (79),3100,MILWAUKEE,27,27,10,October,2020,3,Tuesday,16,4:00pm-4:59pm,50,50,1,This section IS ON the NHS,2,Urban,3,Principal Arterial - Other,1,State Highway Agency,3,State Highway,SR-241,SR-241,99998,Not Reported,42.98474722,42.98474722,-87.948383330,-87.948383330,0,No Special Jurisdiction,8,Pedestrian,0,The First Harmful Event was Not a Collision with a Motor Vehicle in Transport,0,No,3,Intersection-Related,2,Four-Way Intersection,0,None,,,1,On Roadway,1,Daylight,,,,,1,Clear,0,No,0000000,Not Applicable,16,4:00pm-4:59pm,53,53,17,5:00pm-5:59pm,0,0,88,"Not Applicable (Not Transported) ",88,Not Applicable (Not Transported),,,,,,,1,0
2020,55,550516,Wisconsin,1,1,0,0,0,1,1,15,CALUMET (15),0,NOT APPLICABLE,26,26,12,December,2020,7,Saturday,3,3:00am-3:59am,20,20,0,This section IS NOT on the NHS,1,Rural,4,Minor Arterial,1,State Highway Agency,2,U.S. Highway,US-151,,99998,Not Reported,43.98839722,43.98839722,-88.309216670,-88.309216670,0,No Special Jurisdiction,1,Rollover/Overturn,0,The First Harmful Event was Not a Collision with a Motor Vehicle in Transport,0,No,1,Non-Junction,1,Not an Intersection,0,None,,,4,On Roadside,6,Dark - Unknown Lighting,,,,,10,Cloudy,0,No,0000000,Not Applicable,99,Unknown,99,Unknown,99,Unknown EMS Scene Arrival Hour,99,Unknown EMS Scene Arrival Minutes,88,"Not Applicable (Not Transported) ",88,Not Applicable (Not Transported),,,,,,,1,1
2020,55,550517,Wisconsin,2,2,0,0,0,3,3,79,MILWAUKEE (79),3100,MILWAUKEE,28,28,10,October,2020,4,Wednesday,19,7:00pm-7:59pm,50,50,1,This section IS ON the NHS,2,Urban,3,Principal Arterial - Other,1,State Highway Agency,3,State Highway,SR-181 N 76TH ST,W CALUMET RD,99998,Not Reported,43.15606389,43.15606389,-88.004930560,-88.004930560,0,No Special Jurisdiction,12,Motor Vehicle In-Transport,6,Angle,0,No,2,Intersection,2,Four-Way Intersection,0,None,,,1,On Roadway,3,Dark - Lighted,,,,,1,Clear,0,No,0000000,Not Applicable,99,Unknown,99,Unknown,99,Unknown EMS Scene Arrival Hour,99,Unknown EMS Scene Arrival Minutes,99,Unknown,99,Unknown EMS Hospital Arrival Time,,,,,,,1,0
2020,55,550518,Wisconsin,1,1,0,0,0,1,1,79,MILWAUKEE (79),3100,MILWAUKEE,8,8,11,November,2020,1,Sunday,21,9:00pm-9:59pm,54,54,1,This section IS ON the NHS,2,Urban,3,Principal Arterial - Other,2,County Highway Agency,4,County Road,CR-E,,99998,Not Reported,43.11958889,43.11958889,-88.035402780,-88.035402780,0,No Special Jurisdiction,30,Utility Pole/Light Support,0,The First Harmful Event was Not a Collision with a Motor Vehicle in Transport,0,No,1,Non-Junction,1,Not an Intersection,0,None,,,4,On Roadside,3,Dark - Lighted,,,,,1,Clear,0,No,0000000,Not Applicable,21,9:00pm-9:59pm,56,56,22,10:00pm-10:59pm,1,1,88,"Not Applicable (Not Transported) ",88,Not Applicable (Not Transported),,,,,,,1,0
2020,55,550519,Wisconsin,4,4,0,1,1,8,8,79,MILWAUKEE (79),3100,MILWAUKEE,31,31,12,December,2020,5,Thursday,13,1:00pm-1:59pm,52,52,0,This section IS NOT on the NHS,2,Urban,4,Minor Arterial,4,City or Municipal Highway Agency,6,Local Street - Municipality,N 60TH ST,W BURLEIGH ST,99998,Not Reported,43.07534444,43.07534444,-87.987322220,-87.987322220,0,No Special Jurisdiction,12,Motor Vehicle In-Transport,6,Angle,0,No,2,Intersection,7,"Five Point, or More",0,None,,,1,On Roadway,1,Daylight,,,,,10,Cloudy,0,No,0000000,Not Applicable,13,1:00pm-1:59pm,54,54,13,1:00pm-1:59pm,56,56,14,2:00pm-2:59pm,52,52,,,,,,,1,0
2020,55,550520,Wisconsin,1,1,0,0,0,1,1,127,WALWORTH (127),0,NOT APPLICABLE,2,2,8,August,2020,1,Sunday,10,10:00am-10:59am,24,24,0,This section IS NOT on the NHS,1,Rural,7,Local,3,Town or Township Highway Agency,5,Local Street - Township,TERRITORIAL RD,,0,None,42.73996667,42.73996667,-88.773408330,-88.773408330,0,No Special Jurisdiction,42,Tree (Standing Only),0,The First Harmful Event was Not a Collision with a Motor Vehicle in Transport,0,No,1,Non-Junction,1,Not an Intersection,0,None,,,4,On Roadside,1,Daylight,,,,,10,Cloudy,0,No,0000000,Not Applicable,10,10:00am-10:59am,26,26,10,10:00am-10:59am,33,33,88,"Not Applicable (Not Transported) ",88,Not Applicable (Not Transported),,,,,,,1,0
2020,55,550521,Wisconsin,1,1,0,0,0,1,1,11,BUFFALO (11),0,NOT APPLICABLE,2,2,8,August,2020,1,Sunday,13,1:00pm-1:59pm,24,24,0,This section IS NOT on the NHS,1,Rural,5,Major Collector,1,State Highway Agency,3,State Highway,SR-95,,99998,Not Reported,44.25651667,44.25651667,-91.593572220,-91.593572220,0,No Special Jurisdiction,1,Rollover/Overturn,0,The First Harmful Event was Not a Collision with a Motor Vehicle in Transport,0,No,1,Non-Junction,1,Not an Intersection,0,None,,,1,On Roadway,1,Daylight,,,,,1,Clear,0,No,0000000,Not Applicable,99,Unknown,99,Unknown,99,Unknown EMS Scene Arrival Hour,99,Unknown EMS Scene Arrival Minutes,99,Unknown,99,Unknown EMS Hospital Arrival Time,,,,,,,1,0
2020,55,550522,Wisconsin,1,1,0,0,0,3,3,135,WAUPACA (135),0,NOT APPLICABLE,4,4,8,August,2020,3,Tuesday,17,5:00pm-5:59pm,50,50,0,This section IS NOT on the NHS,1,Rural,7,Local,3,Town or Township Highway Agency,5,Local Street - Township,NORTH RAIL RD,,0,None,44.46064167,44.46064167,-89.015055560,-89.015055560,0,No Special Jurisdiction,34,Ditch,0,The First Harmful Event was Not a Collision with a Motor Vehicle in Transport,0,No,1,Non-Junction,1,Not an Intersection,4,"Work Zone, Type Unknown",,,4,On Roadside,1,Daylight,,,,,1,Clear,0,No,0000000,Not Applicable,17,5:00pm-5:59pm,50,50,18,6:00pm-6:59pm,9,9,99,Unknown,99,Unknown EMS Hospital Arrival Time,,,,,,,1,1
2020,55,550523,Wisconsin,2,2,0,0,0,3,3,127,WALWORTH (127),0,NOT APPLICABLE,4,4,8,August,2020,3,Tuesday,14,2:00pm-2:59pm,31,31,0,This section IS NOT on the NHS,1,Rural,5,Major Collector,2,County Highway Agency,4,County Road,CR-H,TERRITORIAL RD,0,None,42.77716944,42.77716944,-88.602777780,-88.602777780,0,No Special Jurisdiction,12,Motor Vehicle In-Transport,2,Front-to-Front,0,No,2,Intersection,2,Four-Way Intersection,0,None,,,1,On Roadway,1,Daylight,,,,,1,Clear,0,No,0000000,Not Applicable,14,2:00pm-2:59pm,31,31,14,2:00pm-2:59pm,40,40,15,3:00pm-3:59pm,16,16,,,,,,,1,0
2020,55,550524,Wisconsin,1,1,0,0,0,2,2,19,CLARK (19),0,NOT APPLICABLE,4,4,8,August,2020,3,Tuesday,18,6:00pm-6:59pm,25,25,0,This section IS NOT on the NHS,1,Rural,7,Local,3,Town or Township Highway Agency,5,Local Street - Township,FREMONT RD,,0,None,44.59648333,44.59648333,-90.446555560,-90.446555560,0,No Special Jurisdiction,1,Rollover/Overturn,0,The First Harmful Event was Not a Collision with a Motor Vehicle in Transport,0,No,1,Non-Junction,1,Not an Intersection,0,None,,,4,On Roadside,1,Daylight,,,,,1,Clear,0,No,0000000,Not Applicable,18,6:00pm-6:59pm,26,26,18,6:00pm-6:59pm,44,44,99,Unknown,99,Unknown EMS Hospital Arrival Time,,,,,,,1,1
2020,55,550525,Wisconsin,1,1,0,0,0,1,1,35,EAU CLAIRE (35),1470,EAU CLAIRE,8,8,8,August,2020,7,Saturday,0,0:00am-0:59am,44,44,0,This section IS NOT on the NHS,2,Urban,7,Local,4,City or Municipal Highway Agency,6,Local Street - Municipality,GERMANIA ST,,0,None,44.82178056,44.82178056,-91.496755560,-91.496755560,0,No Special Jurisdiction,24,Guardrail Face,0,The First Harmful Event was Not a Collision with a Motor Vehicle in Transport,0,No,1,Non-Junction,1,Not an Intersection,0,None,,,4,On Roadside,3,Dark - Lighted,,,,,1,Clear,0,No,0000000,Not Applicable,0,0:00am-0:59am,53,53,99,Unknown EMS Scene Arrival Hour,99,Unknown EMS Scene Arrival Minutes,99,Unknown,99,Unknown EMS Hospital Arrival Time,,,,,,,1,1
2020,55,550526,Wisconsin,1,1,0,0,0,1,1,141,WOOD (141),0,NOT APPLICABLE,16,16,8,August,2020,1,Sunday,99,Unknown Hours,99,Unknown Minutes,0,This section IS NOT on the NHS,1,Rural,4,Minor Arterial,1,State Highway Agency,3,State Highway,SR-73,,99998,Not Reported,44.30068611,44.30068611,-89.802252780,-89.802252780,0,No Special Jurisdiction,34,Ditch,0,The First Harmful Event was Not a Collision with a Motor Vehicle in Transport,0,No,1,Non-Junction,1,Not an Intersection,0,None,,,4,On Roadside,9,Reported as Unknown,,,,,99,Reported as Unknown,0,No,0000000,Not Applicable,8,8:00am-8:59am,51,51,8,8:00am-8:59am,59,59,88,"Not Applicable (Not Transported) ",88,Not Applicable (Not Transported),,,,,,,1,1
2020,55,550527,Wisconsin,2,2,0,0,0,2,2,81,MONROE (81),0,NOT APPLICABLE,15,15,8,August,2020,7,Saturday,21,9:00pm-9:59pm,28,28,0,This section IS NOT on the NHS,1,Rural,4,Minor Arterial,1,State Highway Agency,3,State Highway,SR-16,,99998,Not Reported,43.93147778,43.93147778,-90.881991670,-90.881991670,0,No Special Jurisdiction,12,Motor Vehicle In-Transport,2,Front-to-Front,0,No,1,Non-Junction,1,Not an Intersection,0,None,,,1,On Roadway,2,Dark - Not Lighted,,,,,1,Clear,0,No,0000000,Not Applicable,21,9:00pm-9:59pm,30,30,21,9:00pm-9:59pm,34,34,21,9:00pm-9:59pm,59,59,,,,,,,1,1
2020,55,550528,Wisconsin,2,2,0,0,0,2,2,25,DANE (25),0,NOT APPLICABLE,6,6,8,August,2020,5,Thursday,21,9:00pm-9:59pm,20,20,1,This section IS ON the NHS,1,Rural,3,Principal Arterial - Other,1,State Highway Agency,2,U.S. Highway,US-12,CR-K,99998,Not Reported,43.14043056,43.14043056,-89.519766670,-89.519766670,0,No Special Jurisdiction,12,Motor Vehicle In-Transport,1,Front-to-Rear,0,No,2,Intersection,2,Four-Way Intersection,0,None,,,1,On Roadway,3,Dark - Lighted,,,,,1,Clear,0,No,0000000,Not Applicable,21,9:00pm-9:59pm,20,20,21,9:00pm-9:59pm,20,20,99,Unknown,99,Unknown EMS Hospital Arrival Time,,,,,,,1,1
2020,55,550529,Wisconsin,1,1,0,0,0,2,2,105,ROCK (105),0,NOT APPLICABLE,15,15,8,August,2020,7,Saturday,20,8:00pm-8:59pm,11,11,1,This section IS ON the NHS,2,Urban,3,Principal Arterial - Other,2,County Highway Agency,4,County Road,CR-WC,,0,None,42.67896667,42.67896667,-89.080241670,-89.080241670,0,No Special Jurisdiction,59,"Traffic Sign Support ",0,The First Harmful Event was Not a Collision with a Motor Vehicle in Transport,0,No,1,Non-Junction,1,Not an Intersection,0,None,,,3,On Median,2,Dark - Not Lighted,,,,,1,Clear,0,No,0000000,Not Applicable,20,8:00pm-8:59pm,11,11,20,8:00pm-8:59pm,16,16,20,8:00pm-8:59pm,37,37,,,,,,,1,1
2020,55,550531,Wisconsin,1,1,0,0,0,2,2,93,PIERCE (93),0,NOT APPLICABLE,15,15,8,August,2020,7,Saturday,16,4:00pm-4:59pm,45,45,0,This section IS NOT on the NHS,1,Rural,4,Minor Arterial,1,State Highway Agency,3,State Highway,SR-35,,99998,Not Reported,44.72880833,44.72880833,-92.703011110,-92.703011110,0,No Special Jurisdiction,1,Rollover/Overturn,0,The First Harmful Event was Not a Collision with a Motor Vehicle in Transport,0,No,1,Non-Junction,1,Not an Intersection,0,None,,,4,On Roadside,1,Daylight,,,,,10,Cloudy,0,No,0000000,Not Applicable,16,4:00pm-4:59pm,47,47,17,5:00pm-5:59pm,1,1,99,Unknown,99,Unknown EMS Hospital Arrival Time,,,,,,,2,0
2020,55,550532,Wisconsin,2,2,0,0,0,4,4,79,MILWAUKEE (79),3100,MILWAUKEE,7,7,8,August,2020,6,Friday,23,11:00pm-11:59pm,30,30,0,This section IS NOT on the NHS,2,Urban,4,Minor Arterial,4,City or Municipal Highway Agency,6,Local Street - Municipality,N DR M L KING JR DR,W WALNUT ST,0,None,43.05255278,43.05255278,-87.914283330,-87.914283330,0,No Special Jurisdiction,12,Motor Vehicle In-Transport,6,Angle,0,No,2,Intersection,2,Four-Way Intersection,0,None,,,1,On Roadway,3,Dark - Lighted,,,,,1,Clear,0,No,0000000,Not Applicable,23,11:00pm-11:59pm,35,35,23,11:00pm-11:59pm,40,40,23,11:00pm-11:59pm,58,58,,,,,,,1,0
2020,55,550533,Wisconsin,1,1,0,1,1,1,1,79,MILWAUKEE (79),3100,MILWAUKEE,8,8,8,August,2020,7,Saturday,1,1:00am-1:59am,40,40,1,This section IS ON the NHS,2,Urban,3,Principal Arterial - Other,1,State Highway Agency,3,State Highway,SR-57,W KILBOURN AVE,99998,Not Reported,43.04170833,43.04170833,-87.947741670,-87.947741670,0,No Special Jurisdiction,8,Pedestrian,0,The First Harmful Event was Not a Collision with a Motor Vehicle in Transport,0,No,3,Intersection-Related,2,Four-Way Intersection,0,None,,,1,On Roadway,3,Dark - Lighted,,,,,1,Clear,0,No,0000000,Not Applicable,1,1:00am-1:59am,44,44,1,1:00am-1:59am,54,54,2,2:00am-2:59am,47,47,,,,,,,1,0
2020,55,550534,Wisconsin,3,3,0,0,0,4,4,141,WOOD (141),3840,PORT EDWARDS,22,22,8,August,2020,7,Saturday,19,7:00pm-7:59pm,13,13,0,This section IS NOT on the NHS,2,Urban,4,Minor Arterial,2,County Highway Agency,4,County Road,CR-Z,,0,None,44.34055000,44.34055000,-89.844761110,-89.844761110,0,No Special Jurisdiction,12,Motor Vehicle In-Transport,8,Sideswipe - Opposite Direction,0,No,1,Non-Junction,1,Not an Intersection,0,None,,,1,On Roadway,1,Daylight,,,,,1,Clear,0,No,0000000,Not Applicable,19,7:00pm-7:59pm,13,13,19,7:00pm-7:59pm,21,21,19,7:00pm-7:59pm,39,39,,,,,,,2,0
2020,55,550535,Wisconsin,3,3,0,0,0,4,4,87,OUTAGAMIE (87),0,NOT APPLICABLE,22,22,8,August,2020,7,Saturday,10,10:00am-10:59am,12,12,0,This section IS NOT on the NHS,1,Rural,5,Major Collector,2,County Highway Agency,4,County Road,CR-S,CR-PP,0,None,44.38709722,44.38709722,-88.415208330,-88.415208330,0,No Special Jurisdiction,12,Motor Vehicle In-Transport,1,Front-to-Rear,0,No,3,Intersection-Related,2,Four-Way Intersection,0,None,,,1,On Roadway,1,Daylight,,,,,10,Cloudy,0,No,0000000,Not Applicable,99,Unknown,99,Unknown,99,Unknown EMS Scene Arrival Hour,99,Unknown EMS Scene Arrival Minutes,99,Unknown,99,Unknown EMS Hospital Arrival Time,,,,,,,1,0
2020,55,550536,Wisconsin,2,2,0,0,0,2,2,79,MILWAUKEE (79),5220,WEST MILWAUKEE,21,21,8,August,2020,6,Friday,14,2:00pm-2:59pm,21,21,0,This section IS NOT on the NHS,2,Urban,4,Minor Arterial,4,City or Municipal Highway Agency,6,Local Street - Municipality,W BURNHAM ST,,0,None,43.01016667,43.01016667,-87.974702780,-87.974702780,0,No Special Jurisdiction,12,Motor Vehicle In-Transport,2,Front-to-Front,0,No,1,Non-Junction,1,Not an Intersection,0,None,,,1,On Roadway,1,Daylight,,,,,10,Cloudy,0,No,0000000,Not Applicable,14,2:00pm-2:59pm,22,22,14,2:00pm-2:59pm,30,30,88,"Not Applicable (Not Transported) ",88,Not Applicable (Not Transported),,,,,,,1,0
2020,55,550537,Wisconsin,4,4,0,0,0,6,6,63,LA CROSSE (63),0,NOT APPLICABLE,19,19,8,August,2020,4,Wednesday,14,2:00pm-2:59pm,45,45,1,This section IS ON the NHS,1,Rural,3,Principal Arterial - Other,1,State Highway Agency,2,U.S. Highway,US-53,CR-T,99998,Not Reported,44.04963611,44.04963611,-91.290952780,-91.290952780,0,No Special Jurisdiction,12,Motor Vehicle In-Transport,1,Front-to-Rear,0,No,3,Intersection-Related,3,T-Intersection,0,None,,,1,On Roadway,1,Daylight,,,,,1,Clear,0,No,0000000,Not Applicable,14,2:00pm-2:59pm,47,47,99,Unknown EMS Scene Arrival Hour,99,Unknown EMS Scene Arrival Minutes,99,Unknown,99,Unknown EMS Hospital Arrival Time,,,,,,,1,0
2020,55,550538,Wisconsin,2,2,0,0,0,3,3,137,WAUSHARA (137),0,NOT APPLICABLE,29,29,8,August,2020,7,Saturday,14,2:00pm-2:59pm,48,48,1,This section IS ON the NHS,1,Rural,3,Principal Arterial - Other,1,State Highway Agency,3,State Highway,SR-21,,2,2,44.02756944,44.02756944,-89.539944440,-89.539944440,0,No Special Jurisdiction,12,Motor Vehicle In-Transport,2,Front-to-Front,0,No,1,Non-Junction,1,Not an Intersection,0,None,,,1,On Roadway,1,Daylight,,,,,1,Clear,0,No,0000000,Not Applicable,14,2:00pm-2:59pm,57,57,15,3:00pm-3:59pm,2,2,99,Unknown,99,Unknown EMS Hospital Arrival Time,,,,,,,1,0
2020,55,550539,Wisconsin,1,1,0,0,0,1,1,55,JEFFERSON (55),0,NOT APPLICABLE,20,20,8,August,2020,5,Thursday,13,1:00pm-1:59pm,7,7,0,This section IS NOT on the NHS,1,Rural,5,Major Collector,2,County Highway Agency,4,County Road,CR-D,,0,None,43.02553333,43.02553333,-88.689475000,-88.689475000,0,No Special Jurisdiction,1,Rollover/Overturn,0,The First Harmful Event was Not a Collision with a Motor Vehicle in Transport,0,No,1,Non-Junction,1,Not an Intersection,0,None,,,5,Outside Trafficway,1,Daylight,,,,,1,Clear,0,No,0000000,Not Applicable,13,1:00pm-1:59pm,13,13,13,1:00pm-1:59pm,19,19,99,Unknown,96,Terminated Transport,,,,,,,1,0
2020,55,550540,Wisconsin,1,1,0,0,0,2,2,71,MANITOWOC (71),1026,CLEVELAND,30,30,8,August,2020,1,Sunday,0,0:00am-0:59am,22,22,0,This section IS NOT on the NHS,1,Rural,6,Minor Collector,2,County Highway Agency,8,Other,LAKESHORE DR,LAKESHORE DR,0,None,43.91428611,43.91428611,-87.725422220,-87.725422220,0,No Special Jurisdiction,1,Rollover/Overturn,0,The First Harmful Event was Not a Collision with a Motor Vehicle in Transport,0,No,3,Intersection-Related,4,Y-Intersection,0,None,,,1,On Roadway,3,Dark - Lighted,,,,,1,Clear,0,No,0000000,Not Applicable,0,0:00am-0:59am,26,26,0,0:00am-0:59am,38,38,99,Unknown,99,Unknown EMS Hospital Arrival Time,,,,,,,1,1
2020,55,550541,Wisconsin,1,1,0,0,0,1,1,49,IOWA (49),0,NOT APPLICABLE,29,29,8,August,2020,7,Saturday,16,4:00pm-4:59pm,26,26,0,This section IS NOT on the NHS,1,Rural,4,Minor Arterial,1,State Highway Agency,3,State Highway,SR-32,,99998,Not Reported,42.82417500,42.82417500,-90.138252780,-90.138252780,0,No Special Jurisdiction,1,Rollover/Overturn,0,The First Harmful Event was Not a Collision with a Motor Vehicle in Transport,0,No,1,Non-Junction,1,Not an Intersection,0,None,,,4,On Roadside,1,Daylight,,,,,1,Clear,0,No,0000000,Not Applicable,16,4:00pm-4:59pm,37,37,16,4:00pm-4:59pm,44,44,88,"Not Applicable (Not Transported) ",88,Not Applicable (Not Transported),,,,,,,1,1