caseyear,state,st_case,statename,ve_total,ve_forms,pvh_invl,peds,pernotmvit,permvit,persons,county,countyname,city,cityname,day,dayname,month,monthname,year,day_week,day_weekname,hour,hourname,minute,minutename,nhs,nhsname,rur_urb,rur_urbname,func_sys,func_sysname,rd_owner,rd_ownername,route,routename,tway_id,tway_id2,milept,mileptname,latitude,latitudename,longitud,longitudname,sp_jur,sp_jurname,harm_ev,harm_evname,man_coll,man_collname,reljct1,reljct1name,reljct2,reljct2name,typ_int,typ_intname,wrk_zone,wrk_zonename,road_fnc,road_fncname,rel_road,rel_roadname,lgt_cond,lgt_condname,weather1,weather1name,weather2,weather2name,weather,weathername,sch_bus,sch_busname,rail,railname,not_hour,not_hourname,not_min,not_minname,arr_hour,arr_hourname,arr_min,arr_minname,hosp_hr,hosp_hrname,hosp_mn,hosp_mnname,cf1,cf1name,cf2,cf2name,cf3,cf3name,fatals,drunk_dr
2021,55,550112,Wisconsin,1,1,0,0,0,2,2,5,BARRON (5),0,NOT APPLICABLE,12,12,5,May,2021,4,Wednesday,15,3:00pm-3:59pm,9,9,1,This section IS ON the NHS,1,Rural,2,Principal Arterial - Other Freeways and Expressways,1,State Highway Agency,2,U.S. Highway,US-53,,99998,Not Reported,45.24450278,45.24450278,-91.598138890,-91.598138890,0,No Special Jurisdiction,34,Ditch,0,The First Harmful Event was Not a Collision with a Motor Vehicle in Transport,0,No,1,Non-Junction,1,Not an Intersection,0,None,,,3,On Median,1,Daylight,,,,,1,Clear,0,No,0000000,Not Applicable,15,3:00pm-3:59pm,11,11,15,3:00pm-3:59pm,23,23,99,Unknown,99,Unknown EMS Hospital Arrival Time,,,,,,,1,
2021,55,550113,Wisconsin,1,1,0,0,0,1,1,78,MENOMINEE (78),0,NOT APPLICABLE,3,3,5,May,2021,2,Monday,5,5:00am-5:59am,47,47,0,This section IS NOT on the NHS,1,Rural,4,Minor Arterial,50,Indian Tribe Nation,3,State Highway,SR-55,,99998,Not Reported,44.93944722,44.93944722,-88.643191670,-88.643191670,3,Indian Reservation,42,Tree (Standing Only),0,The First Harmful Event was Not a Collision with a Motor Vehicle in Transport,0,No,1,Non-Junction,1,Not an Intersection,0,None,,,4,On Roadside,4,Dawn,,,,,2,Rain,0,No,0000000,Not Applicable,5,5:00am-5:59am,48,48,6,6:00am-6:59am,8,8,88,"Not Applicable (Not Transported) ",88,Not Applicable (Not Transported),,,,,,,1,
2021,55,550114,Wisconsin,1,1,0,0,0,1,1,107,RUSK (107),0,NOT APPLICABLE,11,11,5,May,2021,3,Tuesday,1,1:00am-1:59am,55,55,0,This section IS NOT on the NHS,1,Rural,4,Minor Arterial,1,State Highway Agency,3,State Highway,SR-73,,99998,Not Reported,45.40435556,45.40435556,-90.823327780,-90.823327780,0,No Special Jurisdiction,34,Ditch,0,The First Harmful Event was Not a Collision with a Motor Vehicle in Transport,0,No,1,Non-Junction,1,Not an Intersection,0,None,,,4,On Roadside,2,Dark - Not Lighted,,,,,1,Clear,0,No,0000000,Not Applicable,1,1:00am-1:59am,57,57,2,2:00am-2:59am,22,22,88,"Not Applicable (Not Transported) ",88,Not Applicable (Not Transported),,,,,,,1,
2021,55,550115,Wisconsin,2,2,0,0,0,3,3,17,CHIPPEWA (17),0,NOT APPLICABLE,10,10,5,May,2021,2,Monday,10,10:00am-10:59am,55,55,1,This section IS ON the NHS,1,Rural,2,Principal Arterial - Other Freeways and Expressways,1,State Highway Agency,3,State Highway,SR-29,,99998,Not Reported,44.91167778,44.91167778,-91.299938890,-91.299938890,0,No Special Jurisdiction,12,Motor Vehicle In-Transport,6,Angle,0,No,1,Non-Junction,1,Not an Intersection,0,None,,,1,On Roadway,1,Daylight,,,,,1,Clear,0,No,0000000,Not Applicable,11,11:00am-11:59am,2,2,11,11:00am-11:59am,11,11,88,"Not Applicable (Not Transported) ",88,Not Applicable (Not Transported),,,,,,,2,
2021,55,550116,Wisconsin,1,1,0,0,0,2,2,135,WAUPACA (135),5080,WAUPACA,1,1,5,May,2021,7,Saturday,22,10:00pm-10:59pm,1,1,1,This section IS ON the NHS,2,Urban,3,Principal Arterial - Other,4,City or Municipal Highway Agency,6,Local Street - Municipality,ROYALTON ST,,0,None,44.35154444,44.35154444,-89.064611110,-89.064611110,0,No Special Jurisdiction,31,"Post, Pole or Other Supports",0,The First Harmful Event was Not a Collision with a Motor Vehicle in Transport,0,No,1,Non-Junction,1,Not an Intersection,0,None,,,4,On Roadside,3,Dark - Lighted,,,,,10,Cloudy,0,No,0000000,Not Applicable,22,10:00pm-10:59pm,4,4,22,10:00pm-10:59pm,16,16,22,10:00pm-10:59pm,35,35,,,,,,,1,
2021,55,550117,Wisconsin,1,1,0,0,0,1,1,25,DANE (25),0,NOT APPLICABLE,1,1,5,May,2021,7,Saturday,99,Unknown Hours,99,Unknown Minutes,0,This section IS NOT on the NHS,1,Rural,5,Major Collector,1,State Highway Agency,3,State Highway,SR-188,,99998,Not Reported,43.28040833,43.28040833,-89.700186110,-89.700186110,0,No Special Jurisdiction,1,Rollover/Overturn,0,The First Harmful Event was Not a Collision with a Motor Vehicle in Transport,0,No,1,Non-Junction,1,Not an Intersection,0,None,,,4,On Roadside,2,Dark - Not Lighted,,,,,1,Clear,0,No,0000000,Not Applicable,88,Not Applicable (Not Notified),88,Not Applicable (Not Notified),88,Not Applicable,88,Not Applicable,88,"Not Applicable (Not Transported) ",88,Not Applicable (Not Transported),,,,,,,1,
2021,55,550118,Wisconsin,1,1,0,0,0,1,1,25,DANE (25),1724,FITCHBURG,17,17,5,May,2021,2,Monday,99,Unknown Hours,99,Unknown Minutes,0,This section IS NOT on the NHS,1,Rural,5,Major Collector,2,County Highway Agency,4,County Road,CR-MM,,0,None,42.99562500,42.99562500,-89.374800000,-89.374800000,0,No Special Jurisdiction,34,Ditch,0,The First Harmful Event was Not a Collision with a Motor Vehicle in Transport,0,No,1,Non-Junction,1,Not an Intersection,0,None,,,4,On Roadside,2,Dark - Not Lighted,,,,,1,Clear,0,No,0000000,Not Applicable,4,4:00am-4:59am,42,42,99,Unknown EMS Scene Arrival Hour,99,Unknown EMS Scene Arrival Minutes,88,"Not Applicable (Not Transported) ",88,Not Applicable (Not Transported),,,,,,,1,
2021,55,550119,Wisconsin,1,1,0,0,0,1,1,75,MARINETTE (75),0,NOT APPLICABLE,11,11,5,May,2021,3,Tuesday,14,2:00pm-2:59pm,50,50,0,This section IS NOT on the NHS,1,Rural,7,Local,3,Town or Township Highway Agency,5,Local Street - Township,OLD 38 RD,,0,None,45.51753889,45.51753889,-88.007502780,-88.007502780,0,No Special Jurisdiction,1,Rollover/Overturn,0,The First Harmful Event was Not a Collision with a Motor Vehicle in Transport,0,No,1,Non-Junction,1,Not an Intersection,0,None,,,4,On Roadside,1,Daylight,,,,,10,Cloudy,0,No,0000000,Not Applicable,14,2:00pm-2:59pm,50,50,15,3:00pm-3:59pm,13,13,15,3:00pm-3:59pm,50,50,,,,,,,1,
2021,55,550120,Wisconsin,1,1,0,0,0,1,1,25,DANE (25),2780,MADISON,14,14,5,May,2021,6,Friday,15,3:00pm-3:59pm,12,12,1,This section IS ON the NHS,2,Urban,1,Interstate,1,State Highway Agency,1,Interstate,I-39,,99998,Not Reported,43.03253056,43.03253056,-89.262966670,-89.262966670,0,No Special Jurisdiction,1,Rollover/Overturn,0,The First Harmful Event was Not a Collision with a Motor Vehicle in Transport,0,No,1,Non-Junction,1,Not an Intersection,4,"Work Zone, Type Unknown",,,4,On Roadside,1,Daylight,,,,,1,Clear,0,No,0000000,Not Applicable,99,Unknown,99,Unknown,99,Unknown EMS Scene Arrival Hour,99,Unknown EMS Scene Arrival Minutes,88,"Not Applicable (Not Transported) ",88,Not Applicable (Not Transported),,,,,,,1,
2021,55,550122,Wisconsin,1,1,0,0,0,1,1,139,WINNEBAGO (139),0,NOT APPLICABLE,2,2,5,May,2021,1,Sunday,13,1:00pm-1:59pm,8,8,1,This section IS ON the NHS,1,Rural,3,Principal Arterial - Other,1,State Highway Agency,3,State Highway,SR-21,,99998,Not Reported,44.03325000,44.03325000,-88.653452780,-88.653452780,0,No Special Jurisdiction,1,Rollover/Overturn,0,The First Harmful Event was Not a Collision with a Motor Vehicle in Transport,0,No,1,Non-Junction,1,Not an Intersection,0,None,,,1,On Roadway,1,Daylight,,,,,1,Clear,0,No,0000000,Not Applicable,99,Unknown,99,Unknown,99,Unknown EMS Scene Arrival Hour,99,Unknown EMS Scene Arrival Minutes,99,Unknown,99,Unknown EMS Hospital Arrival Time,,,,,,,1,
2021,55,550123,Wisconsin,1,1,0,0,0,5,5,33,DUNN (33),1560,ELK MOUND,22,22,2,February,2021,2,Monday,3,3:00am-3:59am,50,50,1,This section IS ON the NHS,2,Urban,1,Interstate,1,State Highway Agency,1,Interstate,I-94,,99998,Not Reported,44.86660833,44.86660833,-91.688805560,-91.688805560,0,No Special Jurisdiction,1,Rollover/Overturn,0,The First Harmful Event was Not a Collision with a Motor Vehicle in Transport,0,No,1,Non-Junction,1,Not an Intersection,0,None,,,4,On Roadside,2,Dark - Not Lighted,,,,,10,Cloudy,0,No,0000000,Not Applicable,3,3:00am-3:59am,54,54,4,4:00am-4:59am,16,16,88,"Not Applicable (Not Transported) ",88,Not Applicable (Not Transported),,,,,,,1,
2021,55,550124,Wisconsin,2,2,0,0,0,2,2,79,MILWAUKEE (79),2010,GREENDALE,30,30,4,April,2021,6,Friday,17,5:00pm-5:59pm,19,19,0,This section IS NOT on the NHS,2,Urban,3,Principal Arterial - Other,1,State Highway Agency,3,State Highway,SR-36 LOOMIS RD,S 68TH ST,99998,Not Reported,42.92450556,42.92450556,-87.999297220,-87.999297220,0,No Special Jurisdiction,12,Motor Vehicle In-Transport,6,Angle,0,No,2,Intersection,2,Four-Way Intersection,0,None,,,1,On Roadway,1,Daylight,,,,,1,Clear,0,No,0000000,Not Applicable,17,5:00pm-5:59pm,19,19,17,5:00pm-5:59pm,27,27,18,6:00pm-6:59pm,5,5,,,,,,,1,
2021,55,550125,Wisconsin,1,1,0,0,0,2,2,107,RUSK (107),0,NOT APPLICABLE,11,11,5,May,2021,3,Tuesday,15,3:00pm-3:59pm,43,43,1,This section IS ON the NHS,1,Rural,3,Principal Arterial - Other,1,State Highway Agency,2,U.S. Highway,US-8,,99998,Not Reported,45.40762778,45.40762778,-91.520633330,-91.520633330,0,No Special Jurisdiction,42,Tree (Standing Only),0,The First Harmful Event was Not a Collision with a Motor Vehicle in Transport,0,No,1,Non-Junction,1,Not an Intersection,0,None,,,4,On Roadside,1,Daylight,,,,,1,Clear,0,No,0000000,Not Applicable,15,3:00pm-3:59pm,45,45,16,4:00pm-4:59pm,10,10,99,Unknown,99,Unknown EMS Hospital Arrival Time,,,,,,,1,
2021,55,550126,Wisconsin,1,1,0,0,0,2,2,19,CLARK (19),0,NOT APPLICABLE,21,21,5,May,2021,6,Friday,0,0:00am-0:59am,49,49,0,This section IS NOT on the NHS,1,Rural,7,Local,3,Town or Township Highway Agency,5,Local Street - Township,BRYAN AVE,,0,None,44.49970556,44.49970556,-90.637205560,-90.637205560,0,No Special Jurisdiction,42,Tree (Standing Only),0,The First Harmful Event was Not a Collision with a Motor Vehicle in Transport,0,No,1,Non-Junction,1,Not an Intersection,0,None,,,4,On Roadside,2,Dark - Not Lighted,,,,,2,Rain,0,No,0000000,Not Applicable,1,1:00am-1:59am,11,11,1,1:00am-1:59am,11,11,1,1:00am-1:59am,23,23,,,,,,,1,
2021,55,550127,Wisconsin,2,2,0,0,0,2,2,87,OUTAGAMIE (87),0,NOT APPLICABLE,21,21,5,May,2021,6,Friday,0,0:00am-0:59am,56,56,1,This section IS ON the NHS,2,Urban,1,Interstate,1,State Highway Agency,1,Interstate,I-41,,99998,Not Reported,44.26644167,44.26644167,-88.466127780,-88.466127780,0,No Special Jurisdiction,12,Motor Vehicle In-Transport,1,Front-to-Rear,0,No,1,Non-Junction,1,Not an Intersection,0,None,,,1,On Roadway,2,Dark - Not Lighted,,,,,1,Clear,0,No,0000000,Not Applicable,1,1:00am-1:59am,0,0,1,1:00am-1:59am,5,5,99,Unknown,99,Unknown EMS Hospital Arrival Time,,,,,,,1,
2021,55,550128,Wisconsin,2,2,0,0,0,2,2,93,PIERCE (93),0,NOT APPLICABLE,21,21,5,May,2021,6,Friday,11,11:00am-11:59am,39,39,0,This section IS NOT on the NHS,1,Rural,4,Minor Arterial,2,County Highway Agency,4,County Road,CR-F,,0,None,44.86206944,44.86206944,-92.731133330,-92.731133330,0,No Special Jurisdiction,12,Motor Vehicle In-Transport,2,Front-to-Front,0,No,1,Non-Junction,1,Not an Intersection,0,None,,,1,On Roadway,1,Daylight,,,,,10,Cloudy,0,No,0000000,Not Applicable,11,11:00am-11:59am,44,44,11,11:00am-11:59am,51,51,12,12:00pm-12:59pm,42,42,,,,,,,1,
2021,55,550129,Wisconsin,2,2,0,0,0,2,2,105,ROCK (105),440,BELOIT,22,22,4,April,2021,5,Thursday,9,9:00am-9:59am,0,0,0,This section IS NOT on the NHS,2,Urban,7,Local,4,City or Municipal Highway Agency,6,Local Street - Municipality,ROYCE AVE,HENRY AVE,0,None,42.52265556,42.52265556,-89.018941670,-89.018941670,0,No Special Jurisdiction,1,Rollover/Overturn,0,The First Harmful Event was Not a Collision with a Motor Vehicle in Transport,0,No,2,Intersection,2,Four-Way Intersection,0,None,,,1,On Roadway,1,Daylight,,,,,1,Clear,0,No,0000000,Not Applicable,9,9:00am-9:59am,0,0,9,9:00am-9:59am,4,4,9,9:00am-9:59am,50,50,,,,,,,1,
2021,55,550130,Wisconsin,3,3,0,0,0,4,4,35,EAU CLAIRE (35),0,NOT APPLICABLE,24,24,5,May,2021,2,Monday,9,9:00am-9:59am,16,16,1,This section IS ON the NHS,1,Rural,1,Interstate,1,State Highway Agency,1,Interstate,I-94,,99998,Not Reported,44.72993889,44.72993889,-91.364336110,-91.364336110,0,No Special Jurisdiction,21,Bridge Pier or Support,0,The First Harmful Event was Not a Collision with a Motor Vehicle in Transport,0,No,1,Non-Junction,1,Not an Intersection,0,None,,,4,On Roadside,1,Daylight,,,,,10,Cloudy,0,No,0000000,Not Applicable,99,Unknown,99,Unknown,99,Unknown EMS Scene Arrival Hour,99,Unknown EMS Scene Arrival Minutes,99,Unknown,99,Unknown EMS Hospital Arrival Time,,,,,,,1,
2021,55,550131,Wisconsin,4,4,0,0,0,6,6,25,DANE (25),2780,MADISON,20,20,5,May,2021,5,Thursday,17,5:00pm-5:59pm,19,19,1,This section IS ON the NHS,2,Urban,1,Interstate,1,State Highway Agency,1,Interstate,I-39,,99998,Not Reported,43.12472500,43.12472500,-89.290291670,-89.290291670,0,No Special Jurisdiction,12,Motor Vehicle In-Transport,1,Front-to-Rear,0,No,1,Non-Junction,1,Not an Intersection,0,None,,,1,On Roadway,1,Daylight,,,,,10,Cloudy,0,No,0000000,Not Applicable,17,5:00pm-5:59pm,22,22,99,Unknown EMS Scene Arrival Hour,99,Unknown EMS Scene Arrival Minutes,99,Unknown,99,Unknown EMS Hospital Arrival Time,,,,,,,1,
2021,55,550132,Wisconsin,1,1,0,0,0,1,1,115,SHAWANO (115),0,NOT APPLICABLE,28,28,5,May,2021,6,Friday,11,11:00am-11:59am,4,4,1,This section IS ON the NHS,1,Rural,3,Principal Arterial - Other,1,State Highway Agency,3,State Highway,SR-29,,99998,Not Reported,44.82689167,44.82689167,-89.199172220,-89.199172220,0,No Special Jurisdiction,34,Ditch,0,The First Harmful Event was Not a Collision with a Motor Vehicle in Transport,0,No,1,Non-Junction,1,Not an Intersection,0,None,,,3,On Median,1,Daylight,,,,,1,Clear,0,No,0000000,Not Applicable,11,11:00am-11:59am,4,4,11,11:00am-11:59am,19,19,88,"Not Applicable (Not Transported) ",88,Not Applicable (Not Transported),,,,,,,1,
2021,55,550133,Wisconsin,3,3,0,0,0,3,3,19,CLARK (19),0,NOT APPLICABLE,22,22,5,May,2021,7,Saturday,22,10:00pm-10:59pm,54,54,0,This section IS NOT on the NHS,1,Rural,6,Minor Collector,2,County Highway Agency,4,County Road,CR-N,,0,None,44.91522500,44.91522500,-90.760805560,-90.760805560,0,No Special Jurisdiction,12,Motor Vehicle In-Transport,1,Front-to-Rear,0,No,1,Non-Junction,1,Not an Intersection,0,None,,,1,On Roadway,2,Dark - Not Lighted,,,,,1,Clear,0,No,0000000,Not Applicable,22,10:00pm-10:59pm,58,58,23,11:00pm-11:59pm,11,11,23,11:00pm-11:59pm,26,26,,,,,,,1,
2021,55,550134,Wisconsin,1,1,0,0,0,2,2,63,LA CROSSE (63),2490,LA CROSSE,9,9,3,March,2021,3,Tuesday,10,10:00am-10:59am,16,16,0,This section IS NOT on the NHS,2,Urban,4,Minor Arterial,1,State Highway Agency,3,State Highway,SR-35 W GEORGE ST,GEORGE ST,99998,Not Reported,43.85851111,43.85851111,-91.240316670,-91.240316670,0,No Special Jurisdiction,5,Fell/Jumped from Vehicle,0,The First Harmful Event was Not a Collision with a Motor Vehicle in Transport,0,No,3,Intersection-Related,2,Four-Way Intersection,0,None,,,1,On Roadway,1,Daylight,,,,,10,Cloudy,0,No,0000000,Not Applicable,99,Unknown,99,Unknown,99,Unknown EMS Scene Arrival Hour,99,Unknown EMS Scene Arrival Minutes,99,Unknown,99,Unknown EMS Hospital Arrival Time,,,,,,,1,
2021,55,550135,Wisconsin,1,1,0,0,0,1,1,65,LAFAYETTE (65),0,NOT APPLICABLE,25,25,4,April,2021,1,Sunday,19,7:00pm-7:59pm,55,55,0,This section IS NOT on the NHS,1,Rural,4,Minor Arterial,2,County Highway Agency,4,County Road,CR-F,,0,None,42.72806111,42.72806111,-90.061794440,-90.061794440,0,No Special Jurisdiction,1,Rollover/Overturn,0,The First Harmful Event was Not a Collision with a Motor Vehicle in Transport,0,No,1,Non-Junction,1,Not an Intersection,0,None,,,4,On Roadside,5,Dusk,,,,,10,Cloudy,0,No,0000000,Not Applicable,19,7:00pm-7:59pm,59,59,20,8:00pm-8:59pm,9,9,88,"Not Applicable (Not Transported) ",88,Not Applicable (Not Transported),,,,,,,1,
2021,55,550136,Wisconsin,2,2,0,0,0,2,2,81,MONROE (81),0,NOT APPLICABLE,25,25,5,May,2021,3,Tuesday,3,3:00am-3:59am,17,17,1,This section IS ON the NHS,1,Rural,1,Interstate,1,State Highway Agency,1,Interstate,I-90,,99998,Not Reported,43.97626111,43.97626111,-90.415886110,-90.415886110,0,No Special Jurisdiction,12,Motor Vehicle In-Transport,2,Front-to-Front,0,No,1,Non-Junction,1,Not an Intersection,0,None,,,1,On Roadway,2,Dark - Not Lighted,,,,,1,Clear,0,No,0000000,Not Applicable,3,3:00am-3:59am,20,20,3,3:00am-3:59am,30,30,99,Unknown,99,Unknown EMS Hospital Arrival Time,,,,,,,2,
2021,55,550137,Wisconsin,2,2,0,0,0,4,4,63,LA CROSSE (63),3560,ONALASKA,31,31,5,May,2021,2,Monday,12,12:00pm-12:59pm,51,51,0,This section IS NOT on the NHS,2,Urban,4,Minor Arterial,2,County Highway Agency,4,County Road,CR-CO,DOMKE ST,0,None,43.86913056,43.86913056,-91.229650000,-91.229650000,0,No Special Jurisdiction,12,Motor Vehicle In-Transport,1,Front-to-Rear,0,No,3,Intersection-Related,3,T-Intersection,0,None,,,1,On Roadway,1,Daylight,,,,,10,Cloudy,0,No,0000000,Not Applicable,12,12:00pm-12:59pm,52,52,12,12:00pm-12:59pm,55,55,13,1:00pm-1:59pm,45,45,,,,,,,1,
2021,55,550138,Wisconsin,2,2,0,0,0,8,8,105,ROCK (105),0,NOT APPLICABLE,31,31,5,May,2021,2,Monday,16,4:00pm-4:59pm,33,33,1,This section IS ON the NHS,1,Rural,3,Principal Arterial - Other,1,State Highway Agency,2,U.S. Highway,US-14,TUTTLE RD N,0,None,42.76527500,42.76527500,-89.220411110,-89.220411110,0,No Special Jurisdiction,12,Motor Vehicle In-Transport,6,Angle,0,No,2,Intersection,2,Four-Way Intersection,0,None,,,1,On Roadway,1,Daylight,,,,,10,Cloudy,0,No,0000000,Not Applicable,16,4:00pm-4:59pm,33,33,16,4:00pm-4:59pm,45,45,17,5:00pm-5:59pm,0,0,,,,,,,2,
2021,55,550139,Wisconsin,2,2,0,0,0,3,3,105,ROCK (105),440,BELOIT,29,29,5,May,2021,7,Saturday,14,2:00pm-2:59pm,41,41,1,This section IS ON the NHS,2,Urban,3,Principal Arterial - Other,1,State Highway Agency,2,U.S. Highway,US-51,,99998,Not Reported,42.50473889,42.50473889,-89.032147220,-89.032147220,0,No Special Jurisdiction,12,Motor Vehicle In-Transport,2,Front-to-Front,0,No,1,Non-Junction,1,Not an Intersection,0,None,,,1,On Roadway,1,Daylight,,,,,1,Clear,0,No,0000000,Not Applicable,14,2:00pm-2:59pm,41,41,14,2:00pm-2:59pm,48,48,15,3:00pm-3:59pm,29,29,,,,,,,1,
2021,55,550140,Wisconsin,2,2,0,0,0,3,3,65,LAFAYETTE (65),0,NOT APPLICABLE,24,24,5,May,2021,2,Monday,16,4:00pm-4:59pm,6,6,1,This section IS ON the NHS,1,Rural,3,Principal Arterial - Other,1,State Highway Agency,2,U.S. Highway,US-151,,99998,Not Reported,42.81382778,42.81382778,-90.257338890,-90.257338890,0,No Special Jurisdiction,12,Motor Vehicle In-Transport,6,Angle,0,No,8,Driveway Access Related,1,Not an Intersection,0,None,,,1,On Roadway,1,Daylight,,,,,10,Cloudy,0,No,0000000,Not Applicable,16,4:00pm-4:59pm,7,7,99,Unknown EMS Scene Arrival Hour,99,Unknown EMS Scene Arrival Minutes,99,Unknown,99,Unknown EMS Hospital Arrival Time,,,,,,,1,
2021,55,550141,Wisconsin,1,1,0,0,0,1,1,111,SAUK (111),0,NOT APPLICABLE,5,5,6,June,2021,7,Saturday,21,9:00pm-9:59pm,24,24,0,This section IS NOT on the NHS,1,Rural,4,Minor Arterial,1,State Highway Agency,3,State Highway,SR-136,,99998,Not Reported,43.48190833,43.48190833,-89.797783330,-89.797783330,0,No Special Jurisdiction,24,Guardrail Face,0,The First Harmful Event was Not a Collision with a Motor Vehicle in Transport,0,No,1,Non-Junction,1,Not an Intersection,0,None,,,4,On Roadside,2,Dark - Not Lighted,,,,,1,Clear,0,No,0000000,Not Applicable,21,9:00pm-9:59pm,27,27,99,Unknown EMS Scene Arrival Hour,98,Unknown if Arrived,88,"Not Applicable (Not Transported) ",88,Not Applicable (Not Transported),,,,,,,1,
2021,55,550142,Wisconsin,1,1,0,0,0,3,3,25,DANE (25),0,NOT APPLICABLE,22,22,5,May,2021,7,Saturday,20,8:00pm-8:59pm,15,15,0,This section IS NOT on the NHS,1,Rural,7,Local,3,Town or Township Highway Agency,5,Local Street - Township,OLD MILITARY RD,,0,None,43.05446667,43.05446667,-89.625800000,-89.625800000,0,No Special Jurisdiction,1,Rollover/Overturn,0,The First Harmful Event was Not a Collision with a Motor Vehicle in Transport,0,No,1,Non-Junction,1,Not an Intersection,0,None,,,1,On Roadway,5,Dusk,,,,,1,Clear,0,No,0000000,Not Applicable,20,8:00pm-8:59pm,20,20,20,8:00pm-8:59pm,34,34,21,9:00pm-9:59pm,7,7,,,,,,,1,
2021,55,550143,Wisconsin,1,1,0,0,0,1,1,25,DANE (25),0,NOT APPLICABLE,16,16,5,May,2021,1,Sunday,12,12:00pm-12:59pm,20,20,0,This section IS NOT on the NHS,2,Urban,3,Principal Arterial - Other,1,State Highway Agency,2,U.S. Highway,US-51,,99998,Not Reported,42.91856667,42.91856667,-89.202391670,-89.202391670,0,No Special Jurisdiction,33,Curb,0,The First Harmful Event was Not a Collision with a Motor Vehicle in Transport,0,No,1,Non-Junction,1,Not an Intersection,0,None,,,4,On Roadside,1,Daylight,,,,,1,Clear,0,No,0000000,Not Applicable,12,12:00pm-12:59pm,22,22,99,Unknown EMS Scene Arrival Hour,99,Unknown EMS Scene Arrival Minutes,99,Unknown,99,Unknown EMS Hospital Arrival Time,,,,,,,1,
2021,55,550144,Wisconsin,1,1,0,0,0,1,1,121,TREMPEALEAU (121),0,NOT APPLICABLE,1,1,6,June,2021,3,Tuesday,20,8:00pm-8:59pm,50,50,0,This section IS NOT on the NHS,1,Rural,6,Minor Collector,2,County Highway Agency,4,County Road,CR-O,,0,None,44.42004722,44.42004722,-91.293786110,-91.293786110,0,No Special Jurisdiction,11,Live Animal,0,The First Harmful Event was Not a Collision with a Motor Vehicle in Transport,0,No,1,Non-Junction,1,Not an Intersection,0,None,,,1,On Roadway,5,Dusk,,,,,1,Clear,0,No,0000000,Not Applicable,20,8:00pm-8:59pm,52,52,99,Unknown EMS Scene Arrival Hour,99,Unknown EMS Scene Arrival Minutes,99,Unknown,99,Unknown EMS Hospital Arrival Time,,,,,,,1,
2021,55,550145,Wisconsin,1,1,0,0,0,1,1,117,SHEBOYGAN (117),0,NOT APPLICABLE,9,9,6,June,2021,4,Wednesday,18,6:00pm-6:59pm,28,28,0,This section IS NOT on the NHS,1,Rural,6,Minor Collector,3,Town or Township Highway Agency,5,Local Street - Township,BLUEBERRY LN,,99998,Not Reported,43.72421111,43.72421111,-87.961616670,-87.961616670,0,No Special Jurisdiction,5,Fell/Jumped from Vehicle,0,The First Harmful Event was Not a Collision with a Motor Vehicle in Transport,0,No,1,Non-Junction,1,Not an Intersection,0,None,,,4,On Roadside,1,Daylight,,,,,1,Clear,0,No,0000000,Not Applicable,18,6:00pm-6:59pm,38,38,18,6:00pm-6:59pm,54,54,88,"Not Applicable (Not Transported) ",88,Not Applicable (Not Transported),,,,,,,1,
2021,55,550146,Wisconsin,1,1,0,1,1,1,1,89,OZAUKEE (89),0,NOT APPLICABLE,17,17,5,May,2021,2,Monday,13,1:00pm-1:59pm,36,36,0,This section IS NOT on the NHS,2,Urban,4,Minor Arterial,2,County Highway Agency,4,County Road,CR-LL,,0,None,43.40169722,43.40169722,-87.900586110,-87.900586110,0,No Special Jurisdiction,9,Pedalcyclist,0,The First Harmful Event was Not a Collision with a Motor Vehicle in Transport,0,No,1,Non-Junction,1,Not an Intersection,0,None,,,2,On Shoulder,1,Daylight,,,,,1,Clear,0,No,0000000,Not Applicable,13,1:00pm-1:59pm,39,39,13,1:00pm-1:59pm,45,45,99,Unknown,99,Unknown EMS Hospital Arrival Time,,,,,,,1,
2021,55,550147,Wisconsin,1,1,0,0,0,1,1,57,JUNEAU (57),0,NOT APPLICABLE,4,4,6,June,2021,6,Friday,9,9:00am-9:59am,0,0,0,This section IS NOT on the NHS,1,Rural,5,Major Collector,2,County Highway Agency,4,County Road,CR-N,,99998,Not Reported,43.70076667,43.70076667,-89.843233330,-89.843233330,0,No Special Jurisdiction,1,Rollover/Overturn,0,The First Harmful Event was Not a Collision with a Motor Vehicle in Transport,0,No,1,Non-Junction,1,Not an Intersection,0,None,,,4,On Roadside,1,Daylight,,,,,1,Clear,0,No,0000000,Not Applicable,9,9:00am-9:59am,0,0,9,9:00am-9:59am,18,18,88,"Not Applicable (Not Transported) ",88,Not Applicable (Not Transported),,,,,,,1,
2021,55,550148,Wisconsin,2,2,0,0,0,2,2,129,WASHBURN (129),0,NOT APPLICABLE,3,3,6,June,2021,5,Thursday,5,5:00am-5:59am,22,22,1,This section IS ON the NHS,1,Rural,3,Principal Arterial - Other,1,State Highway Agency,2,U.S. Highway,US-53,,99998,Not Reported,45.65696111,45.65696111,-91.790400000,-91.790400000,0,No Special Jurisdiction,12,Motor Vehicle In-Transport,6,Angle,0,No,1,Non-Junction,1,Not an Intersection,0,None,,,1,On Roadway,4,Dawn,,,,,1,Clear,0,No,0000000,Not Applicable,5,5:00am-5:59am,23,23,5,5:00am-5:59am,37,37,99,Unknown,99,Unknown EMS Hospital Arrival Time,,,,,,,1,