caseyear,state,st_case,statename,ve_total,ve_forms,pvh_invl,peds,pernotmvit,permvit,persons,county,countyname,city,cityname,day,dayname,month,monthname,year,day_week,day_weekname,hour,hourname,minute,minutename,nhs,nhsname,rur_urb,rur_urbname,func_sys,func_sysname,rd_owner,rd_ownername,route,routename,tway_id,tway_id2,milept,mileptname,latitude,latitudename,longitud,longitudname,sp_jur,sp_jurname,harm_ev,harm_evname,man_coll,man_collname,reljct1,reljct1name,reljct2,reljct2name,typ_int,typ_intname,wrk_zone,wrk_zonename,road_fnc,road_fncname,rel_road,rel_roadname,lgt_cond,lgt_condname,weather1,weather1name,weather2,weather2name,weather,weathername,sch_bus,sch_busname,rail,railname,not_hour,not_hourname,not_min,not_minname,arr_hour,arr_hourname,arr_min,arr_minname,hosp_hr,hosp_hrname,hosp_mn,hosp_mnname,cf1,cf1name,cf2,cf2name,cf3,cf3name,fatals,drunk_dr
2021,55,550190,Wisconsin,2,2,0,0,0,2,2,83,OCONTO (83),0,NOT APPLICABLE,23,23,5,May,2021,1,Sunday,14,2:00pm-2:59pm,34,34,0,This section IS NOT on the NHS,1,Rural,4,Minor Arterial,1,State Highway Agency,3,State Highway,SR-32,SECTION 4 LN,99998,Not Reported,45.19206111,45.19206111,-88.485919440,-88.485919440,0,No Special Jurisdiction,12,Motor Vehicle In-Transport,6,Angle,0,No,2,Intersection,3,T-Intersection,0,None,,,1,On Roadway,1,Daylight,,,,,2,Rain,0,No,0000000,Not Applicable,14,2:00pm-2:59pm,40,40,14,2:00pm-2:59pm,44,44,15,3:00pm-3:59pm,23,23,,,,,,,1,
2021,55,550191,Wisconsin,1,1,0,0,0,1,1,105,ROCK (105),3080,MILTON,20,20,5,May,2021,5,Thursday,12,12:00pm-12:59pm,20,20,0,This section IS NOT on the NHS,2,Urban,5,Major Collector,4,City or Municipal Highway Agency,6,Local Street - Municipality,PARKVIEW DR,,0,None,42.77376944,42.77376944,-88.939300000,-88.939300000,0,No Special Jurisdiction,7,Other Non-Collision,0,The First Harmful Event was Not a Collision with a Motor Vehicle in Transport,0,No,1,Non-Junction,1,Not an Intersection,0,None,,,1,On Roadway,1,Daylight,,,,,1,Clear,0,No,0000000,Not Applicable,12,12:00pm-12:59pm,20,20,12,12:00pm-12:59pm,30,30,99,Unknown,99,Unknown EMS Hospital Arrival Time,,,,,,,1,
2021,55,550192,Wisconsin,3,3,0,0,0,3,3,83,OCONTO (83),0,NOT APPLICABLE,28,28,6,June,2021,2,Monday,11,11:00am-11:59am,48,48,1,This section IS ON the NHS,1,Rural,3,Principal Arterial - Other,1,State Highway Agency,2,U.S. Highway,US-41,CR-A,99998,Not Reported,44.94806667,44.94806667,-87.871188890,-87.871188890,0,No Special Jurisdiction,12,Motor Vehicle In-Transport,6,Angle,0,No,2,Intersection,2,Four-Way Intersection,0,None,,,1,On Roadway,1,Daylight,,,,,10,Cloudy,0,No,0000000,Not Applicable,11,11:00am-11:59am,48,48,11,11:00am-11:59am,55,55,12,12:00pm-12:59pm,13,13,,,,,,,1,
2021,55,550193,Wisconsin,5,4,1,0,0,5,5,79,MILWAUKEE (79),3100,MILWAUKEE,20,20,4,April,2021,3,Tuesday,10,10:00am-10:59am,31,31,1,This section IS ON the NHS,2,Urban,3,Principal Arterial - Other,1,State Highway Agency,3,State Highway,SR-145 FOND DU LAC AVE W,,99998,Not Reported,43.07271667,43.07271667,-87.954127780,-87.954127780,0,No Special Jurisdiction,12,Motor Vehicle In-Transport,7,Sideswipe - Same Direction,0,No,1,Non-Junction,1,Not an Intersection,0,None,,,1,On Roadway,1,Daylight,,,,,10,Cloudy,0,No,0000000,Not Applicable,10,10:00am-10:59am,31,31,10,10:00am-10:59am,46,46,11,11:00am-11:59am,0,0,,,,,,,1,
2021,55,550194,Wisconsin,2,2,0,0,0,5,5,105,ROCK (105),0,NOT APPLICABLE,13,13,6,June,2021,1,Sunday,11,11:00am-11:59am,46,46,0,This section IS NOT on the NHS,1,Rural,4,Minor Arterial,1,State Highway Agency,3,State Highway,SR-59,VINCENT RD,99998,Not Reported,42.82579444,42.82579444,-88.988522220,-88.988522220,0,No Special Jurisdiction,12,Motor Vehicle In-Transport,7,Sideswipe - Same Direction,0,No,2,Intersection,2,Four-Way Intersection,0,None,,,1,On Roadway,1,Daylight,,,,,1,Clear,0,No,0000000,Not Applicable,11,11:00am-11:59am,46,46,11,11:00am-11:59am,50,50,99,Unknown,99,Unknown EMS Hospital Arrival Time,,,,,,,1,
2021,55,550195,Wisconsin,2,2,0,0,0,2,2,19,CLARK (19),1080,COLBY,2,2,7,July,2021,6,Friday,15,3:00pm-3:59pm,42,42,1,This section IS ON the NHS,1,Rural,3,Principal Arterial - Other,1,State Highway Agency,3,State Highway,SR-13,OAK RD,99998,Not Reported,44.92917500,44.92917500,-90.315591670,-90.315591670,0,No Special Jurisdiction,12,Motor Vehicle In-Transport,6,Angle,0,No,2,Intersection,2,Four-Way Intersection,0,None,,,1,On Roadway,1,Daylight,,,,,1,Clear,0,No,0000000,Not Applicable,15,3:00pm-3:59pm,46,46,15,3:00pm-3:59pm,51,51,16,4:00pm-4:59pm,25,25,,,,,,,1,
2021,55,550196,Wisconsin,1,1,0,0,0,1,1,75,MARINETTE (75),0,NOT APPLICABLE,3,3,7,July,2021,7,Saturday,15,3:00pm-3:59pm,35,35,0,This section IS NOT on the NHS,1,Rural,5,Major Collector,2,County Highway Agency,4,County Road,CR-X,,0,None,45.28105833,45.28105833,-87.767375000,-87.767375000,0,No Special Jurisdiction,42,Tree (Standing Only),0,The First Harmful Event was Not a Collision with a Motor Vehicle in Transport,0,No,1,Non-Junction,1,Not an Intersection,0,None,,,4,On Roadside,1,Daylight,,,,,10,Cloudy,0,No,0000000,Not Applicable,99,Unknown,99,Unknown,99,Unknown EMS Scene Arrival Hour,99,Unknown EMS Scene Arrival Minutes,99,Unknown,99,Unknown EMS Hospital Arrival Time,,,,,,,1,
2021,55,550197,Wisconsin,1,1,0,0,0,1,1,45,GREEN (45),0,NOT APPLICABLE,12,12,5,May,2021,4,Wednesday,0,0:00am-0:59am,50,50,0,This section IS NOT on the NHS,1,Rural,7,Local,3,Town or Township Highway Agency,5,Local Street - Township,W MIDDLE JUDA RD,,0,None,42.59088889,42.59088889,-89.594497220,-89.594497220,0,No Special Jurisdiction,42,Tree (Standing Only),0,The First Harmful Event was Not a Collision with a Motor Vehicle in Transport,0,No,1,Non-Junction,1,Not an Intersection,0,None,,,4,On Roadside,2,Dark - Not Lighted,,,,,1,Clear,0,No,0000000,Not Applicable,88,Not Applicable (Not Notified),88,Not Applicable (Not Notified),88,Not Applicable,88,Not Applicable,88,"Not Applicable (Not Transported) ",88,Not Applicable (Not Transported),,,,,,,1,
2021,55,550198,Wisconsin,2,2,0,0,0,5,5,71,MANITOWOC (71),0,NOT APPLICABLE,10,10,7,July,2021,7,Saturday,16,4:00pm-4:59pm,3,3,0,This section IS NOT on the NHS,1,Rural,3,Principal Arterial - Other,1,State Highway Agency,3,State Highway,SR-42,VICEROY RD,99998,Not Reported,44.18268056,44.18268056,-87.559780560,-87.559780560,0,No Special Jurisdiction,12,Motor Vehicle In-Transport,6,Angle,0,No,2,Intersection,2,Four-Way Intersection,0,None,,,1,On Roadway,1,Daylight,,,,,10,Cloudy,0,No,0000000,Not Applicable,16,4:00pm-4:59pm,3,3,16,4:00pm-4:59pm,15,15,16,4:00pm-4:59pm,48,48,,,,,,,2,
2021,55,550199,Wisconsin,1,1,0,0,0,1,1,17,CHIPPEWA (17),0,NOT APPLICABLE,30,30,6,June,2021,4,Wednesday,12,12:00pm-12:59pm,15,15,0,This section IS NOT on the NHS,1,Rural,5,Major Collector,3,Town or Township Highway Agency,5,Local Street - Township,197TH ST,,99998,Not Reported,44.92415278,44.92415278,-91.274813890,-91.274813890,0,No Special Jurisdiction,5,Fell/Jumped from Vehicle,0,The First Harmful Event was Not a Collision with a Motor Vehicle in Transport,0,No,1,Non-Junction,1,Not an Intersection,0,None,,,4,On Roadside,1,Daylight,,,,,1,Clear,0,No,0000000,Not Applicable,12,12:00pm-12:59pm,19,19,12,12:00pm-12:59pm,28,28,88,"Not Applicable (Not Transported) ",88,Not Applicable (Not Transported),,,,,,,1,
2021,55,550200,Wisconsin,1,1,0,0,0,1,1,57,JUNEAU (57),0,NOT APPLICABLE,12,12,7,July,2021,2,Monday,4,4:00am-4:59am,0,0,0,This section IS NOT on the NHS,1,Rural,5,Major Collector,2,County Highway Agency,4,County Road,CR-G,,0,None,43.69400833,43.69400833,-90.209461110,-90.209461110,0,No Special Jurisdiction,1,Rollover/Overturn,0,The First Harmful Event was Not a Collision with a Motor Vehicle in Transport,0,No,1,Non-Junction,1,Not an Intersection,0,None,,,1,On Roadway,6,Dark - Unknown Lighting,,,,,1,Clear,0,No,0000000,Not Applicable,4,4:00am-4:59am,8,8,4,4:00am-4:59am,20,20,88,"Not Applicable (Not Transported) ",88,Not Applicable (Not Transported),,,,,,,1,
2021,55,550201,Wisconsin,2,2,0,0,0,2,2,139,WINNEBAGO (139),0,NOT APPLICABLE,3,3,4,April,2021,7,Saturday,12,12:00pm-12:59pm,53,53,1,This section IS ON the NHS,1,Rural,2,Principal Arterial - Other Freeways and Expressways,1,State Highway Agency,2,U.S. Highway,US-10,,99998,Not Reported,44.23757500,44.23757500,-88.784472220,-88.784472220,0,No Special Jurisdiction,12,Motor Vehicle In-Transport,1,Front-to-Rear,0,No,1,Non-Junction,1,Not an Intersection,0,None,,,1,On Roadway,1,Daylight,,,,,1,Clear,0,No,0000000,Not Applicable,99,Unknown,99,Unknown,99,Unknown EMS Scene Arrival Hour,99,Unknown EMS Scene Arrival Minutes,88,"Not Applicable (Not Transported) ",88,Not Applicable (Not Transported),,,,,,,1,
2021,55,550202,Wisconsin,1,1,0,1,1,1,1,25,DANE (25),2780,MADISON,26,26,6,June,2021,7,Saturday,1,1:00am-1:59am,23,23,1,This section IS ON the NHS,2,Urban,3,Principal Arterial - Other,1,State Highway Agency,2,U.S. Highway,US-151,N PATERSON ST,99998,Not Reported,43.08231111,43.08231111,-89.373483330,-89.373483330,0,No Special Jurisdiction,8,Pedestrian,0,The First Harmful Event was Not a Collision with a Motor Vehicle in Transport,1,Yes,3,Intersection-Related,2,Four-Way Intersection,0,None,,,1,On Roadway,3,Dark - Lighted,,,,,10,Cloudy,0,No,0000000,Not Applicable,1,1:00am-1:59am,23,23,1,1:00am-1:59am,38,38,88,"Not Applicable (Not Transported) ",88,Not Applicable (Not Transported),,,,,,,1,
2021,55,550203,Wisconsin,1,1,0,1,1,1,1,25,DANE (25),2780,MADISON,2,2,7,July,2021,6,Friday,6,6:00am-6:59am,55,55,1,This section IS ON the NHS,2,Urban,3,Principal Arterial - Other,1,State Highway Agency,2,U.S. Highway,US-151,PAWLING ST,99998,Not Reported,43.10228889,43.10228889,-89.346433330,-89.346433330,0,No Special Jurisdiction,9,Pedalcyclist,0,The First Harmful Event was Not a Collision with a Motor Vehicle in Transport,0,No,3,Intersection-Related,2,Four-Way Intersection,0,None,,,1,On Roadway,1,Daylight,,,,,1,Clear,0,No,0000000,Not Applicable,6,6:00am-6:59am,56,56,7,7:00am-7:59am,10,10,7,7:00am-7:59am,19,19,,,,,,,1,
2021,55,550204,Wisconsin,1,1,0,0,0,1,1,99,PRICE (99),0,NOT APPLICABLE,3,3,7,July,2021,7,Saturday,18,6:00pm-6:59pm,28,28,1,This section IS ON the NHS,1,Rural,3,Principal Arterial - Other,1,State Highway Agency,3,State Highway,SR-13,,99998,Not Reported,45.82890000,45.82890000,-90.428447220,-90.428447220,0,No Special Jurisdiction,1,Rollover/Overturn,0,The First Harmful Event was Not a Collision with a Motor Vehicle in Transport,0,No,1,Non-Junction,1,Not an Intersection,0,None,,,1,On Roadway,1,Daylight,,,,,1,Clear,0,No,0000000,Not Applicable,18,6:00pm-6:59pm,29,29,99,Unknown EMS Scene Arrival Hour,97,Officially Cancelled,99,Unknown,97,Officially Canceled,,,,,,,1,
2021,55,550205,Wisconsin,2,2,0,0,0,2,2,115,SHAWANO (115),0,NOT APPLICABLE,7,7,4,April,2021,4,Wednesday,7,7:00am-7:59am,21,21,1,This section IS ON the NHS,1,Rural,3,Principal Arterial - Other,1,State Highway Agency,2,U.S. Highway,US-45,,99998,Not Reported,44.97710833,44.97710833,-89.204841670,-89.204841670,0,No Special Jurisdiction,12,Motor Vehicle In-Transport,6,Angle,0,No,8,Driveway Access Related,1,Not an Intersection,0,None,,,1,On Roadway,1,Daylight,,,,,1,Clear,0,No,0000000,Not Applicable,7,7:00am-7:59am,23,23,7,7:00am-7:59am,33,33,99,Unknown,99,Unknown EMS Hospital Arrival Time,,,,,,,1,
2021,55,550206,Wisconsin,2,2,0,0,0,2,2,101,RACINE (101),3224,MOUNT PLEASANT,30,30,4,April,2021,6,Friday,15,3:00pm-3:59pm,6,6,1,This section IS ON the NHS,2,Urban,3,Principal Arterial - Other,1,State Highway Agency,3,State Highway,SR-20,SUNNYSLOPE DR,99998,Not Reported,42.71946111,42.71946111,-87.862938890,-87.862938890,0,No Special Jurisdiction,12,Motor Vehicle In-Transport,6,Angle,0,No,2,Intersection,2,Four-Way Intersection,0,None,,,1,On Roadway,1,Daylight,,,,,1,Clear,0,No,0000000,Not Applicable,88,Not Applicable (Not Notified),88,Not Applicable (Not Notified),88,Not Applicable,88,Not Applicable,88,"Not Applicable (Not Transported) ",88,Not Applicable (Not Transported),,,,,,,1,
2021,55,550207,Wisconsin,1,1,0,0,0,2,2,79,MILWAUKEE (79),5130,WAUWATOSA,19,19,6,June,2021,7,Saturday,9,9:00am-9:59am,41,41,0,This section IS NOT on the NHS,2,Urban,4,Minor Arterial,4,City or Municipal Highway Agency,6,Local Street - Municipality,WATERTOWN PLANK RD,,99998,Not Reported,43.04561944,43.04561944,-88.037438890,-88.037438890,0,No Special Jurisdiction,21,Bridge Pier or Support,0,The First Harmful Event was Not a Collision with a Motor Vehicle in Transport,0,No,1,Non-Junction,1,Not an Intersection,0,None,,,4,On Roadside,1,Daylight,,,,,1,Clear,0,No,0000000,Not Applicable,9,9:00am-9:59am,46,46,9,9:00am-9:59am,49,49,10,10:00am-10:59am,5,5,,,,,,,1,
2021,55,550208,Wisconsin,1,1,0,1,1,1,1,79,MILWAUKEE (79),5130,WAUWATOSA,23,23,6,June,2021,4,Wednesday,18,6:00pm-6:59pm,45,45,0,This section IS NOT on the NHS,2,Urban,7,Local,4,City or Municipal Highway Agency,6,Local Street - Municipality,HONEY CREEK PKWY,,99998,Not Reported,43.04215278,43.04215278,-87.990288890,-87.990288890,0,No Special Jurisdiction,9,Pedalcyclist,0,The First Harmful Event was Not a Collision with a Motor Vehicle in Transport,0,No,1,Non-Junction,1,Not an Intersection,0,None,,,1,On Roadway,5,Dusk,,,,,1,Clear,0,No,0000000,Not Applicable,18,6:00pm-6:59pm,45,45,18,6:00pm-6:59pm,50,50,99,Unknown,99,Unknown EMS Hospital Arrival Time,,,,,,,1,
2021,55,550209,Wisconsin,1,1,0,0,0,1,1,33,DUNN (33),0,NOT APPLICABLE,9,9,7,July,2021,6,Friday,21,9:00pm-9:59pm,9,9,0,This section IS NOT on the NHS,1,Rural,5,Major Collector,1,State Highway Agency,2,U.S. Highway,US-12,,99998,Not Reported,44.94026111,44.94026111,-92.026650000,-92.026650000,0,No Special Jurisdiction,11,Live Animal,0,The First Harmful Event was Not a Collision with a Motor Vehicle in Transport,0,No,1,Non-Junction,1,Not an Intersection,0,None,,,1,On Roadway,5,Dusk,,,,,1,Clear,0,No,0000000,Not Applicable,21,9:00pm-9:59pm,11,11,21,9:00pm-9:59pm,20,20,99,Unknown,99,Unknown EMS Hospital Arrival Time,,,,,,,1,
2021,55,550210,Wisconsin,2,2,0,0,0,2,2,73,MARATHON (73),2476,KRONEWETTER,12,12,7,July,2021,2,Monday,23,11:00pm-11:59pm,11,11,1,This section IS ON the NHS,2,Urban,1,Interstate,1,State Highway Agency,1,Interstate,I-39 US-51,,99998,Not Reported,44.83344444,44.83344444,-89.655097220,-89.655097220,0,No Special Jurisdiction,12,Motor Vehicle In-Transport,2,Front-to-Front,0,No,1,Non-Junction,1,Not an Intersection,0,None,,,1,On Roadway,2,Dark - Not Lighted,,,,,1,Clear,0,No,0000000,Not Applicable,99,Unknown,99,Unknown,99,Unknown EMS Scene Arrival Hour,99,Unknown EMS Scene Arrival Minutes,88,"Not Applicable (Not Transported) ",88,Not Applicable (Not Transported),,,,,,,2,
2021,55,550211,Wisconsin,1,1,0,0,0,3,3,111,SAUK (111),0,NOT APPLICABLE,3,3,7,July,2021,7,Saturday,2,2:00am-2:59am,20,20,0,This section IS NOT on the NHS,1,Rural,7,Local,2,County Highway Agency,4,County Road,CR-T,,0,None,43.56428056,43.56428056,-89.703997220,-89.703997220,0,No Special Jurisdiction,35,Embankment,0,The First Harmful Event was Not a Collision with a Motor Vehicle in Transport,0,No,1,Non-Junction,1,Not an Intersection,0,None,,,4,On Roadside,2,Dark - Not Lighted,,,,,1,Clear,0,No,0000000,Not Applicable,2,2:00am-2:59am,29,29,2,2:00am-2:59am,41,41,99,Unknown,99,Unknown EMS Hospital Arrival Time,,,,,,,1,
2021,55,550212,Wisconsin,1,1,0,0,0,1,1,121,TREMPEALEAU (121),0,NOT APPLICABLE,10,10,7,July,2021,7,Saturday,14,2:00pm-2:59pm,50,50,0,This section IS NOT on the NHS,1,Rural,5,Major Collector,2,County Highway Agency,4,County Road,CR-E,,0,None,44.50363333,44.50363333,-91.239050000,-91.239050000,0,No Special Jurisdiction,11,Live Animal,0,The First Harmful Event was Not a Collision with a Motor Vehicle in Transport,0,No,1,Non-Junction,1,Not an Intersection,0,None,,,1,On Roadway,1,Daylight,,,,,1,Clear,0,No,0000000,Not Applicable,14,2:00pm-2:59pm,58,58,99,Unknown EMS Scene Arrival Hour,99,Unknown EMS Scene Arrival Minutes,88,"Not Applicable (Not Transported) ",88,Not Applicable (Not Transported),,,,,,,1,
2021,55,550213,Wisconsin,2,2,0,0,0,2,2,43,GRANT (43),3790,PLATTEVILLE,13,13,7,July,2021,3,Tuesday,10,10:00am-10:59am,28,28,0,This section IS NOT on the NHS,1,Rural,3,Principal Arterial - Other,1,State Highway Agency,2,U.S. Highway,US-51 VISON RD,COMMERCIAL DR,0,None,42.73311111,42.73311111,-90.439041670,-90.439041670,0,No Special Jurisdiction,12,Motor Vehicle In-Transport,6,Angle,0,No,2,Intersection,2,Four-Way Intersection,0,None,,,1,On Roadway,1,Daylight,,,,,1,Clear,0,No,0000000,Not Applicable,10,10:00am-10:59am,34,34,10,10:00am-10:59am,36,36,11,11:00am-11:59am,4,4,,,,,,,1,
2021,55,550214,Wisconsin,1,1,0,0,0,1,1,69,LINCOLN (69),0,NOT APPLICABLE,12,12,7,July,2021,2,Monday,99,Unknown Hours,99,Unknown Minutes,0,This section IS NOT on the NHS,1,Rural,5,Major Collector,2,County Highway Agency,4,County Road,CR-CC,,0,None,45.49610000,45.49610000,-89.782338890,-89.782338890,0,No Special Jurisdiction,32,Culvert,0,The First Harmful Event was Not a Collision with a Motor Vehicle in Transport,0,No,1,Non-Junction,1,Not an Intersection,0,None,,,4,On Roadside,9,Reported as Unknown,,,,,10,Cloudy,0,No,0000000,Not Applicable,9,9:00am-9:59am,52,52,9,9:00am-9:59am,59,59,88,"Not Applicable (Not Transported) ",88,Not Applicable (Not Transported),,,,,,,1,
2021,55,550215,Wisconsin,5,5,0,0,0,7,7,131,WASHINGTON (131),0,NOT APPLICABLE,21,21,4,April,2021,4,Wednesday,11,11:00am-11:59am,7,7,1,This section IS ON the NHS,2,Urban,1,Interstate,1,State Highway Agency,1,Interstate,I-41,,99998,Not Reported,43.35303333,43.35303333,-88.286605560,-88.286605560,0,No Special Jurisdiction,51,Jackknife (harmful to this vehicle),0,The First Harmful Event was Not a Collision with a Motor Vehicle in Transport,0,No,1,Non-Junction,1,Not an Intersection,0,None,,,1,On Roadway,1,Daylight,,,,,4,Snow,0,No,0000000,Not Applicable,99,Unknown,99,Unknown,99,Unknown EMS Scene Arrival Hour,99,Unknown EMS Scene Arrival Minutes,12,12:00pm-12:59pm,15,15,,,,,,,1,
2021,55,550217,Wisconsin,2,2,0,0,0,4,4,25,DANE (25),0,NOT APPLICABLE,2,2,7,July,2021,6,Friday,6,6:00am-6:59am,53,53,0,This section IS NOT on the NHS,1,Rural,7,Local,3,Town or Township Highway Agency,5,Local Street - Township,RIDGE RD,W MEDINA RD,0,None,43.11609722,43.11609722,-89.136100000,-89.136100000,0,No Special Jurisdiction,12,Motor Vehicle In-Transport,6,Angle,0,No,2,Intersection,3,T-Intersection,0,None,,,1,On Roadway,4,Dawn,,,,,1,Clear,0,No,0000000,Not Applicable,6,6:00am-6:59am,54,54,7,7:00am-7:59am,4,4,88,"Not Applicable (Not Transported) ",88,Not Applicable (Not Transported),,,,,,,1,
2021,55,550218,Wisconsin,1,1,0,0,0,2,2,79,MILWAUKEE (79),2015,GREENFIELD,8,8,7,July,2021,5,Thursday,21,9:00pm-9:59pm,15,15,1,This section IS ON the NHS,2,Urban,1,Interstate,1,State Highway Agency,1,Interstate,I-41,,99998,Not Reported,42.96146944,42.96146944,-87.964727780,-87.964727780,0,No Special Jurisdiction,52,Guardrail End,0,The First Harmful Event was Not a Collision with a Motor Vehicle in Transport,0,No,1,Non-Junction,1,Not an Intersection,0,None,,,3,On Median,3,Dark - Lighted,,,,,10,Cloudy,0,No,0000000,Not Applicable,21,9:00pm-9:59pm,20,20,21,9:00pm-9:59pm,31,31,21,9:00pm-9:59pm,47,47,,,,,,,1,
2021,55,550219,Wisconsin,3,1,2,0,0,2,2,79,MILWAUKEE (79),3100,MILWAUKEE,23,23,4,April,2021,6,Friday,23,11:00pm-11:59pm,21,21,0,This section IS NOT on the NHS,2,Urban,6,Minor Collector,4,City or Municipal Highway Agency,6,Local Street - Municipality,E BURLEIGH ST,,0,None,43.07481667,43.07481667,-87.904505560,-87.904505560,0,No Special Jurisdiction,42,Tree (Standing Only),0,The First Harmful Event was Not a Collision with a Motor Vehicle in Transport,0,No,1,Non-Junction,1,Not an Intersection,0,None,,,4,On Roadside,3,Dark - Lighted,,,,,1,Clear,0,No,0000000,Not Applicable,99,Unknown,99,Unknown,99,Unknown EMS Scene Arrival Hour,99,Unknown EMS Scene Arrival Minutes,88,"Not Applicable (Not Transported) ",88,Not Applicable (Not Transported),,,,,,,2,
2021,55,550220,Wisconsin,1,1,0,1,1,1,1,79,MILWAUKEE (79),3100,MILWAUKEE,20,20,6,June,2021,1,Sunday,21,9:00pm-9:59pm,49,49,0,This section IS NOT on the NHS,2,Urban,4,Minor Arterial,4,City or Municipal Highway Agency,6,Local Street - Municipality,W WALNUT ST,,99998,Not Reported,43.05259722,43.05259722,-87.924525000,-87.924525000,0,No Special Jurisdiction,8,Pedestrian,0,The First Harmful Event was Not a Collision with a Motor Vehicle in Transport,0,No,1,Non-Junction,1,Not an Intersection,0,None,,,1,On Roadway,2,Dark - Not Lighted,,,,,2,Rain,0,No,0000000,Not Applicable,21,9:00pm-9:59pm,53,53,21,9:00pm-9:59pm,57,57,88,"Not Applicable (Not Transported) ",88,Not Applicable (Not Transported),,,,,,,1,
2021,55,550221,Wisconsin,3,3,0,0,0,5,5,21,COLUMBIA (21),0,NOT APPLICABLE,16,16,7,July,2021,6,Friday,15,3:00pm-3:59pm,33,33,1,This section IS ON the NHS,1,Rural,1,Interstate,1,State Highway Agency,1,Interstate,I-39,,99998,Not Reported,43.50252222,43.50252222,-89.484491670,-89.484491670,0,No Special Jurisdiction,12,Motor Vehicle In-Transport,7,Sideswipe - Same Direction,0,No,1,Non-Junction,1,Not an Intersection,0,None,,,1,On Roadway,1,Daylight,,,,,10,Cloudy,0,No,0000000,Not Applicable,99,Unknown,99,Unknown,99,Unknown EMS Scene Arrival Hour,99,Unknown EMS Scene Arrival Minutes,88,"Not Applicable (Not Transported) ",88,Not Applicable (Not Transported),,,,,,,1,
2021,55,550222,Wisconsin,2,2,0,0,0,2,2,31,DOUGLAS (31),0,NOT APPLICABLE,20,20,7,July,2021,3,Tuesday,9,9:00am-9:59am,30,30,1,This section IS ON the NHS,1,Rural,3,Principal Arterial - Other,1,State Highway Agency,2,U.S. Highway,US-53,,99998,Not Reported,46.36331111,46.36331111,-91.830666670,-91.830666670,0,No Special Jurisdiction,12,Motor Vehicle In-Transport,1,Front-to-Rear,0,No,1,Non-Junction,1,Not an Intersection,4,"Work Zone, Type Unknown",,,1,On Roadway,1,Daylight,,,,,10,Cloudy,0,No,0000000,Not Applicable,99,Unknown,99,Unknown,99,Unknown EMS Scene Arrival Hour,99,Unknown EMS Scene Arrival Minutes,88,"Not Applicable (Not Transported) ",88,Not Applicable (Not Transported),,,,,,,1,
2021,55,550224,Wisconsin,2,2,0,0,0,2,2,25,DANE (25),0,NOT APPLICABLE,25,25,6,June,2021,6,Friday,9,9:00am-9:59am,20,20,0,This section IS NOT on the NHS,2,Urban,6,Minor Collector,2,County Highway Agency,4,County Road,CR-A,UNION RD,99998,Not Reported,42.89250278,42.89250278,-89.386280560,-89.386280560,0,No Special Jurisdiction,12,Motor Vehicle In-Transport,6,Angle,1,Yes,2,Intersection,2,Four-Way Intersection,0,None,,,1,On Roadway,1,Daylight,,,,,2,Rain,0,No,0000000,Not Applicable,9,9:00am-9:59am,22,22,9,9:00am-9:59am,29,29,99,Unknown,99,Unknown EMS Hospital Arrival Time,,,,,,,1,
2021,55,550225,Wisconsin,1,1,0,0,0,2,2,105,ROCK (105),0,NOT APPLICABLE,25,25,7,July,2021,1,Sunday,1,1:00am-1:59am,16,16,1,This section IS ON the NHS,1,Rural,1,Interstate,1,State Highway Agency,1,Interstate,I-39-90,,99998,Not Reported,42.83386111,42.83386111,-89.026975000,-89.026975000,0,No Special Jurisdiction,33,Curb,0,The First Harmful Event was Not a Collision with a Motor Vehicle in Transport,1,Yes,5,Entrance/Exit Ramp Related,1,Not an Intersection,0,None,,,4,On Roadside,3,Dark - Lighted,,,,,1,Clear,0,No,0000000,Not Applicable,99,Unknown,99,Unknown,99,Unknown EMS Scene Arrival Hour,99,Unknown EMS Scene Arrival Minutes,99,Unknown,99,Unknown EMS Hospital Arrival Time,,,,,,,1,
2021,55,550226,Wisconsin,1,1,0,0,0,1,1,73,MARATHON (73),4230,ROTHSCHILD,25,25,7,July,2021,1,Sunday,21,9:00pm-9:59pm,28,28,1,This section IS ON the NHS,2,Urban,2,Principal Arterial - Other Freeways and Expressways,1,State Highway Agency,3,State Highway,SR-29,,99998,Not Reported,44.89775556,44.89775556,-89.626172220,-89.626172220,0,No Special Jurisdiction,11,Live Animal,0,The First Harmful Event was Not a Collision with a Motor Vehicle in Transport,0,No,1,Non-Junction,1,Not an Intersection,0,None,,,1,On Roadway,2,Dark - Not Lighted,,,,,10,Cloudy,0,No,0000000,Not Applicable,21,9:00pm-9:59pm,31,31,21,9:00pm-9:59pm,35,35,21,9:00pm-9:59pm,53,53,,,,,,,1,
2021,55,550227,Wisconsin,1,1,0,0,0,1,1,79,MILWAUKEE (79),3100,MILWAUKEE,27,27,6,June,2021,1,Sunday,20,8:00pm-8:59pm,30,30,0,This section IS NOT on the NHS,2,Urban,4,Minor Arterial,4,City or Municipal Highway Agency,6,Local Street - Municipality,W HAMPTON AVE,,99998,Not Reported,43.10496667,43.10496667,-88.025230560,-88.025230560,0,No Special Jurisdiction,42,Tree (Standing Only),0,The First Harmful Event was Not a Collision with a Motor Vehicle in Transport,0,No,1,Non-Junction,1,Not an Intersection,0,None,,,4,On Roadside,1,Daylight,,,,,1,Clear,0,No,0000000,Not Applicable,20,8:00pm-8:59pm,31,31,20,8:00pm-8:59pm,35,35,99,Unknown,99,Unknown EMS Hospital Arrival Time,,,,,,,1,