caseyear,state,st_case,statename,ve_total,ve_forms,pvh_invl,peds,pernotmvit,permvit,persons,county,countyname,city,cityname,day,dayname,month,monthname,year,day_week,day_weekname,hour,hourname,minute,minutename,nhs,nhsname,rur_urb,rur_urbname,func_sys,func_sysname,rd_owner,rd_ownername,route,routename,tway_id,tway_id2,milept,mileptname,latitude,latitudename,longitud,longitudname,sp_jur,sp_jurname,harm_ev,harm_evname,man_coll,man_collname,reljct1,reljct1name,reljct2,reljct2name,typ_int,typ_intname,wrk_zone,wrk_zonename,road_fnc,road_fncname,rel_road,rel_roadname,lgt_cond,lgt_condname,weather1,weather1name,weather2,weather2name,weather,weathername,sch_bus,sch_busname,rail,railname,not_hour,not_hourname,not_min,not_minname,arr_hour,arr_hourname,arr_min,arr_minname,hosp_hr,hosp_hrname,hosp_mn,hosp_mnname,cf1,cf1name,cf2,cf2name,cf3,cf3name,fatals,drunk_dr
2021,55,550228,Wisconsin,1,1,0,0,0,1,1,97,PORTAGE (97),4620,STEVENS POINT,29,29,7,July,2021,5,Thursday,1,1:00am-1:59am,45,45,0,This section IS NOT on the NHS,2,Urban,4,Minor Arterial,4,City or Municipal Highway Agency,6,Local Street - Municipality,"STANLEY ST ",FREMONT ST,0,None,44.52801111,44.52801111,-89.568111110,-89.568111110,4,College/University Campus*,43,Other Fixed Object,0,The First Harmful Event was Not a Collision with a Motor Vehicle in Transport,0,No,3,Intersection-Related,3,T-Intersection,0,None,,,4,On Roadside,3,Dark - Lighted,,,,,1,Clear,0,No,0000000,Not Applicable,99,Unknown,99,Unknown,99,Unknown EMS Scene Arrival Hour,99,Unknown EMS Scene Arrival Minutes,99,Unknown,99,Unknown EMS Hospital Arrival Time,,,,,,,1,
2021,55,550229,Wisconsin,1,1,0,0,0,5,5,25,DANE (25),2780,MADISON,23,23,7,July,2021,6,Friday,21,9:00pm-9:59pm,42,42,0,This section IS NOT on the NHS,6,Trafficway Not in State Inventory,96,Trafficway Not in State Inventory,96,Trafficway Not in State Inventory,8,Other,LAKE MENDOTA DR,,0,None,43.09053889,43.09053889,-89.433894440,-89.433894440,4,College/University Campus*,1,Rollover/Overturn,0,The First Harmful Event was Not a Collision with a Motor Vehicle in Transport,0,No,1,Non-Junction,1,Not an Intersection,0,None,,,4,On Roadside,3,Dark - Lighted,,,,,1,Clear,0,No,0000000,Not Applicable,21,9:00pm-9:59pm,99,Unknown,21,9:00pm-9:59pm,47,47,22,10:00pm-10:59pm,22,22,,,,,,,1,
2021,55,550230,Wisconsin,1,1,0,0,0,1,1,131,WASHINGTON (131),4089,RICHFIELD,18,18,7,July,2021,1,Sunday,18,6:00pm-6:59pm,27,27,0,This section IS NOT on the NHS,2,Urban,5,Major Collector,4,City or Municipal Highway Agency,6,Local Street - Municipality,HUBERTUS RD,,0,None,43.23405000,43.23405000,-88.281405560,-88.281405560,0,No Special Jurisdiction,1,Rollover/Overturn,0,The First Harmful Event was Not a Collision with a Motor Vehicle in Transport,0,No,1,Non-Junction,1,Not an Intersection,0,None,,,4,On Roadside,1,Daylight,,,,,1,Clear,0,No,0000000,Not Applicable,18,6:00pm-6:59pm,29,29,18,6:00pm-6:59pm,43,43,19,7:00pm-7:59pm,14,14,,,,,,,1,
2021,55,550231,Wisconsin,1,1,0,1,1,1,1,55,JEFFERSON (55),3660,PALMYRA,14,14,7,July,2021,4,Wednesday,23,11:00pm-11:59pm,50,50,0,This section IS NOT on the NHS,2,Urban,5,Major Collector,1,State Highway Agency,3,State Highway,SR-59,CR-H,0,None,42.87784722,42.87784722,-88.585444440,-88.585444440,0,No Special Jurisdiction,8,Pedestrian,0,The First Harmful Event was Not a Collision with a Motor Vehicle in Transport,0,No,2,Intersection,2,Four-Way Intersection,0,None,,,1,On Roadway,3,Dark - Lighted,,,,,2,Rain,0,No,0000000,Not Applicable,23,11:00pm-11:59pm,49,49,23,11:00pm-11:59pm,50,50,0,0:00am-0:59am,36,36,,,,,,,1,
2021,55,550233,Wisconsin,2,2,0,0,0,5,5,105,ROCK (105),0,NOT APPLICABLE,31,31,7,July,2021,7,Saturday,18,6:00pm-6:59pm,40,40,0,This section IS NOT on the NHS,1,Rural,4,Minor Arterial,1,State Highway Agency,2,U.S. Highway,US-51,,99998,Not Reported,42.81316111,42.81316111,-89.072619440,-89.072619440,0,No Special Jurisdiction,12,Motor Vehicle In-Transport,6,Angle,0,No,1,Non-Junction,1,Not an Intersection,0,None,,,1,On Roadway,1,Daylight,,,,,10,Cloudy,0,No,0000000,Not Applicable,18,6:00pm-6:59pm,40,40,18,6:00pm-6:59pm,44,44,19,7:00pm-7:59pm,0,0,,,,,,,1,
2021,55,550234,Wisconsin,2,2,0,0,0,2,2,29,DOOR (29),0,NOT APPLICABLE,3,3,8,August,2021,3,Tuesday,14,2:00pm-2:59pm,37,37,0,This section IS NOT on the NHS,1,Rural,5,Major Collector,2,County Highway Agency,4,County Road,CR-A,CR-EE,0,None,45.06889444,45.06889444,-87.193450000,-87.193450000,0,No Special Jurisdiction,12,Motor Vehicle In-Transport,6,Angle,0,No,2,Intersection,2,Four-Way Intersection,0,None,,,1,On Roadway,1,Daylight,,,,,1,Clear,0,No,0000000,Not Applicable,14,2:00pm-2:59pm,39,39,14,2:00pm-2:59pm,47,47,99,Unknown,99,Unknown EMS Hospital Arrival Time,,,,,,,1,
2021,55,550235,Wisconsin,3,3,0,0,0,5,5,105,ROCK (105),2320,JANESVILLE,30,30,7,July,2021,6,Friday,16,4:00pm-4:59pm,23,23,1,This section IS ON the NHS,2,Urban,3,Principal Arterial - Other,4,City or Municipal Highway Agency,6,Local Street - Municipality,COURT ST W,PEARL ST S,0,None,42.67950833,42.67950833,-89.035713890,-89.035713890,0,No Special Jurisdiction,12,Motor Vehicle In-Transport,6,Angle,0,No,2,Intersection,2,Four-Way Intersection,0,None,,,1,On Roadway,1,Daylight,,,,,10,Cloudy,0,No,0000000,Not Applicable,16,4:00pm-4:59pm,23,23,16,4:00pm-4:59pm,26,26,99,Unknown,99,Unknown EMS Hospital Arrival Time,,,,,,,1,
2021,55,550236,Wisconsin,2,2,0,0,0,2,2,25,DANE (25),2780,MADISON,27,27,7,July,2021,3,Tuesday,15,3:00pm-3:59pm,22,22,0,This section IS NOT on the NHS,2,Urban,5,Major Collector,4,City or Municipal Highway Agency,6,Local Street - Municipality,W BELTLINE FRONTAGE RD S,,0,None,43.03518889,43.03518889,-89.432255560,-89.432255560,0,No Special Jurisdiction,12,Motor Vehicle In-Transport,1,Front-to-Rear,0,No,8,Driveway Access Related,1,Not an Intersection,0,None,,,1,On Roadway,1,Daylight,,,,,1,Clear,0,No,0000000,Not Applicable,15,3:00pm-3:59pm,24,24,15,3:00pm-3:59pm,30,30,16,4:00pm-4:59pm,41,41,,,,,,,1,
2021,55,550238,Wisconsin,1,1,0,0,0,2,2,5,BARRON (5),0,NOT APPLICABLE,6,6,8,August,2021,6,Friday,99,Unknown Hours,99,Unknown Minutes,0,This section IS NOT on the NHS,1,Rural,7,Local,3,Town or Township Highway Agency,4,County Road,CR-A,18TH ST,0,None,45.25868333,45.25868333,-91.788597220,-91.788597220,0,No Special Jurisdiction,42,Tree (Standing Only),0,The First Harmful Event was Not a Collision with a Motor Vehicle in Transport,0,No,3,Intersection-Related,3,T-Intersection,0,None,,,4,On Roadside,2,Dark - Not Lighted,,,,,1,Clear,0,No,0000000,Not Applicable,0,0:00am-0:59am,30,30,0,0:00am-0:59am,38,38,1,1:00am-1:59am,24,24,,,,,,,1,
2021,55,550239,Wisconsin,3,3,0,0,0,5,5,75,MARINETTE (75),0,NOT APPLICABLE,4,4,8,August,2021,4,Wednesday,11,11:00am-11:59am,40,40,1,This section IS ON the NHS,1,Rural,3,Principal Arterial - Other,1,State Highway Agency,2,U.S. Highway,US-8,,99998,Not Reported,45.62410000,45.62410000,-88.065041670,-88.065041670,0,No Special Jurisdiction,12,Motor Vehicle In-Transport,1,Front-to-Rear,0,No,1,Non-Junction,1,Not an Intersection,4,"Work Zone, Type Unknown",,,1,On Roadway,1,Daylight,,,,,10,Cloudy,0,No,0000000,Not Applicable,11,11:00am-11:59am,43,43,12,12:00pm-12:59pm,20,20,13,1:00pm-1:59pm,2,2,,,,,,,1,
2021,55,550240,Wisconsin,2,2,0,0,0,4,4,81,MONROE (81),0,NOT APPLICABLE,31,31,7,July,2021,7,Saturday,22,10:00pm-10:59pm,35,35,1,This section IS ON the NHS,1,Rural,1,Interstate,1,State Highway Agency,1,Interstate,I-90,,99998,Not Reported,43.95094722,43.95094722,-90.334630560,-90.334630560,0,No Special Jurisdiction,12,Motor Vehicle In-Transport,1,Front-to-Rear,0,No,1,Non-Junction,1,Not an Intersection,0,None,,,1,On Roadway,2,Dark - Not Lighted,,,,,1,Clear,0,No,0000000,Not Applicable,99,Unknown,99,Unknown,99,Unknown EMS Scene Arrival Hour,99,Unknown EMS Scene Arrival Minutes,99,Unknown,99,Unknown EMS Hospital Arrival Time,,,,,,,1,
2021,55,550241,Wisconsin,2,2,0,0,0,2,2,141,WOOD (141),0,NOT APPLICABLE,6,6,8,August,2021,6,Friday,12,12:00pm-12:59pm,54,54,0,This section IS NOT on the NHS,1,Rural,4,Minor Arterial,2,County Highway Agency,3,State Highway,SR-73,,99998,Not Reported,44.29716389,44.29716389,-89.797250000,-89.797250000,0,No Special Jurisdiction,12,Motor Vehicle In-Transport,2,Front-to-Front,0,No,1,Non-Junction,1,Not an Intersection,0,None,,,1,On Roadway,1,Daylight,,,,,10,Cloudy,0,No,0000000,Not Applicable,12,12:00pm-12:59pm,54,54,13,1:00pm-1:59pm,0,0,14,2:00pm-2:59pm,0,0,,,,,,,1,
2021,55,550242,Wisconsin,1,1,0,0,0,1,1,105,ROCK (105),2320,JANESVILLE,7,7,8,August,2021,7,Saturday,22,10:00pm-10:59pm,6,6,0,This section IS NOT on the NHS,2,Urban,5,Major Collector,4,City or Municipal Highway Agency,6,Local Street - Municipality,PALMER DR,,0,None,42.66951389,42.66951389,-89.007966670,-89.007966670,0,No Special Jurisdiction,33,Curb,0,The First Harmful Event was Not a Collision with a Motor Vehicle in Transport,0,No,1,Non-Junction,1,Not an Intersection,0,None,,,4,On Roadside,3,Dark - Lighted,,,,,1,Clear,0,No,0000000,Not Applicable,22,10:00pm-10:59pm,50,50,22,10:00pm-10:59pm,54,54,88,"Not Applicable (Not Transported) ",88,Not Applicable (Not Transported),,,,,,,1,
2021,55,550244,Wisconsin,1,1,0,0,0,1,1,139,WINNEBAGO (139),3280,NEENAH,8,8,8,August,2021,1,Sunday,9,9:00am-9:59am,29,29,1,This section IS ON the NHS,2,Urban,3,Principal Arterial - Other,4,City or Municipal Highway Agency,6,Local Street - Municipality,MAIN ST,W WISCONSIN AVE,0,None,44.18786667,44.18786667,-88.464583330,-88.464583330,0,No Special Jurisdiction,1,Rollover/Overturn,0,The First Harmful Event was Not a Collision with a Motor Vehicle in Transport,0,No,3,Intersection-Related,10,L-Intersection,0,None,,,1,On Roadway,1,Daylight,,,,,10,Cloudy,0,No,0000000,Not Applicable,9,9:00am-9:59am,30,30,9,9:00am-9:59am,37,37,88,"Not Applicable (Not Transported) ",88,Not Applicable (Not Transported),,,,,,,1,
2021,55,550245,Wisconsin,1,1,0,0,0,1,1,25,DANE (25),4940,VERONA,31,31,7,July,2021,7,Saturday,19,7:00pm-7:59pm,3,3,1,This section IS ON the NHS,2,Urban,3,Principal Arterial - Other,2,County Highway Agency,4,County Road,CR-PB,CR-M,0,None,42.97250833,42.97250833,-89.511911110,-89.511911110,0,No Special Jurisdiction,33,Curb,0,The First Harmful Event was Not a Collision with a Motor Vehicle in Transport,0,No,3,Intersection-Related,2,Four-Way Intersection,0,None,,,4,On Roadside,1,Daylight,,,,,1,Clear,0,No,0000000,Not Applicable,19,7:00pm-7:59pm,4,4,19,7:00pm-7:59pm,8,8,19,7:00pm-7:59pm,38,38,,,,,,,1,
2021,55,550246,Wisconsin,1,1,0,0,0,1,1,117,SHEBOYGAN (117),0,NOT APPLICABLE,29,29,7,July,2021,5,Thursday,20,8:00pm-8:59pm,30,30,0,This section IS NOT on the NHS,1,Rural,6,Minor Collector,2,County Highway Agency,4,County Road,CR-A,,0,None,43.74349722,43.74349722,-88.081008330,-88.081008330,0,No Special Jurisdiction,1,Rollover/Overturn,0,The First Harmful Event was Not a Collision with a Motor Vehicle in Transport,0,No,1,Non-Junction,1,Not an Intersection,0,None,,,1,On Roadway,2,Dark - Not Lighted,,,,,1,Clear,0,No,0000000,Not Applicable,99,Unknown,99,Unknown,99,Unknown EMS Scene Arrival Hour,99,Unknown EMS Scene Arrival Minutes,99,Unknown,99,Unknown EMS Hospital Arrival Time,,,,,,,1,
2021,55,550247,Wisconsin,1,1,0,0,0,1,1,115,SHAWANO (115),0,NOT APPLICABLE,29,29,7,July,2021,5,Thursday,20,8:00pm-8:59pm,6,6,0,This section IS NOT on the NHS,1,Rural,7,Local,3,Town or Township Highway Agency,5,Local Street - Township,BIG LAKE RD,,0,None,44.87610833,44.87610833,-88.786697220,-88.786697220,0,No Special Jurisdiction,11,Live Animal,0,The First Harmful Event was Not a Collision with a Motor Vehicle in Transport,0,No,1,Non-Junction,1,Not an Intersection,0,None,,,1,On Roadway,1,Daylight,,,,,1,Clear,0,No,0000000,Not Applicable,20,8:00pm-8:59pm,10,10,20,8:00pm-8:59pm,33,33,99,Unknown,99,Unknown EMS Hospital Arrival Time,,,,,,,1,
2021,55,550248,Wisconsin,2,2,0,0,0,3,3,139,WINNEBAGO (139),0,NOT APPLICABLE,5,5,8,August,2021,5,Thursday,21,9:00pm-9:59pm,25,25,0,This section IS NOT on the NHS,1,Rural,6,Minor Collector,2,County Highway Agency,4,County Road,CR-I,,0,None,43.93540556,43.93540556,-88.543830560,-88.543830560,0,No Special Jurisdiction,12,Motor Vehicle In-Transport,6,Angle,0,No,8,Driveway Access Related,1,Not an Intersection,0,None,,,1,On Roadway,2,Dark - Not Lighted,,,,,10,Cloudy,0,No,0000000,Not Applicable,21,9:00pm-9:59pm,26,26,21,9:00pm-9:59pm,31,31,22,10:00pm-10:59pm,20,20,,,,,,,1,
2021,55,550249,Wisconsin,2,2,0,0,0,3,3,49,IOWA (49),0,NOT APPLICABLE,28,28,7,July,2021,4,Wednesday,10,10:00am-10:59am,38,38,1,This section IS ON the NHS,1,Rural,3,Principal Arterial - Other,1,State Highway Agency,2,U.S. Highway,US-18,,99998,Not Reported,42.96742500,42.96742500,-90.258491670,-90.258491670,0,No Special Jurisdiction,12,Motor Vehicle In-Transport,2,Front-to-Front,0,No,1,Non-Junction,1,Not an Intersection,0,None,,,1,On Roadway,1,Daylight,,,,,10,Cloudy,0,No,0000000,Not Applicable,10,10:00am-10:59am,39,39,10,10:00am-10:59am,40,40,11,11:00am-11:59am,21,21,,,,,,,1,
2021,55,550250,Wisconsin,2,2,0,0,0,2,2,79,MILWAUKEE (79),5130,WAUWATOSA,17,17,7,July,2021,7,Saturday,18,6:00pm-6:59pm,25,25,1,This section IS ON the NHS,2,Urban,1,Interstate,1,State Highway Agency,1,Interstate,I-41,,99998,Not Reported,43.07372778,43.07372778,-88.058027780,-88.058027780,0,No Special Jurisdiction,12,Motor Vehicle In-Transport,7,Sideswipe - Same Direction,0,No,1,Non-Junction,1,Not an Intersection,4,"Work Zone, Type Unknown",,,1,On Roadway,1,Daylight,,,,,1,Clear,0,No,0000000,Not Applicable,18,6:00pm-6:59pm,26,26,18,6:00pm-6:59pm,39,39,99,Unknown,99,Unknown EMS Hospital Arrival Time,,,,,,,1,
2021,55,550252,Wisconsin,2,1,1,2,2,1,1,19,CLARK (19),0,NOT APPLICABLE,8,8,8,August,2021,1,Sunday,1,1:00am-1:59am,15,15,0,This section IS NOT on the NHS,1,Rural,6,Minor Collector,2,County Highway Agency,4,County Road,CR-G,,0,None,44.69615556,44.69615556,-90.720100000,-90.720100000,0,No Special Jurisdiction,8,Pedestrian,0,The First Harmful Event was Not a Collision with a Motor Vehicle in Transport,0,No,1,Non-Junction,1,Not an Intersection,4,"Work Zone, Type Unknown",,,1,On Roadway,2,Dark - Not Lighted,,,,,2,Rain,0,No,0000000,Not Applicable,1,1:00am-1:59am,22,22,1,1:00am-1:59am,45,45,99,Unknown,99,Unknown EMS Hospital Arrival Time,,,,,,,1,
2021,55,550253,Wisconsin,2,2,0,0,0,2,2,127,WALWORTH (127),0,NOT APPLICABLE,7,7,8,August,2021,7,Saturday,23,11:00pm-11:59pm,30,30,1,This section IS ON the NHS,1,Rural,3,Principal Arterial - Other,1,State Highway Agency,3,State Highway,SR-11,PLANK RD,99998,Not Reported,42.69170278,42.69170278,-88.493041670,-88.493041670,0,No Special Jurisdiction,12,Motor Vehicle In-Transport,6,Angle,0,No,2,Intersection,2,Four-Way Intersection,0,None,,,1,On Roadway,2,Dark - Not Lighted,,,,,2,Rain,0,No,0000000,Not Applicable,23,11:00pm-11:59pm,40,40,23,11:00pm-11:59pm,58,58,88,"Not Applicable (Not Transported) ",88,Not Applicable (Not Transported),,,,,,,1,
2021,55,550254,Wisconsin,2,2,0,0,0,3,3,31,DOUGLAS (31),4730,SUPERIOR,12,12,8,August,2021,5,Thursday,15,3:00pm-3:59pm,6,6,0,This section IS NOT on the NHS,2,Urban,5,Major Collector,4,City or Municipal Highway Agency,6,Local Street - Municipality,OGDEN AVE,BROADWAY ST,0,None,46.72668056,46.72668056,-92.102313890,-92.102313890,0,No Special Jurisdiction,12,Motor Vehicle In-Transport,2,Front-to-Front,0,No,2,Intersection,2,Four-Way Intersection,0,None,,,1,On Roadway,1,Daylight,,,,,10,Cloudy,0,No,0000000,Not Applicable,15,3:00pm-3:59pm,6,6,15,3:00pm-3:59pm,7,7,15,3:00pm-3:59pm,7,7,,,,,,,1,
2021,55,550255,Wisconsin,1,1,0,0,0,2,2,131,WASHINGTON (131),0,NOT APPLICABLE,8,8,8,August,2021,1,Sunday,17,5:00pm-5:59pm,12,12,0,This section IS NOT on the NHS,1,Rural,4,Minor Arterial,2,County Highway Agency,2,U.S. Highway,US-45,,99998,Not Reported,43.53008889,43.53008889,-88.236600000,-88.236600000,0,No Special Jurisdiction,24,Guardrail Face,0,The First Harmful Event was Not a Collision with a Motor Vehicle in Transport,0,No,1,Non-Junction,1,Not an Intersection,0,None,,,4,On Roadside,1,Daylight,,,,,2,Rain,0,No,0000000,Not Applicable,17,5:00pm-5:59pm,16,16,99,Unknown EMS Scene Arrival Hour,99,Unknown EMS Scene Arrival Minutes,99,Unknown,99,Unknown EMS Hospital Arrival Time,,,,,,,1,
2021,55,550256,Wisconsin,1,1,0,0,0,1,1,1,ADAMS (1),0,NOT APPLICABLE,11,11,8,August,2021,4,Wednesday,22,10:00pm-10:59pm,25,25,0,This section IS NOT on the NHS,1,Rural,5,Major Collector,2,County Highway Agency,4,County Road,CR-Z,SR-82,0,None,43.78714722,43.78714722,-89.870597220,-89.870597220,0,No Special Jurisdiction,1,Rollover/Overturn,0,The First Harmful Event was Not a Collision with a Motor Vehicle in Transport,0,No,3,Intersection-Related,3,T-Intersection,0,None,,,1,On Roadway,2,Dark - Not Lighted,,,,,1,Clear,0,No,0000000,Not Applicable,22,10:00pm-10:59pm,27,27,22,10:00pm-10:59pm,41,41,99,Unknown,99,Unknown EMS Hospital Arrival Time,,,,,,,1,
2021,55,550257,Wisconsin,1,1,0,0,0,1,1,87,OUTAGAMIE (87),0,NOT APPLICABLE,5,5,8,August,2021,5,Thursday,12,12:00pm-12:59pm,45,45,0,This section IS NOT on the NHS,1,Rural,5,Major Collector,2,County Highway Agency,4,County Road,CR-EE,,0,None,44.44435556,44.44435556,-88.228800000,-88.228800000,0,No Special Jurisdiction,32,Culvert,0,The First Harmful Event was Not a Collision with a Motor Vehicle in Transport,0,No,1,Non-Junction,1,Not an Intersection,0,None,,,4,On Roadside,1,Daylight,,,,,1,Clear,0,No,0000000,Not Applicable,99,Unknown,99,Unknown,99,Unknown EMS Scene Arrival Hour,99,Unknown EMS Scene Arrival Minutes,88,"Not Applicable (Not Transported) ",88,Not Applicable (Not Transported),,,,,,,1,
2021,55,550258,Wisconsin,2,2,0,0,0,4,4,79,MILWAUKEE (79),3100,MILWAUKEE,15,15,8,August,2021,1,Sunday,19,7:00pm-7:59pm,12,12,1,This section IS ON the NHS,2,Urban,3,Principal Arterial - Other,1,State Highway Agency,3,State Highway,SR-181 76TH ST N,SILVER SPRING DR W,99998,Not Reported,43.11951111,43.11951111,-88.005877780,-88.005877780,0,No Special Jurisdiction,12,Motor Vehicle In-Transport,6,Angle,0,No,2,Intersection,2,Four-Way Intersection,0,None,,,1,On Roadway,5,Dusk,,,,,1,Clear,0,No,0000000,Not Applicable,99,Unknown,99,Unknown,99,Unknown EMS Scene Arrival Hour,99,Unknown EMS Scene Arrival Minutes,99,Unknown,99,Unknown EMS Hospital Arrival Time,,,,,,,2,
2021,55,550259,Wisconsin,1,1,0,0,0,1,1,33,DUNN (33),3000,MENOMINEE,14,14,8,August,2021,7,Saturday,0,0:00am-0:59am,43,43,0,This section IS NOT on the NHS,2,Urban,3,Principal Arterial - Other,1,State Highway Agency,3,State Highway,SR-29,,99998,Not Reported,44.87486389,44.87486389,-91.935869440,-91.935869440,0,No Special Jurisdiction,24,Guardrail Face,0,The First Harmful Event was Not a Collision with a Motor Vehicle in Transport,0,No,1,Non-Junction,1,Not an Intersection,0,None,,,4,On Roadside,3,Dark - Lighted,,,,,1,Clear,0,No,0000000,Not Applicable,0,0:00am-0:59am,49,49,0,0:00am-0:59am,51,51,88,"Not Applicable (Not Transported) ",88,Not Applicable (Not Transported),,,,,,,1,
2021,55,550260,Wisconsin,2,2,0,0,0,5,5,9,BROWN (9),0,NOT APPLICABLE,28,28,7,July,2021,4,Wednesday,13,1:00pm-1:59pm,45,45,0,This section IS NOT on the NHS,1,Rural,5,Major Collector,2,County Highway Agency,4,County Road,CR-R,PINE GROVE RD,0,None,44.41484167,44.41484167,-87.882961110,-87.882961110,0,No Special Jurisdiction,12,Motor Vehicle In-Transport,2,Front-to-Front,0,No,2,Intersection,2,Four-Way Intersection,0,None,,,1,On Roadway,1,Daylight,,,,,10,Cloudy,0,No,0000000,Not Applicable,13,1:00pm-1:59pm,45,45,13,1:00pm-1:59pm,59,59,14,2:00pm-2:59pm,30,30,,,,,,,1,
2021,55,550261,Wisconsin,1,1,0,0,0,1,1,35,EAU CLAIRE (35),0,NOT APPLICABLE,16,16,8,August,2021,2,Monday,21,9:00pm-9:59pm,55,55,0,This section IS NOT on the NHS,1,Rural,5,Major Collector,2,County Highway Agency,4,County Road,CR-B,,0,None,44.75492500,44.75492500,-91.539058330,-91.539058330,0,No Special Jurisdiction,53,Mail Box,0,The First Harmful Event was Not a Collision with a Motor Vehicle in Transport,0,No,1,Non-Junction,1,Not an Intersection,0,None,,,4,On Roadside,2,Dark - Not Lighted,,,,,1,Clear,0,No,0000000,Not Applicable,21,9:00pm-9:59pm,57,57,22,10:00pm-10:59pm,11,11,88,"Not Applicable (Not Transported) ",88,Not Applicable (Not Transported),,,,,,,1,
2021,55,550262,Wisconsin,1,1,0,0,0,1,1,119,TAYLOR (119),0,NOT APPLICABLE,23,23,8,August,2021,2,Monday,12,12:00pm-12:59pm,30,30,0,This section IS NOT on the NHS,1,Rural,7,Local,3,Town or Township Highway Agency,5,Local Street - Township,PINEWOOD DR,,0,None,45.04595000,45.04595000,-90.910344440,-90.910344440,0,No Special Jurisdiction,42,Tree (Standing Only),0,The First Harmful Event was Not a Collision with a Motor Vehicle in Transport,0,No,1,Non-Junction,1,Not an Intersection,0,None,,,4,On Roadside,1,Daylight,,,,,1,Clear,0,No,0000000,Not Applicable,12,12:00pm-12:59pm,42,42,13,1:00pm-1:59pm,2,2,88,"Not Applicable (Not Transported) ",88,Not Applicable (Not Transported),,,,,,,1,
2021,55,550263,Wisconsin,2,2,0,0,0,2,2,33,DUNN (33),3000,MENOMINEE,15,15,8,August,2021,1,Sunday,17,5:00pm-5:59pm,55,55,1,This section IS ON the NHS,2,Urban,3,Principal Arterial - Other,1,State Highway Agency,2,U.S. Highway,US-12 BROADWAY ST N,WOLSKE BAY RD,99998,Not Reported,44.88639722,44.88639722,-91.928719440,-91.928719440,0,No Special Jurisdiction,12,Motor Vehicle In-Transport,6,Angle,0,No,3,Intersection-Related,2,Four-Way Intersection,0,None,,,1,On Roadway,1,Daylight,,,,,1,Clear,0,No,0000000,Not Applicable,17,5:00pm-5:59pm,56,56,17,5:00pm-5:59pm,59,59,18,6:00pm-6:59pm,18,18,,,,,,,1,
2021,55,550264,Wisconsin,2,2,0,0,0,3,3,95,POLK (95),0,NOT APPLICABLE,22,22,8,August,2021,1,Sunday,16,4:00pm-4:59pm,36,36,1,This section IS ON the NHS,1,Rural,3,Principal Arterial - Other,1,State Highway Agency,2,U.S. Highway,US-8,220TH ST,99998,Not Reported,45.39800556,45.39800556,-92.610980560,-92.610980560,0,No Special Jurisdiction,12,Motor Vehicle In-Transport,6,Angle,0,No,2,Intersection,2,Four-Way Intersection,0,None,,,1,On Roadway,1,Daylight,,,,,1,Clear,0,No,0000000,Not Applicable,16,4:00pm-4:59pm,36,36,99,Unknown EMS Scene Arrival Hour,99,Unknown EMS Scene Arrival Minutes,16,4:00pm-4:59pm,58,58,,,,,,,1,
2021,55,550265,Wisconsin,2,2,0,0,0,2,2,137,WAUSHARA (137),4010,REDGRANITE,4,4,8,August,2021,4,Wednesday,16,4:00pm-4:59pm,18,18,1,This section IS ON the NHS,1,Rural,3,Principal Arterial - Other,1,State Highway Agency,3,State Highway,SR-21 BANNERMAN AVE E,WOOD ST,99998,Not Reported,44.03797500,44.03797500,-89.091786110,-89.091786110,0,No Special Jurisdiction,12,Motor Vehicle In-Transport,6,Angle,0,No,2,Intersection,2,Four-Way Intersection,0,None,,,1,On Roadway,1,Daylight,,,,,1,Clear,0,No,0000000,Not Applicable,99,Unknown,99,Unknown,99,Unknown EMS Scene Arrival Hour,99,Unknown EMS Scene Arrival Minutes,99,Unknown,99,Unknown EMS Hospital Arrival Time,,,,,,,1,
2021,55,550266,Wisconsin,1,1,0,0,0,1,1,83,OCONTO (83),0,NOT APPLICABLE,26,26,8,August,2021,5,Thursday,6,6:00am-6:59am,50,50,0,This section IS NOT on the NHS,1,Rural,4,Minor Arterial,1,State Highway Agency,3,State Highway,SR-32,,99998,Not Reported,45.35691111,45.35691111,-88.603572220,-88.603572220,0,No Special Jurisdiction,1,Rollover/Overturn,0,The First Harmful Event was Not a Collision with a Motor Vehicle in Transport,0,No,1,Non-Junction,1,Not an Intersection,0,None,,,4,On Roadside,9,Reported as Unknown,,,,,1,Clear,0,No,0000000,Not Applicable,6,6:00am-6:59am,50,50,99,Unknown EMS Scene Arrival Hour,99,Unknown EMS Scene Arrival Minutes,88,"Not Applicable (Not Transported) ",88,Not Applicable (Not Transported),,,,,,,1,
2021,55,550267,Wisconsin,2,2,0,0,0,2,2,127,WALWORTH (127),0,NOT APPLICABLE,17,17,7,July,2021,7,Saturday,13,1:00pm-1:59pm,15,15,0,This section IS NOT on the NHS,1,Rural,6,Minor Collector,2,County Highway Agency,4,County Road,CR-M,,0,None,42.65789722,42.65789722,-88.702441670,-88.702441670,0,No Special Jurisdiction,12,Motor Vehicle In-Transport,1,Front-to-Rear,0,No,1,Non-Junction,1,Not an Intersection,0,None,,,1,On Roadway,1,Daylight,,,,,1,Clear,0,No,0000000,Not Applicable,99,Unknown,99,Unknown,99,Unknown EMS Scene Arrival Hour,99,Unknown EMS Scene Arrival Minutes,99,Unknown,99,Unknown EMS Hospital Arrival Time,,,,,,,1,
2021,55,550268,Wisconsin,1,1,0,0,0,1,1,133,WAUKESHA (133),0,NOT APPLICABLE,3,3,8,August,2021,3,Tuesday,10,10:00am-10:59am,8,8,1,This section IS ON the NHS,2,Urban,3,Principal Arterial - Other,2,County Highway Agency,4,County Road,CR-K,,0,None,43.11215000,43.11215000,-88.223105560,-88.223105560,0,No Special Jurisdiction,42,Tree (Standing Only),0,The First Harmful Event was Not a Collision with a Motor Vehicle in Transport,0,No,1,Non-Junction,1,Not an Intersection,0,None,,,4,On Roadside,1,Daylight,,,,,1,Clear,0,No,0000000,Not Applicable,10,10:00am-10:59am,9,9,10,10:00am-10:59am,14,14,11,11:00am-11:59am,0,0,,,,,,,1,