caseyear,state,st_case,statename,ve_total,ve_forms,pvh_invl,peds,pernotmvit,permvit,persons,county,countyname,city,cityname,day,dayname,month,monthname,year,day_week,day_weekname,hour,hourname,minute,minutename,nhs,nhsname,rur_urb,rur_urbname,func_sys,func_sysname,rd_owner,rd_ownername,route,routename,tway_id,tway_id2,milept,mileptname,latitude,latitudename,longitud,longitudname,sp_jur,sp_jurname,harm_ev,harm_evname,man_coll,man_collname,reljct1,reljct1name,reljct2,reljct2name,typ_int,typ_intname,wrk_zone,wrk_zonename,road_fnc,road_fncname,rel_road,rel_roadname,lgt_cond,lgt_condname,weather1,weather1name,weather2,weather2name,weather,weathername,sch_bus,sch_busname,rail,railname,not_hour,not_hourname,not_min,not_minname,arr_hour,arr_hourname,arr_min,arr_minname,hosp_hr,hosp_hrname,hosp_mn,hosp_mnname,cf1,cf1name,cf2,cf2name,cf3,cf3name,fatals,drunk_dr
2021,55,550416,Wisconsin,1,1,0,1,1,1,1,107,RUSK (107),0,NOT APPLICABLE,9,9,10,October,2021,7,Saturday,3,3:00am-3:59am,49,49,0,This section IS NOT on the NHS,1,Rural,4,Minor Arterial,1,State Highway Agency,3,State Highway,SR-40 MAIN ST,,99998,Not Reported,45.44676389,45.44676389,-91.273102780,-91.273102780,0,No Special Jurisdiction,8,Pedestrian,0,The First Harmful Event was Not a Collision with a Motor Vehicle in Transport,0,No,1,Non-Junction,1,Not an Intersection,0,None,,,1,On Roadway,2,Dark - Not Lighted,,,,,5,"Fog, Smog, Smoke",0,No,0000000,Not Applicable,3,3:00am-3:59am,49,49,4,4:00am-4:59am,7,7,88,"Not Applicable (Not Transported) ",88,Not Applicable (Not Transported),,,,,,,1,
2021,55,550417,Wisconsin,1,1,0,0,0,1,1,39,FOND DU LAC (39),0,NOT APPLICABLE,25,25,9,September,2021,7,Saturday,21,9:00pm-9:59pm,45,45,0,This section IS NOT on the NHS,1,Rural,4,Minor Arterial,1,State Highway Agency,2,U.S. Highway,US-45,,99998,Not Reported,43.70460000,43.70460000,-88.363480560,-88.363480560,0,No Special Jurisdiction,59,"Traffic Sign Support ",0,The First Harmful Event was Not a Collision with a Motor Vehicle in Transport,0,No,1,Non-Junction,1,Not an Intersection,0,None,,,4,On Roadside,2,Dark - Not Lighted,,,,,10,Cloudy,0,No,0000000,Not Applicable,21,9:00pm-9:59pm,45,45,21,9:00pm-9:59pm,50,50,99,Unknown,99,Unknown EMS Hospital Arrival Time,,,,,,,1,
2021,55,550418,Wisconsin,1,1,0,0,0,1,1,27,DODGE (27),0,NOT APPLICABLE,17,17,10,October,2021,1,Sunday,5,5:00am-5:59am,17,17,0,This section IS NOT on the NHS,1,Rural,7,Local,3,Town or Township Highway Agency,5,Local Street - Township,CENTER RD,,0,None,43.42234722,43.42234722,-88.861372220,-88.861372220,0,No Special Jurisdiction,1,Rollover/Overturn,0,The First Harmful Event was Not a Collision with a Motor Vehicle in Transport,0,No,1,Non-Junction,1,Not an Intersection,0,None,,,4,On Roadside,2,Dark - Not Lighted,,,,,10,Cloudy,0,No,0000000,Not Applicable,5,5:00am-5:59am,29,29,5,5:00am-5:59am,37,37,88,"Not Applicable (Not Transported) ",88,Not Applicable (Not Transported),,,,,,,1,
2021,55,550419,Wisconsin,1,1,0,0,0,2,2,87,OUTAGAMIE (87),1130,COMBINED LOCKS,4,4,10,October,2021,2,Monday,15,3:00pm-3:59pm,8,8,0,This section IS NOT on the NHS,1,Rural,5,Major Collector,2,County Highway Agency,4,County Road,CR-K  BUCHANAN RD,,0,None,44.26478056,44.26478056,-88.294802780,-88.294802780,0,No Special Jurisdiction,44,"Pavement Surface Irregularity (Ruts, Potholes, Grates, etc.)",0,The First Harmful Event was Not a Collision with a Motor Vehicle in Transport,0,No,1,Non-Junction,1,Not an Intersection,0,None,,,4,On Roadside,1,Daylight,,,,,1,Clear,0,No,0000000,Not Applicable,99,Unknown,99,Unknown,99,Unknown EMS Scene Arrival Hour,99,Unknown EMS Scene Arrival Minutes,99,Unknown,99,Unknown EMS Hospital Arrival Time,,,,,,,2,
2021,55,550420,Wisconsin,2,2,0,0,0,2,2,87,OUTAGAMIE (87),170,APPLETON,17,17,9,September,2021,6,Friday,22,10:00pm-10:59pm,51,51,1,This section IS ON the NHS,2,Urban,3,Principal Arterial - Other,4,City or Municipal Highway Agency,6,Local Street - Municipality,S ONEIDA ST,E CALUMET ST,99998,Not Reported,44.24421111,44.24421111,-88.404155560,-88.404155560,0,No Special Jurisdiction,12,Motor Vehicle In-Transport,1,Front-to-Rear,0,No,2,Intersection,2,Four-Way Intersection,0,None,,,1,On Roadway,3,Dark - Lighted,,,,,1,Clear,0,No,0000000,Not Applicable,99,Unknown,99,Unknown,99,Unknown EMS Scene Arrival Hour,99,Unknown EMS Scene Arrival Minutes,99,Unknown,99,Unknown EMS Hospital Arrival Time,,,,,,,1,
2021,55,550421,Wisconsin,2,2,0,0,0,2,2,65,LAFAYETTE (65),0,NOT APPLICABLE,18,18,9,September,2021,7,Saturday,21,9:00pm-9:59pm,45,45,0,This section IS NOT on the NHS,1,Rural,5,Major Collector,1,State Highway Agency,3,State Highway,SR-81,,99998,Not Reported,42.67678889,42.67678889,-90.059097220,-90.059097220,0,No Special Jurisdiction,12,Motor Vehicle In-Transport,2,Front-to-Front,0,No,1,Non-Junction,1,Not an Intersection,0,None,,,1,On Roadway,2,Dark - Not Lighted,,,,,1,Clear,0,No,0000000,Not Applicable,21,9:00pm-9:59pm,51,51,21,9:00pm-9:59pm,58,58,22,10:00pm-10:59pm,16,16,,,,,,,1,
2021,55,550423,Wisconsin,2,2,0,0,0,3,3,59,KENOSHA (59),3795,PLEASANT PRAIRIE,12,12,10,October,2021,3,Tuesday,19,7:00pm-7:59pm,59,59,1,This section IS ON the NHS,2,Urban,1,Interstate,1,State Highway Agency,1,Interstate,I-41,,99998,Not Reported,42.56073056,42.56073056,-87.952505560,-87.952505560,0,No Special Jurisdiction,12,Motor Vehicle In-Transport,1,Front-to-Rear,0,No,1,Non-Junction,1,Not an Intersection,0,None,,,1,On Roadway,3,Dark - Lighted,,,,,1,Clear,0,No,0000000,Not Applicable,20,8:00pm-8:59pm,1,1,20,8:00pm-8:59pm,99,Unknown EMS Scene Arrival Minutes,99,Unknown,99,Unknown EMS Hospital Arrival Time,,,,,,,2,
2021,55,550424,Wisconsin,4,4,0,0,0,8,8,133,WAUKESHA (133),5060,WAUKESHA,17,17,10,October,2021,1,Sunday,18,6:00pm-6:59pm,10,10,1,This section IS ON the NHS,2,Urban,3,Principal Arterial - Other,1,State Highway Agency,3,State Highway,SR-59,RACINE AVE E,99998,Not Reported,42.99639167,42.99639167,-88.201280560,-88.201280560,0,No Special Jurisdiction,12,Motor Vehicle In-Transport,8,Sideswipe - Opposite Direction,0,No,2,Intersection,2,Four-Way Intersection,0,None,,,1,On Roadway,5,Dusk,,,,,1,Clear,0,No,0000000,Not Applicable,18,6:00pm-6:59pm,12,12,18,6:00pm-6:59pm,15,15,99,Unknown,99,Unknown EMS Hospital Arrival Time,,,,,,,1,
2021,55,550425,Wisconsin,1,1,0,0,0,1,1,69,LINCOLN (69),0,NOT APPLICABLE,30,30,9,September,2021,5,Thursday,7,7:00am-7:59am,24,24,0,This section IS NOT on the NHS,1,Rural,5,Major Collector,1,State Highway Agency,3,State Highway,SR-107,,99998,Not Reported,45.31458333,45.31458333,-89.783222220,-89.783222220,0,No Special Jurisdiction,42,Tree (Standing Only),0,The First Harmful Event was Not a Collision with a Motor Vehicle in Transport,0,No,1,Non-Junction,1,Not an Intersection,0,None,,,4,On Roadside,1,Daylight,,,,,1,Clear,0,No,0000000,Not Applicable,7,7:00am-7:59am,24,24,7,7:00am-7:59am,42,42,88,"Not Applicable (Not Transported) ",88,Not Applicable (Not Transported),,,,,,,1,
2021,55,550426,Wisconsin,1,1,0,1,1,2,2,69,LINCOLN (69),0,NOT APPLICABLE,1,1,10,October,2021,6,Friday,20,8:00pm-8:59pm,2,2,0,This section IS NOT on the NHS,1,Rural,4,Minor Arterial,1,State Highway Agency,3,State Highway,SR-64,,99998,Not Reported,45.17780556,45.17780556,-89.559094440,-89.559094440,0,No Special Jurisdiction,8,Pedestrian,0,The First Harmful Event was Not a Collision with a Motor Vehicle in Transport,0,No,1,Non-Junction,1,Not an Intersection,0,None,,,1,On Roadway,2,Dark - Not Lighted,,,,,1,Clear,0,No,0000000,Not Applicable,20,8:00pm-8:59pm,2,2,20,8:00pm-8:59pm,14,14,88,"Not Applicable (Not Transported) ",88,Not Applicable (Not Transported),,,,,,,1,
2021,55,550427,Wisconsin,3,3,0,0,0,5,5,45,GREEN (45),0,NOT APPLICABLE,9,9,10,October,2021,7,Saturday,6,6:00am-6:59am,56,56,1,This section IS ON the NHS,1,Rural,3,Principal Arterial - Other,1,State Highway Agency,3,State Highway,SR-11,CR-GG,99998,Not Reported,42.59059722,42.59059722,-89.398513890,-89.398513890,0,No Special Jurisdiction,12,Motor Vehicle In-Transport,6,Angle,0,No,2,Intersection,2,Four-Way Intersection,0,None,,,1,On Roadway,4,Dawn,,,,,5,"Fog, Smog, Smoke",0,No,0000000,Not Applicable,7,7:00am-7:59am,0,0,7,7:00am-7:59am,8,8,88,"Not Applicable (Not Transported) ",88,Not Applicable (Not Transported),,,,,,,3,
2021,55,550428,Wisconsin,2,2,0,0,0,3,3,81,MONROE (81),0,NOT APPLICABLE,18,18,10,October,2021,2,Monday,5,5:00am-5:59am,58,58,1,This section IS ON the NHS,1,Rural,3,Principal Arterial - Other,1,State Highway Agency,3,State Highway,SR-21,,99998,Not Reported,44.02960833,44.02960833,-90.452977780,-90.452977780,0,No Special Jurisdiction,12,Motor Vehicle In-Transport,6,Angle,0,No,1,Non-Junction,1,Not an Intersection,0,None,,,1,On Roadway,2,Dark - Not Lighted,,,,,1,Clear,0,No,0000000,Not Applicable,6,6:00am-6:59am,2,2,6,6:00am-6:59am,10,10,6,6:00am-6:59am,50,50,,,,,,,1,
2021,55,550430,Wisconsin,2,2,0,0,0,2,2,79,MILWAUKEE (79),2015,GREENFIELD,16,16,10,October,2021,7,Saturday,23,11:00pm-11:59pm,0,0,1,This section IS ON the NHS,2,Urban,3,Principal Arterial - Other,2,County Highway Agency,4,County Road,CR-U 76TH ST S,,0,None,42.96894167,42.96894167,-88.008016670,-88.008016670,0,No Special Jurisdiction,12,Motor Vehicle In-Transport,6,Angle,0,No,1,Non-Junction,1,Not an Intersection,0,None,,,1,On Roadway,3,Dark - Lighted,,,,,1,Clear,0,No,0000000,Not Applicable,23,11:00pm-11:59pm,1,1,23,11:00pm-11:59pm,3,3,88,"Not Applicable (Not Transported) ",88,Not Applicable (Not Transported),,,,,,,1,
2021,55,550431,Wisconsin,1,1,0,0,0,1,1,71,MANITOWOC (71),0,NOT APPLICABLE,27,27,10,October,2021,4,Wednesday,13,1:00pm-1:59pm,45,45,0,This section IS NOT on the NHS,1,Rural,4,Minor Arterial,1,State Highway Agency,3,State Highway,SR-147,,99998,Not Reported,44.20570833,44.20570833,-87.619111110,-87.619111110,0,No Special Jurisdiction,34,Ditch,0,The First Harmful Event was Not a Collision with a Motor Vehicle in Transport,0,No,1,Non-Junction,1,Not an Intersection,0,None,,,4,On Roadside,1,Daylight,,,,,10,Cloudy,0,No,0000000,Not Applicable,13,1:00pm-1:59pm,48,48,13,1:00pm-1:59pm,52,52,88,"Not Applicable (Not Transported) ",88,Not Applicable (Not Transported),,,,,,,1,
2021,55,550432,Wisconsin,1,1,0,1,1,1,1,25,DANE (25),0,NOT APPLICABLE,12,12,10,October,2021,3,Tuesday,9,9:00am-9:59am,35,35,0,This section IS NOT on the NHS,1,Rural,5,Major Collector,1,State Highway Agency,3,State Highway,SR-69,,99998,Not Reported,42.91937222,42.91937222,-89.517888890,-89.517888890,0,No Special Jurisdiction,18,Other Object (not fixed),0,The First Harmful Event was Not a Collision with a Motor Vehicle in Transport,0,No,1,Non-Junction,1,Not an Intersection,0,None,,,1,On Roadway,1,Daylight,,,,,10,Cloudy,0,No,0000000,Not Applicable,99,Unknown,99,Unknown,99,Unknown EMS Scene Arrival Hour,99,Unknown EMS Scene Arrival Minutes,99,Unknown,99,Unknown EMS Hospital Arrival Time,,,,,,,1,
2021,55,550433,Wisconsin,1,1,0,0,0,2,2,135,WAUPACA (135),0,NOT APPLICABLE,17,17,10,October,2021,1,Sunday,13,1:00pm-1:59pm,8,8,0,This section IS NOT on the NHS,1,Rural,6,Minor Collector,2,County Highway Agency,4,County Road,CR-K,,0,None,44.44614444,44.44614444,-89.008183330,-89.008183330,0,No Special Jurisdiction,42,Tree (Standing Only),0,The First Harmful Event was Not a Collision with a Motor Vehicle in Transport,0,No,1,Non-Junction,1,Not an Intersection,0,None,,,4,On Roadside,1,Daylight,,,,,1,Clear,0,No,0000000,Not Applicable,13,1:00pm-1:59pm,10,10,13,1:00pm-1:59pm,18,18,13,1:00pm-1:59pm,51,51,,,,,,,1,
2021,55,550434,Wisconsin,1,1,0,0,0,1,1,43,GRANT (43),0,NOT APPLICABLE,3,3,10,October,2021,1,Sunday,19,7:00pm-7:59pm,0,0,0,This section IS NOT on the NHS,1,Rural,4,Minor Arterial,1,State Highway Agency,3,State Highway,SR-35,,99998,Not Reported,42.83359722,42.83359722,-90.779819440,-90.779819440,0,No Special Jurisdiction,1,Rollover/Overturn,0,The First Harmful Event was Not a Collision with a Motor Vehicle in Transport,0,No,1,Non-Junction,1,Not an Intersection,0,None,,,4,On Roadside,2,Dark - Not Lighted,,,,,1,Clear,0,No,0000000,Not Applicable,19,7:00pm-7:59pm,6,6,19,7:00pm-7:59pm,14,14,19,7:00pm-7:59pm,27,27,,,,,,,1,
2021,55,550435,Wisconsin,1,1,0,0,0,5,5,111,SAUK (111),0,NOT APPLICABLE,29,29,10,October,2021,6,Friday,10,10:00am-10:59am,35,35,0,This section IS NOT on the NHS,1,Rural,5,Major Collector,2,County Highway Agency,4,County Road,CR-A,,0,None,43.51289722,43.51289722,-89.738605560,-89.738605560,0,No Special Jurisdiction,42,Tree (Standing Only),0,The First Harmful Event was Not a Collision with a Motor Vehicle in Transport,0,No,1,Non-Junction,1,Not an Intersection,0,None,,,4,On Roadside,1,Daylight,,,,,10,Cloudy,0,No,0000000,Not Applicable,10,10:00am-10:59am,38,38,10,10:00am-10:59am,45,45,11,11:00am-11:59am,45,45,,,,,,,3,
2021,55,550436,Wisconsin,1,1,0,0,0,1,1,19,CLARK (19),3290,NEILLSVILLE,31,31,10,October,2021,1,Sunday,9,9:00am-9:59am,55,55,0,This section IS NOT on the NHS,1,Rural,4,Minor Arterial,1,State Highway Agency,3,State Highway,SR-73,,99998,Not Reported,44.56223056,44.56223056,-90.596013890,-90.596013890,0,No Special Jurisdiction,30,Utility Pole/Light Support,0,The First Harmful Event was Not a Collision with a Motor Vehicle in Transport,0,No,1,Non-Junction,1,Not an Intersection,0,None,,,4,On Roadside,1,Daylight,,,,,1,Clear,0,No,0000000,Not Applicable,10,10:00am-10:59am,0,0,10,10:00am-10:59am,12,12,88,"Not Applicable (Not Transported) ",88,Not Applicable (Not Transported),,,,,,,1,
2021,55,550437,Wisconsin,1,1,0,0,0,1,1,113,SAWYER (113),0,NOT APPLICABLE,28,28,10,October,2021,5,Thursday,3,3:00am-3:59am,10,10,0,This section IS NOT on the NHS,1,Rural,5,Major Collector,2,County Highway Agency,4,County Road,CR-NN,,0,None,45.92598889,45.92598889,-91.321541670,-91.321541670,0,No Special Jurisdiction,42,Tree (Standing Only),0,The First Harmful Event was Not a Collision with a Motor Vehicle in Transport,0,No,1,Non-Junction,1,Not an Intersection,0,None,,,4,On Roadside,2,Dark - Not Lighted,,,,,10,Cloudy,0,No,0000000,Not Applicable,3,3:00am-3:59am,59,59,99,Unknown EMS Scene Arrival Hour,97,Officially Cancelled,99,Unknown,97,Officially Canceled,,,,,,,1,
2021,55,550438,Wisconsin,2,1,1,0,1,3,4,73,MARATHON (73),0,NOT APPLICABLE,31,31,10,October,2021,1,Sunday,13,1:00pm-1:59pm,12,12,1,This section IS ON the NHS,1,Rural,1,Interstate,1,State Highway Agency,1,Interstate,I-39,,99998,Not Reported,44.75275556,44.75275556,-89.680261110,-89.680261110,0,No Special Jurisdiction,14,Parked Motor Vehicle,0,The First Harmful Event was Not a Collision with a Motor Vehicle in Transport,0,No,1,Non-Junction,1,Not an Intersection,0,None,,,2,On Shoulder,1,Daylight,,,,,10,Cloudy,0,No,0000000,Not Applicable,13,1:00pm-1:59pm,14,14,13,1:00pm-1:59pm,22,22,88,"Not Applicable (Not Transported) ",88,Not Applicable (Not Transported),,,,,,,1,
2021,55,550439,Wisconsin,1,1,0,1,1,1,1,87,OUTAGAMIE (87),2630,LITTLE CHUTE,18,18,10,October,2021,2,Monday,10,10:00am-10:59am,45,45,1,This section IS ON the NHS,1,Rural,3,Principal Arterial - Other,2,County Highway Agency,4,County Road,CR-OO NORTH AVE,,0,None,44.28660833,44.28660833,-88.311525000,-88.311525000,0,No Special Jurisdiction,9,Pedalcyclist,0,The First Harmful Event was Not a Collision with a Motor Vehicle in Transport,0,No,1,Non-Junction,1,Not an Intersection,0,None,,,1,On Roadway,1,Daylight,,,,,1,Clear,0,No,0000000,Not Applicable,99,Unknown,99,Unknown,99,Unknown EMS Scene Arrival Hour,99,Unknown EMS Scene Arrival Minutes,99,Unknown,99,Unknown EMS Hospital Arrival Time,,,,,,,1,
2021,55,550440,Wisconsin,1,1,0,0,0,4,4,79,MILWAUKEE (79),3100,MILWAUKEE,24,24,9,September,2021,6,Friday,2,2:00am-2:59am,31,31,1,This section IS ON the NHS,2,Urban,3,Principal Arterial - Other,2,County Highway Agency,8,Other,N LINCOLN MEMORIAL DR,,99998,Not Reported,43.06161667,43.06161667,-87.874494440,-87.874494440,0,No Special Jurisdiction,30,Utility Pole/Light Support,0,The First Harmful Event was Not a Collision with a Motor Vehicle in Transport,0,No,1,Non-Junction,1,Not an Intersection,0,None,,,4,On Roadside,3,Dark - Lighted,,,,,1,Clear,0,No,0000000,Not Applicable,2,2:00am-2:59am,27,27,2,2:00am-2:59am,34,34,2,2:00am-2:59am,42,42,,,,,,,1,
2021,55,550441,Wisconsin,1,1,0,1,1,2,2,73,MARATHON (73),4290,SCHOFIELD,27,27,10,October,2021,4,Wednesday,18,6:00pm-6:59pm,4,4,0,This section IS NOT on the NHS,1,Rural,7,Local,4,City or Municipal Highway Agency,6,Local Street - Municipality,DROTT ST,,0,None,44.91639444,44.91639444,-89.608936110,-89.608936110,0,No Special Jurisdiction,8,Pedestrian,0,The First Harmful Event was Not a Collision with a Motor Vehicle in Transport,0,No,1,Non-Junction,1,Not an Intersection,0,None,,,1,On Roadway,3,Dark - Lighted,,,,,1,Clear,0,No,0000000,Not Applicable,18,6:00pm-6:59pm,5,5,18,6:00pm-6:59pm,8,8,99,Unknown,96,Terminated Transport,,,,,,,1,
2021,55,550442,Wisconsin,2,2,0,0,0,2,2,95,POLK (95),0,NOT APPLICABLE,15,15,10,October,2021,6,Friday,7,7:00am-7:59am,0,0,0,This section IS NOT on the NHS,1,Rural,5,Major Collector,2,County Highway Agency,4,County Road,CR-F 75TH ST,,0,None,45.28320000,45.28320000,-92.316811110,-92.316811110,0,No Special Jurisdiction,11,Live Animal,0,The First Harmful Event was Not a Collision with a Motor Vehicle in Transport,0,No,1,Non-Junction,1,Not an Intersection,0,None,,,1,On Roadway,4,Dawn,,,,,1,Clear,0,No,0000000,Not Applicable,7,7:00am-7:59am,0,0,7,7:00am-7:59am,11,11,7,7:00am-7:59am,40,40,,,,,,,1,
2021,55,550443,Wisconsin,2,2,0,0,0,2,2,59,KENOSHA (59),3795,PLEASANT PRAIRIE,28,28,10,October,2021,5,Thursday,16,4:00pm-4:59pm,18,18,1,This section IS ON the NHS,2,Urban,3,Principal Arterial - Other,1,State Highway Agency,3,State Highway,SR-32 SHERIDAN RD,,99998,Not Reported,42.51079444,42.51079444,-87.822908330,-87.822908330,0,No Special Jurisdiction,12,Motor Vehicle In-Transport,2,Front-to-Front,0,No,1,Non-Junction,1,Not an Intersection,0,None,,,1,On Roadway,1,Daylight,,,,,2,Rain,0,No,0000000,Not Applicable,16,4:00pm-4:59pm,20,20,16,4:00pm-4:59pm,26,26,17,5:00pm-5:59pm,9,9,,,,,,,1,
2021,55,550444,Wisconsin,2,2,0,0,0,2,2,5,BARRON (5),0,NOT APPLICABLE,30,30,10,October,2021,7,Saturday,15,3:00pm-3:59pm,36,36,0,This section IS NOT on the NHS,1,Rural,4,Minor Arterial,1,State Highway Agency,3,State Highway,SR-48 24TH AVE,,99998,Not Reported,45.56681389,45.56681389,-92.149122220,-92.149122220,0,No Special Jurisdiction,12,Motor Vehicle In-Transport,2,Front-to-Front,0,No,1,Non-Junction,1,Not an Intersection,0,None,,,1,On Roadway,1,Daylight,,,,,1,Clear,0,No,0000000,Not Applicable,15,3:00pm-3:59pm,39,39,15,3:00pm-3:59pm,44,44,99,Unknown,99,Unknown EMS Hospital Arrival Time,,,,,,,1,
2021,55,550445,Wisconsin,1,1,0,0,0,2,2,27,DODGE (27),0,NOT APPLICABLE,31,31,10,October,2021,1,Sunday,20,8:00pm-8:59pm,38,38,0,This section IS NOT on the NHS,1,Rural,5,Major Collector,2,County Highway Agency,4,County Road,CR-TW,,0,None,43.45065833,43.45065833,-88.596930560,-88.596930560,0,No Special Jurisdiction,30,Utility Pole/Light Support,0,The First Harmful Event was Not a Collision with a Motor Vehicle in Transport,0,No,1,Non-Junction,1,Not an Intersection,0,None,,,4,On Roadside,2,Dark - Not Lighted,,,,,1,Clear,0,No,0000000,Not Applicable,20,8:00pm-8:59pm,39,39,20,8:00pm-8:59pm,45,45,99,Unknown,99,Unknown EMS Hospital Arrival Time,,,,,,,1,
2021,55,550446,Wisconsin,2,2,0,0,0,5,5,97,PORTAGE (97),0,NOT APPLICABLE,30,30,10,October,2021,7,Saturday,12,12:00pm-12:59pm,39,39,0,This section IS NOT on the NHS,1,Rural,5,Major Collector,2,County Highway Agency,4,County Road,CR-J,9TH ST,0,None,44.53916389,44.53916389,-89.446258330,-89.446258330,0,No Special Jurisdiction,12,Motor Vehicle In-Transport,6,Angle,0,No,2,Intersection,2,Four-Way Intersection,0,None,,,1,On Roadway,1,Daylight,,,,,1,Clear,0,No,0000000,Not Applicable,99,Unknown,99,Unknown,99,Unknown EMS Scene Arrival Hour,99,Unknown EMS Scene Arrival Minutes,99,Unknown,99,Unknown EMS Hospital Arrival Time,,,,,,,1,
2021,55,550447,Wisconsin,3,3,0,0,0,3,3,105,ROCK (105),0,NOT APPLICABLE,28,28,10,October,2021,5,Thursday,6,6:00am-6:59am,31,31,1,This section IS ON the NHS,1,Rural,3,Principal Arterial - Other,1,State Highway Agency,2,U.S. Highway,US-14,,99998,Not Reported,42.65475833,42.65475833,-88.875494440,-88.875494440,0,No Special Jurisdiction,12,Motor Vehicle In-Transport,6,Angle,0,No,1,Non-Junction,1,Not an Intersection,0,None,,,1,On Roadway,2,Dark - Not Lighted,,,,,10,Cloudy,0,No,0000000,Not Applicable,6,6:00am-6:59am,31,31,6,6:00am-6:59am,41,41,88,"Not Applicable (Not Transported) ",88,Not Applicable (Not Transported),,,,,,,2,
2021,55,550448,Wisconsin,2,2,0,0,0,2,2,127,WALWORTH (127),0,NOT APPLICABLE,9,9,10,October,2021,7,Saturday,23,11:00pm-11:59pm,32,32,1,This section IS ON the NHS,1,Rural,3,Principal Arterial - Other,1,State Highway Agency,2,U.S. Highway,US-12,,99998,Not Reported,42.79628333,42.79628333,-88.616616670,-88.616616670,0,No Special Jurisdiction,12,Motor Vehicle In-Transport,2,Front-to-Front,0,No,1,Non-Junction,1,Not an Intersection,0,None,,,1,On Roadway,2,Dark - Not Lighted,,,,,10,Cloudy,0,No,0000000,Not Applicable,23,11:00pm-11:59pm,34,34,23,11:00pm-11:59pm,51,51,99,Unknown,99,Unknown EMS Hospital Arrival Time,,,,,,,1,
2021,55,550449,Wisconsin,1,1,0,0,0,1,1,65,LAFAYETTE (65),0,NOT APPLICABLE,23,23,10,October,2021,7,Saturday,16,4:00pm-4:59pm,45,45,0,This section IS NOT on the NHS,1,Rural,5,Major Collector,2,County Highway Agency,4,County Road,CR-O,,0,None,42.55112778,42.55112778,-90.246780560,-90.246780560,0,No Special Jurisdiction,1,Rollover/Overturn,0,The First Harmful Event was Not a Collision with a Motor Vehicle in Transport,0,No,1,Non-Junction,1,Not an Intersection,0,None,,,1,On Roadway,1,Daylight,,,,,1,Clear,0,No,0000000,Not Applicable,16,4:00pm-4:59pm,46,46,16,4:00pm-4:59pm,53,53,99,Unknown,99,Unknown EMS Hospital Arrival Time,,,,,,,1,
2021,55,550450,Wisconsin,2,2,0,0,0,3,3,17,CHIPPEWA (17),0,NOT APPLICABLE,24,24,10,October,2021,1,Sunday,12,12:00pm-12:59pm,0,0,0,This section IS NOT on the NHS,2,Urban,4,Minor Arterial,1,State Highway Agency,3,State Highway,SR-178,,99998,Not Reported,44.98598056,44.98598056,-91.367125000,-91.367125000,0,No Special Jurisdiction,12,Motor Vehicle In-Transport,6,Angle,0,No,1,Non-Junction,1,Not an Intersection,0,None,,,1,On Roadway,1,Daylight,,,,,10,Cloudy,0,No,0000000,Not Applicable,99,Unknown,99,Unknown,99,Unknown EMS Scene Arrival Hour,99,Unknown EMS Scene Arrival Minutes,99,Unknown,99,Unknown EMS Hospital Arrival Time,,,,,,,1,
2021,55,550451,Wisconsin,1,1,0,1,1,1,1,119,TAYLOR (119),0,NOT APPLICABLE,31,31,10,October,2021,1,Sunday,4,4:00am-4:59am,23,23,0,This section IS NOT on the NHS,1,Rural,7,Local,3,Town or Township Highway Agency,5,Local Street - Township,ELM AVE,,0,None,45.04560000,45.04560000,-90.532958330,-90.532958330,0,No Special Jurisdiction,8,Pedestrian,0,The First Harmful Event was Not a Collision with a Motor Vehicle in Transport,0,No,1,Non-Junction,1,Not an Intersection,0,None,,,1,On Roadway,2,Dark - Not Lighted,,,,,1,Clear,0,No,0000000,Not Applicable,6,6:00am-6:59am,8,8,6,6:00am-6:59am,34,34,88,"Not Applicable (Not Transported) ",88,Not Applicable (Not Transported),,,,,,,1,
2021,55,550452,Wisconsin,2,2,0,0,0,3,3,105,ROCK (105),0,NOT APPLICABLE,30,30,10,October,2021,7,Saturday,15,3:00pm-3:59pm,33,33,1,This section IS ON the NHS,1,Rural,3,Principal Arterial - Other,1,State Highway Agency,3,State Highway,SR-26,,99998,Not Reported,42.83785833,42.83785833,-88.922719440,-88.922719440,0,No Special Jurisdiction,12,Motor Vehicle In-Transport,6,Angle,0,No,4,Driveway Access,1,Not an Intersection,0,None,,,1,On Roadway,1,Daylight,,,,,10,Cloudy,0,No,0000000,Not Applicable,15,3:00pm-3:59pm,36,36,15,3:00pm-3:59pm,49,49,88,"Not Applicable (Not Transported) ",88,Not Applicable (Not Transported),,,,,,,1,
2021,55,550453,Wisconsin,1,1,0,0,0,1,1,139,WINNEBAGO (139),0,NOT APPLICABLE,7,7,11,November,2021,1,Sunday,9,9:00am-9:59am,37,37,1,This section IS ON the NHS,1,Rural,3,Principal Arterial - Other,1,State Highway Agency,3,State Highway,SR-21,,99998,Not Reported,44.03299722,44.03299722,-88.627925000,-88.627925000,0,No Special Jurisdiction,1,Rollover/Overturn,0,The First Harmful Event was Not a Collision with a Motor Vehicle in Transport,0,No,1,Non-Junction,1,Not an Intersection,0,None,,,4,On Roadside,1,Daylight,,,,,1,Clear,0,No,0000000,Not Applicable,9,9:00am-9:59am,44,44,9,9:00am-9:59am,44,44,88,"Not Applicable (Not Transported) ",88,Not Applicable (Not Transported),,,,,,,1,
2021,55,550454,Wisconsin,2,2,0,0,0,4,4,79,MILWAUKEE (79),3100,MILWAUKEE,10,10,9,September,2021,6,Friday,17,5:00pm-5:59pm,20,20,0,This section IS NOT on the NHS,2,Urban,4,Minor Arterial,4,City or Municipal Highway Agency,6,Local Street - Municipality,N TEUTONIA AVE,W BOBOLINK AVE,0,None,43.12456389,43.12456389,-87.951450000,-87.951450000,0,No Special Jurisdiction,12,Motor Vehicle In-Transport,6,Angle,0,No,2,Intersection,3,T-Intersection,0,None,,,1,On Roadway,1,Daylight,,,,,1,Clear,0,No,0000000,Not Applicable,16,4:00pm-4:59pm,22,22,16,4:00pm-4:59pm,30,30,16,4:00pm-4:59pm,50,50,,,,,,,1,