caseyear,state,st_case,statename,ve_total,ve_forms,pvh_invl,peds,pernotmvit,permvit,persons,county,countyname,city,cityname,day,dayname,month,monthname,year,day_week,day_weekname,hour,hourname,minute,minutename,nhs,nhsname,rur_urb,rur_urbname,func_sys,func_sysname,rd_owner,rd_ownername,route,routename,tway_id,tway_id2,milept,mileptname,latitude,latitudename,longitud,longitudname,sp_jur,sp_jurname,harm_ev,harm_evname,man_coll,man_collname,reljct1,reljct1name,reljct2,reljct2name,typ_int,typ_intname,wrk_zone,wrk_zonename,road_fnc,road_fncname,rel_road,rel_roadname,lgt_cond,lgt_condname,weather1,weather1name,weather2,weather2name,weather,weathername,sch_bus,sch_busname,rail,railname,not_hour,not_hourname,not_min,not_minname,arr_hour,arr_hourname,arr_min,arr_minname,hosp_hr,hosp_hrname,hosp_mn,hosp_mnname,cf1,cf1name,cf2,cf2name,cf3,cf3name,fatals,drunk_dr
2021,55,550491,Wisconsin,1,1,0,0,0,1,1,71,MANITOWOC (71),0,NOT APPLICABLE,12,12,11,November,2021,6,Friday,23,11:00pm-11:59pm,58,58,1,This section IS ON the NHS,1,Rural,1,Interstate,1,State Highway Agency,1,Interstate,I-43,,99998,Not Reported,44.31536111,44.31536111,-87.794391670,-87.794391670,0,No Special Jurisdiction,1,Rollover/Overturn,0,The First Harmful Event was Not a Collision with a Motor Vehicle in Transport,0,No,1,Non-Junction,1,Not an Intersection,0,None,,,4,On Roadside,2,Dark - Not Lighted,,,,,2,Rain,0,No,0000000,Not Applicable,99,Unknown,99,Unknown,99,Unknown EMS Scene Arrival Hour,99,Unknown EMS Scene Arrival Minutes,99,Unknown,99,Unknown EMS Hospital Arrival Time,,,,,,,1,
2021,55,550492,Wisconsin,2,2,0,0,0,2,2,101,RACINE (101),0,NOT APPLICABLE,3,3,12,December,2021,6,Friday,11,11:00am-11:59am,31,31,1,This section IS ON the NHS,1,Rural,3,Principal Arterial - Other,1,State Highway Agency,3,State Highway,SR-20,BRITTON RD,99998,Not Reported,42.74046389,42.74046389,-88.091116670,-88.091116670,0,No Special Jurisdiction,12,Motor Vehicle In-Transport,6,Angle,0,No,2,Intersection,2,Four-Way Intersection,0,None,,,1,On Roadway,1,Daylight,,,,,10,Cloudy,0,No,0000000,Not Applicable,11,11:00am-11:59am,32,32,11,11:00am-11:59am,39,39,12,12:00pm-12:59pm,6,6,,,,,,,1,
2021,55,550493,Wisconsin,1,1,0,1,1,1,1,35,EAU CLAIRE (35),1470,EAU CLAIRE,11,11,12,December,2021,7,Saturday,17,5:00pm-5:59pm,29,29,1,This section IS ON the NHS,2,Urban,3,Principal Arterial - Other,1,State Highway Agency,2,U.S. Highway,US-12,OTTER RD,99998,Not Reported,44.79509722,44.79509722,-91.458213890,-91.458213890,0,No Special Jurisdiction,8,Pedestrian,0,The First Harmful Event was Not a Collision with a Motor Vehicle in Transport,0,No,3,Intersection-Related,2,Four-Way Intersection,0,None,,,1,On Roadway,3,Dark - Lighted,,,,,10,Cloudy,0,No,0000000,Not Applicable,17,5:00pm-5:59pm,29,29,17,5:00pm-5:59pm,35,35,18,6:00pm-6:59pm,1,1,,,,,,,1,
2021,55,550494,Wisconsin,2,2,0,0,0,3,3,111,SAUK (111),0,NOT APPLICABLE,30,30,11,November,2021,3,Tuesday,9,9:00am-9:59am,55,55,0,This section IS NOT on the NHS,1,Rural,4,Minor Arterial,1,State Highway Agency,3,State Highway,SR-33,,99998,Not Reported,43.61366667,43.61366667,-90.139902780,-90.139902780,0,No Special Jurisdiction,12,Motor Vehicle In-Transport,2,Front-to-Front,0,No,1,Non-Junction,1,Not an Intersection,0,None,,,1,On Roadway,1,Daylight,,,,,1,Clear,0,No,0000000,Not Applicable,99,Unknown,99,Unknown,99,Unknown EMS Scene Arrival Hour,99,Unknown EMS Scene Arrival Minutes,99,Unknown,99,Unknown EMS Hospital Arrival Time,,,,,,,2,
2021,55,550495,Wisconsin,1,1,0,0,0,1,1,87,OUTAGAMIE (87),0,NOT APPLICABLE,4,4,12,December,2021,7,Saturday,0,0:00am-0:59am,51,51,0,This section IS NOT on the NHS,1,Rural,7,Local,3,Town or Township Highway Agency,5,Local Street - Township,LAWN RD,,0,None,44.55139722,44.55139722,-88.368633330,-88.368633330,0,No Special Jurisdiction,32,Culvert,0,The First Harmful Event was Not a Collision with a Motor Vehicle in Transport,0,No,1,Non-Junction,1,Not an Intersection,0,None,,,4,On Roadside,2,Dark - Not Lighted,,,,,1,Clear,0,No,0000000,Not Applicable,0,0:00am-0:59am,52,52,1,1:00am-1:59am,0,0,88,"Not Applicable (Not Transported) ",88,Not Applicable (Not Transported),,,,,,,1,
2021,55,550496,Wisconsin,2,2,0,0,0,6,6,103,RICHLAND (103),0,NOT APPLICABLE,4,4,12,December,2021,7,Saturday,15,3:00pm-3:59pm,25,25,0,This section IS NOT on the NHS,1,Rural,4,Minor Arterial,1,State Highway Agency,3,State Highway,SR-80,SR-56,99998,Not Reported,43.38763333,43.38763333,-90.388950000,-90.388950000,0,No Special Jurisdiction,12,Motor Vehicle In-Transport,6,Angle,0,No,2,Intersection,3,T-Intersection,0,None,,,1,On Roadway,1,Daylight,,,,,1,Clear,0,No,0000000,Not Applicable,15,3:00pm-3:59pm,27,27,15,3:00pm-3:59pm,30,30,15,3:00pm-3:59pm,44,44,,,,,,,1,
2021,55,550497,Wisconsin,3,3,0,1,1,4,4,79,MILWAUKEE (79),3100,MILWAUKEE,26,26,9,September,2021,1,Sunday,20,8:00pm-8:59pm,9,9,0,This section IS NOT on the NHS,2,Urban,4,Minor Arterial,4,City or Municipal Highway Agency,6,Local Street - Municipality,N 60TH ST,,0,None,43.10529444,43.10529444,-87.986411110,-87.986411110,0,No Special Jurisdiction,8,Pedestrian,0,The First Harmful Event was Not a Collision with a Motor Vehicle in Transport,0,No,1,Non-Junction,1,Not an Intersection,0,None,,,3,On Median,3,Dark - Lighted,,,,,1,Clear,0,No,0000000,Not Applicable,99,Unknown,99,Unknown,99,Unknown EMS Scene Arrival Hour,99,Unknown EMS Scene Arrival Minutes,99,Unknown,99,Unknown EMS Hospital Arrival Time,,,,,,,1,
2021,55,550498,Wisconsin,3,2,1,0,0,2,2,79,MILWAUKEE (79),3100,MILWAUKEE,10,10,10,October,2021,1,Sunday,10,10:00am-10:59am,28,28,0,This section IS NOT on the NHS,2,Urban,4,Minor Arterial,4,City or Municipal Highway Agency,6,Local Street - Municipality,27TH ST N,,0,None,43.07656667,43.07656667,-87.947250000,-87.947250000,0,No Special Jurisdiction,12,Motor Vehicle In-Transport,6,Angle,0,No,1,Non-Junction,1,Not an Intersection,0,None,,,1,On Roadway,1,Daylight,,,,,10,Cloudy,0,No,0000000,Not Applicable,10,10:00am-10:59am,35,35,10,10:00am-10:59am,43,43,11,11:00am-11:59am,0,0,,,,,,,1,
2021,55,550499,Wisconsin,1,1,0,1,1,1,1,79,MILWAUKEE (79),3100,MILWAUKEE,21,21,9,September,2021,3,Tuesday,1,1:00am-1:59am,25,25,1,This section IS ON the NHS,2,Urban,3,Principal Arterial - Other,1,State Highway Agency,3,State Highway,SR-145 FOND DU LAC AVE,W LOCUST ST,99998,Not Reported,43.07179444,43.07179444,-87.952997220,-87.952997220,0,No Special Jurisdiction,9,Pedalcyclist,0,The First Harmful Event was Not a Collision with a Motor Vehicle in Transport,0,No,3,Intersection-Related,2,Four-Way Intersection,0,None,,,1,On Roadway,3,Dark - Lighted,,,,,2,Rain,0,No,0000000,Not Applicable,99,Unknown,99,Unknown,99,Unknown EMS Scene Arrival Hour,99,Unknown EMS Scene Arrival Minutes,99,Unknown,99,Unknown EMS Hospital Arrival Time,,,,,,,1,
2021,55,550500,Wisconsin,2,2,0,1,1,2,2,79,MILWAUKEE (79),3100,MILWAUKEE,28,28,10,October,2021,5,Thursday,20,8:00pm-8:59pm,13,13,0,This section IS NOT on the NHS,2,Urban,4,Minor Arterial,4,City or Municipal Highway Agency,6,Local Street - Municipality,27TH ST N,BURLEIGH ST W,0,None,43.07516667,43.07516667,-87.947341670,-87.947341670,0,No Special Jurisdiction,8,Pedestrian,0,The First Harmful Event was Not a Collision with a Motor Vehicle in Transport,0,No,3,Intersection-Related,2,Four-Way Intersection,0,None,,,1,On Roadway,3,Dark - Lighted,,,,,2,Rain,0,No,0000000,Not Applicable,20,8:00pm-8:59pm,15,15,99,Unknown EMS Scene Arrival Hour,99,Unknown EMS Scene Arrival Minutes,88,"Not Applicable (Not Transported) ",88,Not Applicable (Not Transported),,,,,,,1,
2021,55,550501,Wisconsin,1,1,0,0,0,1,1,79,MILWAUKEE (79),3100,MILWAUKEE,7,7,10,October,2021,5,Thursday,21,9:00pm-9:59pm,53,53,1,This section IS ON the NHS,2,Urban,3,Principal Arterial - Other,1,State Highway Agency,3,State Highway,SR-181,,99998,Not Reported,43.14388889,43.14388889,-88.005694440,-88.005694440,0,No Special Jurisdiction,33,Curb,0,The First Harmful Event was Not a Collision with a Motor Vehicle in Transport,0,No,1,Non-Junction,1,Not an Intersection,0,None,,,4,On Roadside,3,Dark - Lighted,,,,,10,Cloudy,0,No,0000000,Not Applicable,21,9:00pm-9:59pm,53,53,22,10:00pm-10:59pm,2,2,22,10:00pm-10:59pm,15,15,,,,,,,1,
2021,55,550502,Wisconsin,2,2,0,0,0,3,3,79,MILWAUKEE (79),3100,MILWAUKEE,31,31,10,October,2021,1,Sunday,1,1:00am-1:59am,49,49,1,This section IS ON the NHS,2,Urban,3,Principal Arterial - Other,1,State Highway Agency,3,State Highway,SR-145 W FOND DU LAC,W ELY PL,99998,Not Reported,43.09448889,43.09448889,-87.981988890,-87.981988890,0,No Special Jurisdiction,12,Motor Vehicle In-Transport,6,Angle,0,No,2,Intersection,2,Four-Way Intersection,0,None,,,1,On Roadway,3,Dark - Lighted,,,,,10,Cloudy,0,No,0000000,Not Applicable,1,1:00am-1:59am,50,50,2,2:00am-2:59am,0,0,2,2:00am-2:59am,24,24,,,,,,,1,
2021,55,550503,Wisconsin,3,1,2,0,0,1,1,79,MILWAUKEE (79),3100,MILWAUKEE,23,23,9,September,2021,5,Thursday,2,2:00am-2:59am,59,59,0,This section IS NOT on the NHS,2,Urban,4,Minor Arterial,4,City or Municipal Highway Agency,6,Local Street - Municipality,N VAN BUREN ST,,99998,Not Reported,43.05174444,43.05174444,-87.903383330,-87.903383330,0,No Special Jurisdiction,14,Parked Motor Vehicle,0,The First Harmful Event was Not a Collision with a Motor Vehicle in Transport,0,No,1,Non-Junction,1,Not an Intersection,0,None,,,1,On Roadway,3,Dark - Lighted,,,,,1,Clear,0,No,0000000,Not Applicable,3,3:00am-3:59am,0,0,3,3:00am-3:59am,0,0,88,"Not Applicable (Not Transported) ",88,Not Applicable (Not Transported),,,,,,,1,
2021,55,550504,Wisconsin,1,1,0,0,0,1,1,79,MILWAUKEE (79),3100,MILWAUKEE,25,25,9,September,2021,7,Saturday,23,11:00pm-11:59pm,14,14,0,This section IS NOT on the NHS,2,Urban,4,Minor Arterial,4,City or Municipal Highway Agency,6,Local Street - Municipality,N 35TH ST,US-18 WISCONSIN AVE,99998,Not Reported,43.03849722,43.03849722,-87.957808330,-87.957808330,0,No Special Jurisdiction,39,Wall,0,The First Harmful Event was Not a Collision with a Motor Vehicle in Transport,0,No,3,Intersection-Related,2,Four-Way Intersection,0,None,,,4,On Roadside,3,Dark - Lighted,,,,,1,Clear,0,No,0000000,Not Applicable,99,Unknown,99,Unknown,99,Unknown EMS Scene Arrival Hour,99,Unknown EMS Scene Arrival Minutes,88,"Not Applicable (Not Transported) ",88,Not Applicable (Not Transported),,,,,,,1,
2021,55,550505,Wisconsin,1,1,0,1,1,1,1,79,MILWAUKEE (79),3100,MILWAUKEE,6,6,10,October,2021,4,Wednesday,1,1:00am-1:59am,15,15,1,This section IS ON the NHS,2,Urban,3,Principal Arterial - Other,1,State Highway Agency,3,State Highway,SR-59 NATIONAL AVE W,21ST ST S,99998,Not Reported,43.02268889,43.02268889,-87.939469440,-87.939469440,0,No Special Jurisdiction,8,Pedestrian,0,The First Harmful Event was Not a Collision with a Motor Vehicle in Transport,0,No,3,Intersection-Related,2,Four-Way Intersection,0,None,,,1,On Roadway,3,Dark - Lighted,,,,,10,Cloudy,0,No,0000000,Not Applicable,1,1:00am-1:59am,16,16,1,1:00am-1:59am,99,Unknown EMS Scene Arrival Minutes,88,"Not Applicable (Not Transported) ",88,Not Applicable (Not Transported),,,,,,,1,
2021,55,550506,Wisconsin,1,1,0,0,0,1,1,79,MILWAUKEE (79),3100,MILWAUKEE,16,16,10,October,2021,7,Saturday,0,0:00am-0:59am,26,26,1,This section IS ON the NHS,2,Urban,3,Principal Arterial - Other,4,City or Municipal Highway Agency,6,Local Street - Municipality,"FOND DU LAC AVE W ",,0,None,43.11836944,43.11836944,-88.012927780,-88.012927780,0,No Special Jurisdiction,33,Curb,0,The First Harmful Event was Not a Collision with a Motor Vehicle in Transport,0,No,1,Non-Junction,1,Not an Intersection,0,None,,,3,On Median,3,Dark - Lighted,,,,,10,Cloudy,0,No,0000000,Not Applicable,0,0:00am-0:59am,27,27,0,0:00am-0:59am,99,Unknown EMS Scene Arrival Minutes,88,"Not Applicable (Not Transported) ",88,Not Applicable (Not Transported),,,,,,,1,
2021,55,550507,Wisconsin,1,1,0,1,1,1,1,79,MILWAUKEE (79),3100,MILWAUKEE,17,17,9,September,2021,6,Friday,21,9:00pm-9:59pm,8,8,0,This section IS NOT on the NHS,2,Urban,4,Minor Arterial,4,City or Municipal Highway Agency,6,Local Street - Municipality,N TEUTONIA AVE,W ROOSEVELT DR,99998,Not Reported,43.09555000,43.09555000,-87.942008330,-87.942008330,0,No Special Jurisdiction,8,Pedestrian,0,The First Harmful Event was Not a Collision with a Motor Vehicle in Transport,0,No,3,Intersection-Related,2,Four-Way Intersection,0,None,,,1,On Roadway,3,Dark - Lighted,,,,,1,Clear,0,No,0000000,Not Applicable,21,9:00pm-9:59pm,1,1,21,9:00pm-9:59pm,0,0,99,Unknown,99,Unknown EMS Hospital Arrival Time,,,,,,,1,
2021,55,550508,Wisconsin,3,2,1,0,1,3,4,79,MILWAUKEE (79),3100,MILWAUKEE,11,11,12,December,2021,7,Saturday,17,5:00pm-5:59pm,22,22,1,This section IS ON the NHS,2,Urban,3,Principal Arterial - Other,4,City or Municipal Highway Agency,6,Local Street - Municipality,W NORTH AVE,N 10TH ST,0,None,43.06045000,43.06045000,-87.924313890,-87.924313890,0,No Special Jurisdiction,14,Parked Motor Vehicle,0,The First Harmful Event was Not a Collision with a Motor Vehicle in Transport,0,No,3,Intersection-Related,2,Four-Way Intersection,0,None,,,7,In Parking Lane/Zone,3,Dark - Lighted,,,,,1,Clear,0,No,0000000,Not Applicable,99,Unknown,99,Unknown,99,Unknown EMS Scene Arrival Hour,99,Unknown EMS Scene Arrival Minutes,99,Unknown,99,Unknown EMS Hospital Arrival Time,,,,,,,1,
2021,55,550509,Wisconsin,2,2,0,0,0,4,4,25,DANE (25),2780,MADISON,14,14,12,December,2021,3,Tuesday,9,9:00am-9:59am,21,21,0,This section IS NOT on the NHS,2,Urban,4,Minor Arterial,4,City or Municipal Highway Agency,6,Local Street - Municipality,COTTAGE GROVE RD,COTTAGE CT,0,None,43.08402500,43.08402500,-89.313341670,-89.313341670,0,No Special Jurisdiction,12,Motor Vehicle In-Transport,6,Angle,0,No,2,Intersection,2,Four-Way Intersection,0,None,,,1,On Roadway,1,Daylight,,,,,10,Cloudy,0,No,0000000,Not Applicable,9,9:00am-9:59am,21,21,9,9:00am-9:59am,21,21,9,9:00am-9:59am,51,51,,,,,,,3,
2021,55,550510,Wisconsin,1,1,0,0,0,1,1,109,ST CROIX (109),0,NOT APPLICABLE,16,16,12,December,2021,5,Thursday,7,7:00am-7:59am,25,25,0,This section IS NOT on the NHS,1,Rural,5,Major Collector,2,County Highway Agency,4,County Road,CR-E,,0,None,45.03551389,45.03551389,-92.640736110,-92.640736110,0,No Special Jurisdiction,48,Snow Bank,0,The First Harmful Event was Not a Collision with a Motor Vehicle in Transport,0,No,1,Non-Junction,1,Not an Intersection,0,None,,,4,On Roadside,1,Daylight,,,,,10,Cloudy,0,No,0000000,Not Applicable,11,11:00am-11:59am,7,7,99,Unknown EMS Scene Arrival Hour,97,Officially Cancelled,99,Unknown,97,Officially Canceled,,,,,,,1,
2021,55,550511,Wisconsin,1,1,0,2,2,1,1,81,MONROE (81),0,NOT APPLICABLE,5,5,12,December,2021,1,Sunday,22,10:00pm-10:59pm,3,3,0,This section IS NOT on the NHS,1,Rural,4,Minor Arterial,1,State Highway Agency,3,State Highway,SR-71,,99998,Not Reported,43.82257222,43.82257222,-90.441536110,-90.441536110,0,No Special Jurisdiction,49,Ridden Animal or Animal Drawn Conveyance,0,The First Harmful Event was Not a Collision with a Motor Vehicle in Transport,0,No,1,Non-Junction,1,Not an Intersection,0,None,,,1,On Roadway,2,Dark - Not Lighted,,,,,4,Snow,0,No,0000000,Not Applicable,22,10:00pm-10:59pm,8,8,22,10:00pm-10:59pm,19,19,23,11:00pm-11:59pm,0,0,,,,,,,1,
2021,55,550512,Wisconsin,1,1,0,0,0,1,1,105,ROCK (105),2320,JANESVILLE,9,9,12,December,2021,5,Thursday,12,12:00pm-12:59pm,53,53,0,This section IS NOT on the NHS,2,Urban,5,Major Collector,4,City or Municipal Highway Agency,6,Local Street - Municipality,PALMER DR,,0,None,42.67739444,42.67739444,-88.986219440,-88.986219440,0,No Special Jurisdiction,42,Tree (Standing Only),0,The First Harmful Event was Not a Collision with a Motor Vehicle in Transport,0,No,1,Non-Junction,1,Not an Intersection,0,None,,,4,On Roadside,1,Daylight,,,,,10,Cloudy,0,No,0000000,Not Applicable,99,Unknown,99,Unknown,99,Unknown EMS Scene Arrival Hour,99,Unknown EMS Scene Arrival Minutes,99,Unknown,99,Unknown EMS Hospital Arrival Time,,,,,,,1,
2021,55,550513,Wisconsin,1,1,0,0,0,1,1,93,PIERCE (93),0,NOT APPLICABLE,18,18,12,December,2021,7,Saturday,16,4:00pm-4:59pm,0,0,0,This section IS NOT on the NHS,1,Rural,4,Minor Arterial,1,State Highway Agency,3,State Highway,SR-35,,99998,Not Reported,44.69826111,44.69826111,-92.644127780,-92.644127780,0,No Special Jurisdiction,42,Tree (Standing Only),0,The First Harmful Event was Not a Collision with a Motor Vehicle in Transport,0,No,1,Non-Junction,1,Not an Intersection,0,None,,,4,On Roadside,1,Daylight,,,,,10,Cloudy,0,No,0000000,Not Applicable,99,Unknown,98,Unknown if Notified,99,Unknown EMS Scene Arrival Hour,98,Unknown if Arrived,88,"Not Applicable (Not Transported) ",88,Not Applicable (Not Transported),,,,,,,1,
2021,55,550514,Wisconsin,2,2,0,0,0,2,2,17,CHIPPEWA (17),0,NOT APPLICABLE,19,19,12,December,2021,1,Sunday,5,5:00am-5:59am,52,52,0,This section IS NOT on the NHS,2,Urban,4,Minor Arterial,2,County Highway Agency,4,County Road,CR-S,,0,None,44.96609167,44.96609167,-91.417430560,-91.417430560,0,No Special Jurisdiction,12,Motor Vehicle In-Transport,2,Front-to-Front,0,No,1,Non-Junction,1,Not an Intersection,0,None,,,1,On Roadway,2,Dark - Not Lighted,,,,,1,Clear,0,No,0000000,Not Applicable,5,5:00am-5:59am,54,54,6,6:00am-6:59am,2,2,99,Unknown,99,Unknown EMS Hospital Arrival Time,,,,,,,1,
2021,55,550515,Wisconsin,2,2,0,0,0,2,2,75,MARINETTE (75),0,NOT APPLICABLE,18,18,12,December,2021,7,Saturday,5,5:00am-5:59am,0,0,1,This section IS ON the NHS,1,Rural,3,Principal Arterial - Other,1,State Highway Agency,2,U.S. Highway,US-41,KASAL RD,99998,Not Reported,45.05070278,45.05070278,-87.799672220,-87.799672220,0,No Special Jurisdiction,12,Motor Vehicle In-Transport,6,Angle,0,No,2,Intersection,2,Four-Way Intersection,0,None,,,1,On Roadway,3,Dark - Lighted,,,,,1,Clear,0,No,0000000,Not Applicable,5,5:00am-5:59am,23,23,5,5:00am-5:59am,23,23,99,Unknown,99,Unknown EMS Hospital Arrival Time,,,,,,,1,
2021,55,550516,Wisconsin,3,3,0,0,0,3,3,75,MARINETTE (75),3870,POUND,15,15,12,December,2021,4,Wednesday,11,11:00am-11:59am,17,17,1,This section IS ON the NHS,1,Rural,3,Principal Arterial - Other,1,State Highway Agency,2,U.S. Highway,US-141,,99998,Not Reported,45.10266111,45.10266111,-88.030133330,-88.030133330,0,No Special Jurisdiction,12,Motor Vehicle In-Transport,1,Front-to-Rear,0,No,1,Non-Junction,1,Not an Intersection,0,None,,,1,On Roadway,1,Daylight,,,,,5,"Fog, Smog, Smoke",0,No,857633J,857633J,11,11:00am-11:59am,15,15,11,11:00am-11:59am,41,41,12,12:00pm-12:59pm,44,44,,,,,,,1,
2021,55,550517,Wisconsin,1,1,0,0,0,1,1,61,KEWAUNEE (61),0,NOT APPLICABLE,24,24,12,December,2021,6,Friday,19,7:00pm-7:59pm,20,20,0,This section IS NOT on the NHS,1,Rural,6,Minor Collector,2,County Highway Agency,4,County Road,CR-V,CR-N,0,None,44.50193056,44.50193056,-87.724688890,-87.724688890,0,No Special Jurisdiction,30,Utility Pole/Light Support,0,The First Harmful Event was Not a Collision with a Motor Vehicle in Transport,0,No,3,Intersection-Related,3,T-Intersection,0,None,,,4,On Roadside,2,Dark - Not Lighted,,,,,5,"Fog, Smog, Smoke",0,No,0000000,Not Applicable,19,7:00pm-7:59pm,22,22,19,7:00pm-7:59pm,31,31,88,"Not Applicable (Not Transported) ",88,Not Applicable (Not Transported),,,,,,,1,
2021,55,550518,Wisconsin,2,2,0,0,0,5,5,33,DUNN (33),0,NOT APPLICABLE,15,15,12,December,2021,4,Wednesday,15,3:00pm-3:59pm,25,25,0,This section IS NOT on the NHS,1,Rural,5,Major Collector,1,State Highway Agency,2,U.S. Highway,US-12,CR-K,99998,Not Reported,44.93805278,44.93805278,-92.014447220,-92.014447220,0,No Special Jurisdiction,12,Motor Vehicle In-Transport,6,Angle,0,No,2,Intersection,2,Four-Way Intersection,0,None,,,1,On Roadway,1,Daylight,,,,,10,Cloudy,0,No,0000000,Not Applicable,15,3:00pm-3:59pm,27,27,15,3:00pm-3:59pm,35,35,16,4:00pm-4:59pm,0,0,,,,,,,1,
2021,55,550519,Wisconsin,2,2,0,0,0,2,2,25,DANE (25),0,NOT APPLICABLE,7,7,12,December,2021,3,Tuesday,6,6:00am-6:59am,45,45,1,This section IS ON the NHS,1,Rural,1,Interstate,1,State Highway Agency,1,Interstate,I-94,,99998,Not Reported,43.11038611,43.11038611,-89.193500000,-89.193500000,0,No Special Jurisdiction,12,Motor Vehicle In-Transport,2,Front-to-Front,0,No,1,Non-Junction,1,Not an Intersection,0,None,,,1,On Roadway,4,Dawn,,,,,10,Cloudy,0,No,0000000,Not Applicable,6,6:00am-6:59am,51,51,6,6:00am-6:59am,57,57,99,Unknown,99,Unknown EMS Hospital Arrival Time,,,,,,,1,
2021,55,550520,Wisconsin,2,2,0,0,0,5,5,13,BURNETT (13),0,NOT APPLICABLE,27,27,12,December,2021,2,Monday,11,11:00am-11:59am,21,21,1,This section IS ON the NHS,1,Rural,3,Principal Arterial - Other,1,State Highway Agency,3,State Highway,SR-70,,99998,Not Reported,45.82666111,45.82666111,-92.278208330,-92.278208330,0,No Special Jurisdiction,12,Motor Vehicle In-Transport,6,Angle,0,No,1,Non-Junction,1,Not an Intersection,0,None,,,1,On Roadway,1,Daylight,,,,,10,Cloudy,0,No,0000000,Not Applicable,11,11:00am-11:59am,22,22,11,11:00am-11:59am,30,30,99,Unknown,99,Unknown EMS Hospital Arrival Time,,,,,,,1,
2021,55,550521,Wisconsin,3,3,0,0,0,9,9,123,VERNON (123),0,NOT APPLICABLE,18,18,12,December,2021,7,Saturday,16,4:00pm-4:59pm,5,5,1,This section IS ON the NHS,1,Rural,3,Principal Arterial - Other,1,State Highway Agency,2,U.S. Highway,US-14,,99998,Not Reported,43.68786944,43.68786944,-90.979913890,-90.979913890,0,No Special Jurisdiction,12,Motor Vehicle In-Transport,2,Front-to-Front,0,No,1,Non-Junction,1,Not an Intersection,0,None,,,1,On Roadway,1,Daylight,,,,,10,Cloudy,0,No,0000000,Not Applicable,16,4:00pm-4:59pm,12,12,16,4:00pm-4:59pm,29,29,18,6:00pm-6:59pm,0,0,,,,,,,1,
2021,55,550522,Wisconsin,1,1,0,1,1,1,1,79,MILWAUKEE (79),3100,MILWAUKEE,3,3,10,October,2021,1,Sunday,20,8:00pm-8:59pm,10,10,0,This section IS NOT on the NHS,2,Urban,4,Minor Arterial,4,City or Municipal Highway Agency,6,Local Street - Municipality,FOND DU LAC AVE W,,0,None,43.13947500,43.13947500,-88.039775000,-88.039775000,0,No Special Jurisdiction,8,Pedestrian,0,The First Harmful Event was Not a Collision with a Motor Vehicle in Transport,0,No,1,Non-Junction,1,Not an Intersection,0,None,,,1,On Roadway,3,Dark - Lighted,,,,,1,Clear,0,No,0000000,Not Applicable,99,Unknown,99,Unknown,99,Unknown EMS Scene Arrival Hour,99,Unknown EMS Scene Arrival Minutes,88,"Not Applicable (Not Transported) ",88,Not Applicable (Not Transported),,,,,,,1,
2021,55,550523,Wisconsin,2,2,0,0,0,3,3,101,RACINE (101),3970,RACINE,28,28,9,September,2021,3,Tuesday,19,7:00pm-7:59pm,47,47,0,This section IS NOT on the NHS,2,Urban,5,Major Collector,4,City or Municipal Highway Agency,6,Local Street - Municipality,YOUT ST,CARTER ST,0,None,42.74578889,42.74578889,-87.795911110,-87.795911110,0,No Special Jurisdiction,12,Motor Vehicle In-Transport,6,Angle,0,No,2,Intersection,2,Four-Way Intersection,0,None,,,1,On Roadway,3,Dark - Lighted,,,,,1,Clear,0,No,0000000,Not Applicable,19,7:00pm-7:59pm,48,48,19,7:00pm-7:59pm,50,50,88,"Not Applicable (Not Transported) ",88,Not Applicable (Not Transported),,,,,,,1,
2021,55,550524,Wisconsin,2,2,0,0,0,3,3,25,DANE (25),2780,MADISON,25,25,12,December,2021,7,Saturday,12,12:00pm-12:59pm,22,22,1,This section IS ON the NHS,2,Urban,3,Principal Arterial - Other,1,State Highway Agency,3,State Highway,SR-113 PACKERS AVE,,99998,Not Reported,43.11731389,43.11731389,-89.355188890,-89.355188890,0,No Special Jurisdiction,12,Motor Vehicle In-Transport,6,Angle,0,No,8,Driveway Access Related,1,Not an Intersection,0,None,,,1,On Roadway,1,Daylight,,,,,1,Clear,0,No,0000000,Not Applicable,12,12:00pm-12:59pm,22,22,12,12:00pm-12:59pm,26,26,12,12:00pm-12:59pm,54,54,,,,,,,1,
2021,55,550525,Wisconsin,1,1,0,0,0,2,2,79,MILWAUKEE (79),3100,MILWAUKEE,16,16,10,October,2021,7,Saturday,21,9:00pm-9:59pm,55,55,1,This section IS ON the NHS,2,Urban,3,Principal Arterial - Other,1,State Highway Agency,3,State Highway,SR-57 GREENBAY AVE N,,99998,Not Reported,43.08920833,43.08920833,-87.923083330,-87.923083330,0,No Special Jurisdiction,33,Curb,0,The First Harmful Event was Not a Collision with a Motor Vehicle in Transport,0,No,1,Non-Junction,1,Not an Intersection,0,None,,,4,On Roadside,3,Dark - Lighted,,,,,1,Clear,0,No,0000000,Not Applicable,21,9:00pm-9:59pm,55,55,22,10:00pm-10:59pm,0,0,88,"Not Applicable (Not Transported) ",88,Not Applicable (Not Transported),,,,,,,1,
2021,55,550526,Wisconsin,1,1,0,0,0,4,4,79,MILWAUKEE (79),3100,MILWAUKEE,12,12,11,November,2021,6,Friday,20,8:00pm-8:59pm,17,17,0,This section IS NOT on the NHS,2,Urban,4,Minor Arterial,4,City or Municipal Highway Agency,6,Local Street - Municipality,W LINCOLN AVE,,0,None,43.00292778,43.00292778,-87.958936110,-87.958936110,0,No Special Jurisdiction,42,Tree (Standing Only),0,The First Harmful Event was Not a Collision with a Motor Vehicle in Transport,0,No,1,Non-Junction,1,Not an Intersection,0,None,,,4,On Roadside,3,Dark - Lighted,,,,,1,Clear,0,No,0000000,Not Applicable,20,8:00pm-8:59pm,17,17,20,8:00pm-8:59pm,22,22,99,Unknown,99,Unknown EMS Hospital Arrival Time,,,,,,,1,