caseyear,state,st_case,statename,ve_total,ve_forms,pvh_invl,peds,pernotmvit,permvit,persons,county,countyname,city,cityname,day,dayname,month,monthname,year,day_week,day_weekname,hour,hourname,minute,minutename,nhs,nhsname,rur_urb,rur_urbname,func_sys,func_sysname,rd_owner,rd_ownername,route,routename,tway_id,tway_id2,milept,mileptname,latitude,latitudename,longitud,longitudname,sp_jur,sp_jurname,harm_ev,harm_evname,man_coll,man_collname,reljct1,reljct1name,reljct2,reljct2name,typ_int,typ_intname,wrk_zone,wrk_zonename,road_fnc,road_fncname,rel_road,rel_roadname,lgt_cond,lgt_condname,weather1,weather1name,weather2,weather2name,weather,weathername,sch_bus,sch_busname,rail,railname,not_hour,not_hourname,not_min,not_minname,arr_hour,arr_hourname,arr_min,arr_minname,hosp_hr,hosp_hrname,hosp_mn,hosp_mnname,cf1,cf1name,cf2,cf2name,cf3,cf3name,fatals,drunk_dr
2021,55,550527,Wisconsin,3,3,0,0,0,4,4,135,WAUPACA (135),0,NOT APPLICABLE,23,23,12,December,2021,5,Thursday,9,9:00am-9:59am,23,23,1,This section IS ON the NHS,1,Rural,3,Principal Arterial - Other,1,State Highway Agency,2,U.S. Highway,US-10,,99998,Not Reported,44.32279167,44.32279167,-88.967394440,-88.967394440,0,No Special Jurisdiction,12,Motor Vehicle In-Transport,2,Front-to-Front,0,No,1,Non-Junction,1,Not an Intersection,0,None,,,1,On Roadway,1,Daylight,,,,,10,Cloudy,0,No,0000000,Not Applicable,99,Unknown,99,Unknown,99,Unknown EMS Scene Arrival Hour,99,Unknown EMS Scene Arrival Minutes,99,Unknown,99,Unknown EMS Hospital Arrival Time,,,,,,,1,
2021,55,550528,Wisconsin,1,1,0,0,0,2,2,45,GREEN (45),0,NOT APPLICABLE,24,24,12,December,2021,6,Friday,99,Unknown Hours,99,Unknown Minutes,0,This section IS NOT on the NHS,1,Rural,5,Major Collector,2,County Highway Agency,4,County Road,CR-EE,,0,None,42.74122500,42.74122500,-89.481080560,-89.481080560,0,No Special Jurisdiction,1,Rollover/Overturn,0,The First Harmful Event was Not a Collision with a Motor Vehicle in Transport,0,No,1,Non-Junction,1,Not an Intersection,0,None,,,4,On Roadside,2,Dark - Not Lighted,,,,,5,"Fog, Smog, Smoke",0,No,0000000,Not Applicable,3,3:00am-3:59am,49,49,4,4:00am-4:59am,3,3,99,Unknown,99,Unknown EMS Hospital Arrival Time,,,,,,,1,
2021,55,550529,Wisconsin,1,1,0,0,0,3,3,53,JACKSON (53),540,BLACK RIVER FALLS,16,16,12,December,2021,5,Thursday,8,8:00am-8:59am,53,53,1,This section IS ON the NHS,1,Rural,1,Interstate,1,State Highway Agency,1,Interstate,I-94 RAMP,,99998,Not Reported,44.30767778,44.30767778,-90.842225000,-90.842225000,0,No Special Jurisdiction,34,Ditch,0,The First Harmful Event was Not a Collision with a Motor Vehicle in Transport,1,Yes,5,Entrance/Exit Ramp Related,1,Not an Intersection,0,None,,,4,On Roadside,9,Reported as Unknown,,,,,99,Reported as Unknown,0,No,0000000,Not Applicable,8,8:00am-8:59am,52,52,8,8:00am-8:59am,57,57,88,"Not Applicable (Not Transported) ",88,Not Applicable (Not Transported),,,,,,,3,
2021,55,550530,Wisconsin,1,1,0,1,1,1,1,27,DODGE (27),380,BEAVER DAM,21,21,12,December,2021,3,Tuesday,5,5:00am-5:59am,55,55,0,This section IS NOT on the NHS,2,Urban,7,Local,4,City or Municipal Highway Agency,6,Local Street - Municipality,CR-E BURNETT ST E,WAYLAND ST,0,None,43.46623056,43.46623056,-88.824650000,-88.824650000,0,No Special Jurisdiction,8,Pedestrian,0,The First Harmful Event was Not a Collision with a Motor Vehicle in Transport,0,No,2,Intersection,2,Four-Way Intersection,0,None,,,1,On Roadway,3,Dark - Lighted,,,,,10,Cloudy,0,No,0000000,Not Applicable,5,5:00am-5:59am,56,56,6,6:00am-6:59am,2,2,99,Unknown,99,Unknown EMS Hospital Arrival Time,,,,,,,1,
2021,55,550531,Wisconsin,1,1,0,0,0,4,4,55,JEFFERSON (55),0,NOT APPLICABLE,31,31,12,December,2021,6,Friday,19,7:00pm-7:59pm,12,12,1,This section IS ON the NHS,2,Urban,1,Interstate,1,State Highway Agency,1,Interstate,I-94,,99998,Not Reported,43.09633056,43.09633056,-88.918033330,-88.918033330,0,No Special Jurisdiction,1,Rollover/Overturn,0,The First Harmful Event was Not a Collision with a Motor Vehicle in Transport,0,No,1,Non-Junction,1,Not an Intersection,0,None,,,3,On Median,2,Dark - Not Lighted,,,,,3,Sleet or Hail,0,No,0000000,Not Applicable,19,7:00pm-7:59pm,20,20,19,7:00pm-7:59pm,28,28,20,8:00pm-8:59pm,28,28,,,,,,,1,
2021,55,550532,Wisconsin,1,1,0,0,0,1,1,95,POLK (95),0,NOT APPLICABLE,5,5,12,December,2021,1,Sunday,16,4:00pm-4:59pm,10,10,0,This section IS NOT on the NHS,1,Rural,7,Local,3,Town or Township Highway Agency,5,Local Street - Township,220TH ST,,0,None,45.22768056,45.22768056,-92.610611110,-92.610611110,0,No Special Jurisdiction,34,Ditch,0,The First Harmful Event was Not a Collision with a Motor Vehicle in Transport,0,No,1,Non-Junction,1,Not an Intersection,0,None,,,4,On Roadside,1,Daylight,,,,,10,Cloudy,0,No,0000000,Not Applicable,16,4:00pm-4:59pm,16,16,16,4:00pm-4:59pm,39,39,88,"Not Applicable (Not Transported) ",88,Not Applicable (Not Transported),,,,,,,1,
2021,55,550533,Wisconsin,1,1,0,0,0,1,1,25,DANE (25),0,NOT APPLICABLE,24,24,8,August,2021,3,Tuesday,99,Unknown Hours,99,Unknown Minutes,0,This section IS NOT on the NHS,1,Rural,7,Local,3,Town or Township Highway Agency,5,Local Street - Township,COLUMBUS ST,,0,None,43.20889444,43.20889444,-89.195972220,-89.195972220,0,No Special Jurisdiction,34,Ditch,0,The First Harmful Event was Not a Collision with a Motor Vehicle in Transport,0,No,1,Non-Junction,1,Not an Intersection,0,None,,,4,On Roadside,9,Reported as Unknown,,,,,99,Reported as Unknown,0,No,0000000,Not Applicable,88,Not Applicable (Not Notified),88,Not Applicable (Not Notified),88,Not Applicable,88,Not Applicable,88,"Not Applicable (Not Transported) ",88,Not Applicable (Not Transported),,,,,,,1,
2021,55,550534,Wisconsin,2,2,0,0,0,3,3,101,RACINE (101),3970,RACINE,5,5,9,September,2021,1,Sunday,19,7:00pm-7:59pm,59,59,0,This section IS NOT on the NHS,2,Urban,4,Minor Arterial,4,City or Municipal Highway Agency,6,Local Street - Municipality,N MAIN ST,KEWAUNEE ST,0,None,42.73934167,42.73934167,-87.784744440,-87.784744440,0,No Special Jurisdiction,12,Motor Vehicle In-Transport,6,Angle,0,No,2,Intersection,2,Four-Way Intersection,0,None,,,1,On Roadway,3,Dark - Lighted,,,,,10,Cloudy,0,No,0000000,Not Applicable,20,8:00pm-8:59pm,1,1,20,8:00pm-8:59pm,7,7,20,8:00pm-8:59pm,29,29,,,,,,,1,
2021,55,550535,Wisconsin,3,3,0,0,0,3,3,95,POLK (95),0,NOT APPLICABLE,8,8,12,December,2021,4,Wednesday,14,2:00pm-2:59pm,13,13,1,This section IS ON the NHS,1,Rural,3,Principal Arterial - Other,1,State Highway Agency,2,U.S. Highway,US-8,,99998,Not Reported,45.39751111,45.39751111,-92.576133330,-92.576133330,0,No Special Jurisdiction,12,Motor Vehicle In-Transport,6,Angle,0,No,1,Non-Junction,1,Not an Intersection,0,None,,,1,On Roadway,1,Daylight,,,,,1,Clear,0,No,0000000,Not Applicable,14,2:00pm-2:59pm,14,14,14,2:00pm-2:59pm,21,21,14,2:00pm-2:59pm,41,41,,,,,,,1,
2021,55,550536,Wisconsin,2,2,0,0,0,3,3,79,MILWAUKEE (79),3100,MILWAUKEE,3,3,11,November,2021,4,Wednesday,13,1:00pm-1:59pm,42,42,0,This section IS NOT on the NHS,2,Urban,5,Major Collector,4,City or Municipal Highway Agency,6,Local Street - Municipality,N 68TH ST,SILVER SPRING DR W,0,None,43.11943056,43.11943056,-87.995919440,-87.995919440,0,No Special Jurisdiction,12,Motor Vehicle In-Transport,6,Angle,0,No,2,Intersection,2,Four-Way Intersection,0,None,,,1,On Roadway,1,Daylight,,,,,10,Cloudy,0,No,0000000,Not Applicable,13,1:00pm-1:59pm,42,42,13,1:00pm-1:59pm,42,42,99,Unknown,99,Unknown EMS Hospital Arrival Time,,,,,,,1,
2021,55,550537,Wisconsin,1,1,0,0,0,3,3,79,MILWAUKEE (79),3100,MILWAUKEE,17,17,12,December,2021,6,Friday,20,8:00pm-8:59pm,38,38,0,This section IS NOT on the NHS,2,Urban,4,Minor Arterial,4,City or Municipal Highway Agency,6,Local Street - Municipality,W BURLEIGH ST,,0,None,43.07529444,43.07529444,-87.996816670,-87.996816670,0,No Special Jurisdiction,19,Building,0,The First Harmful Event was Not a Collision with a Motor Vehicle in Transport,0,No,1,Non-Junction,1,Not an Intersection,0,None,,,4,On Roadside,3,Dark - Lighted,,,,,10,Cloudy,0,No,0000000,Not Applicable,99,Unknown,99,Unknown,99,Unknown EMS Scene Arrival Hour,99,Unknown EMS Scene Arrival Minutes,99,Unknown,99,Unknown EMS Hospital Arrival Time,,,,,,,1,
2021,55,550538,Wisconsin,3,3,0,0,0,3,3,127,WALWORTH (127),0,NOT APPLICABLE,1,1,6,June,2021,3,Tuesday,9,9:00am-9:59am,35,35,1,This section IS ON the NHS,2,Urban,3,Principal Arterial - Other,2,County Highway Agency,4,County Road,CR-ES,MIRAMAR RD,0,None,42.82691667,42.82691667,-88.356755560,-88.356755560,0,No Special Jurisdiction,12,Motor Vehicle In-Transport,6,Angle,0,No,2,Intersection,2,Four-Way Intersection,0,None,,,1,On Roadway,1,Daylight,,,,,1,Clear,0,No,0000000,Not Applicable,99,Unknown,99,Unknown,99,Unknown EMS Scene Arrival Hour,99,Unknown EMS Scene Arrival Minutes,99,Unknown,99,Unknown EMS Hospital Arrival Time,,,,,,,1,
2021,55,550539,Wisconsin,2,1,1,0,1,2,3,39,FOND DU LAC (39),0,NOT APPLICABLE,6,6,11,November,2021,7,Saturday,19,7:00pm-7:59pm,35,35,0,This section IS NOT on the NHS,1,Rural,5,Major Collector,2,County Highway Agency,4,County Road,CR-T,,0,None,43.76290000,43.76290000,-88.523383330,-88.523383330,0,No Special Jurisdiction,14,Parked Motor Vehicle,0,The First Harmful Event was Not a Collision with a Motor Vehicle in Transport,0,No,1,Non-Junction,1,Not an Intersection,0,None,,,2,On Shoulder,3,Dark - Lighted,,,,,1,Clear,0,No,0000000,Not Applicable,19,7:00pm-7:59pm,36,36,19,7:00pm-7:59pm,46,46,23,11:00pm-11:59pm,32,32,,,,,,,1,
2021,55,550540,Wisconsin,2,2,0,0,0,2,2,105,ROCK (105),440,BELOIT,18,18,11,November,2021,5,Thursday,15,3:00pm-3:59pm,13,13,0,This section IS NOT on the NHS,2,Urban,4,Minor Arterial,4,City or Municipal Highway Agency,6,Local Street - Municipality,HENRY AVE,PARK AVE,0,None,42.52266111,42.52266111,-89.027036110,-89.027036110,0,No Special Jurisdiction,12,Motor Vehicle In-Transport,2,Front-to-Front,0,No,3,Intersection-Related,2,Four-Way Intersection,4,"Work Zone, Type Unknown",,,1,On Roadway,1,Daylight,,,,,10,Cloudy,0,No,0000000,Not Applicable,15,3:00pm-3:59pm,13,13,15,3:00pm-3:59pm,19,19,15,3:00pm-3:59pm,43,43,,,,,,,1,
2021,55,550541,Wisconsin,1,1,0,0,0,2,2,79,MILWAUKEE (79),3100,MILWAUKEE,5,5,10,October,2021,3,Tuesday,19,7:00pm-7:59pm,3,3,0,This section IS NOT on the NHS,2,Urban,5,Major Collector,4,City or Municipal Highway Agency,6,Local Street - Municipality,HOLTON ST N,KEEFE AVE E,0,None,43.08210833,43.08210833,-87.904852780,-87.904852780,0,No Special Jurisdiction,30,Utility Pole/Light Support,0,The First Harmful Event was Not a Collision with a Motor Vehicle in Transport,0,No,3,Intersection-Related,2,Four-Way Intersection,0,None,,,4,On Roadside,3,Dark - Lighted,,,,,10,Cloudy,0,No,0000000,Not Applicable,19,7:00pm-7:59pm,5,5,19,7:00pm-7:59pm,12,12,19,7:00pm-7:59pm,30,30,,,,,,,1,
2021,55,550542,Wisconsin,2,1,1,1,1,1,1,79,MILWAUKEE (79),3100,MILWAUKEE,7,7,8,August,2021,7,Saturday,2,2:00am-2:59am,53,53,0,This section IS NOT on the NHS,6,Trafficway Not in State Inventory,96,Trafficway Not in State Inventory,96,Trafficway Not in State Inventory,8,Other,NONE,,99998,Not Reported,43.14397222,43.14397222,-88.005705560,-88.005705560,0,No Special Jurisdiction,14,Parked Motor Vehicle,0,The First Harmful Event was Not a Collision with a Motor Vehicle in Transport,0,No,1,Non-Junction,1,Not an Intersection,0,None,,,7,In Parking Lane/Zone,3,Dark - Lighted,,,,,10,Cloudy,0,No,0000000,Not Applicable,99,Unknown,99,Unknown,99,Unknown EMS Scene Arrival Hour,99,Unknown EMS Scene Arrival Minutes,99,Unknown,99,Unknown EMS Hospital Arrival Time,,,,,,,1,
2021,55,550543,Wisconsin,1,1,0,0,0,1,1,15,CALUMET (15),170,APPLETON,22,22,8,August,2021,1,Sunday,20,8:00pm-8:59pm,4,4,0,This section IS NOT on the NHS,2,Urban,4,Minor Arterial,2,County Highway Agency,4,County Road,CR-AP  MIDWAY RD,LAKE PARK RD S,0,None,44.22878056,44.22878056,-88.363358330,-88.363358330,0,No Special Jurisdiction,33,Curb,0,The First Harmful Event was Not a Collision with a Motor Vehicle in Transport,0,No,3,Intersection-Related,6,Roundabout,0,None,,,12,Pedestrian Refuge Island or Traffic Island,5,Dusk,,,,,1,Clear,0,No,0000000,Not Applicable,99,Unknown,99,Unknown,99,Unknown EMS Scene Arrival Hour,99,Unknown EMS Scene Arrival Minutes,99,Unknown,99,Unknown EMS Hospital Arrival Time,,,,,,,1,
2021,55,550544,Wisconsin,1,1,0,0,0,2,2,79,MILWAUKEE (79),3100,MILWAUKEE,5,5,12,December,2021,1,Sunday,18,6:00pm-6:59pm,33,33,0,This section IS NOT on the NHS,2,Urban,4,Minor Arterial,4,City or Municipal Highway Agency,6,Local Street - Municipality,N TEUTONIA AVE,,0,None,43.11389167,43.11389167,-87.950233330,-87.950233330,0,No Special Jurisdiction,33,Curb,0,The First Harmful Event was Not a Collision with a Motor Vehicle in Transport,0,No,1,Non-Junction,1,Not an Intersection,0,None,,,4,On Roadside,3,Dark - Lighted,,,,,1,Clear,0,No,0000000,Not Applicable,99,Unknown,99,Unknown,99,Unknown EMS Scene Arrival Hour,99,Unknown EMS Scene Arrival Minutes,99,Unknown,99,Unknown EMS Hospital Arrival Time,,,,,,,1,
2021,55,550545,Wisconsin,1,1,0,0,0,1,1,79,MILWAUKEE (79),3100,MILWAUKEE,8,8,8,August,2021,1,Sunday,5,5:00am-5:59am,3,3,0,This section IS NOT on the NHS,2,Urban,4,Minor Arterial,1,State Highway Agency,3,State Highway,SR-38 6TH ST S,HISTORIC MITCHELL ST W,0,None,43.01230556,43.01230556,-87.918280560,-87.918280560,0,No Special Jurisdiction,42,Tree (Standing Only),0,The First Harmful Event was Not a Collision with a Motor Vehicle in Transport,0,No,3,Intersection-Related,2,Four-Way Intersection,0,None,,,3,On Median,3,Dark - Lighted,,,,,10,Cloudy,0,No,0000000,Not Applicable,99,Unknown,99,Unknown,99,Unknown EMS Scene Arrival Hour,99,Unknown EMS Scene Arrival Minutes,88,"Not Applicable (Not Transported) ",88,Not Applicable (Not Transported),,,,,,,1,
2021,55,550546,Wisconsin,2,2,0,0,0,2,2,79,MILWAUKEE (79),5160,WEST ALLIS,6,6,9,September,2021,2,Monday,7,7:00am-7:59am,28,28,0,This section IS NOT on the NHS,2,Urban,4,Minor Arterial,4,City or Municipal Highway Agency,6,Local Street - Municipality,W LINCOLN AVE,S 84TH ST,0,None,43.00274167,43.00274167,-88.017294440,-88.017294440,0,No Special Jurisdiction,12,Motor Vehicle In-Transport,6,Angle,0,No,2,Intersection,2,Four-Way Intersection,4,"Work Zone, Type Unknown",,,1,On Roadway,1,Daylight,,,,,1,Clear,0,No,0000000,Not Applicable,7,7:00am-7:59am,31,31,7,7:00am-7:59am,35,35,7,7:00am-7:59am,50,50,,,,,,,1,
2021,55,550547,Wisconsin,2,2,0,0,0,2,2,73,MARATHON (73),0,NOT APPLICABLE,20,20,9,September,2021,2,Monday,20,8:00pm-8:59pm,16,16,0,This section IS NOT on the NHS,1,Rural,5,Major Collector,2,County Highway Agency,4,County Road,CR-N,CR-B,0,None,44.90158333,44.90158333,-89.828891670,-89.828891670,0,No Special Jurisdiction,12,Motor Vehicle In-Transport,6,Angle,0,No,2,Intersection,3,T-Intersection,0,None,,,1,On Roadway,2,Dark - Not Lighted,,,,,2,Rain,0,No,0000000,Not Applicable,20,8:00pm-8:59pm,19,19,20,8:00pm-8:59pm,29,29,21,9:00pm-9:59pm,11,11,,,,,,,1,
2021,55,550548,Wisconsin,1,1,0,0,0,1,1,19,CLARK (19),0,NOT APPLICABLE,5,5,10,October,2021,3,Tuesday,15,3:00pm-3:59pm,35,35,1,This section IS ON the NHS,1,Rural,3,Principal Arterial - Other,1,State Highway Agency,2,U.S. Highway,US-10 VIETNAM WAR VETERANS MEM," ",99998,Not Reported,44.56333056,44.56333056,-90.456313890,-90.456313890,0,No Special Jurisdiction,1,Rollover/Overturn,0,The First Harmful Event was Not a Collision with a Motor Vehicle in Transport,0,No,1,Non-Junction,1,Not an Intersection,0,None,,,4,On Roadside,1,Daylight,,,,,10,Cloudy,0,No,0000000,Not Applicable,15,3:00pm-3:59pm,35,35,15,3:00pm-3:59pm,49,49,88,"Not Applicable (Not Transported) ",88,Not Applicable (Not Transported),,,,,,,1,
2021,55,550549,Wisconsin,2,2,0,0,0,5,5,139,WINNEBAGO (139),3620,OSHKOSH,9,9,10,October,2021,7,Saturday,19,7:00pm-7:59pm,11,11,1,This section IS ON the NHS,2,Urban,3,Principal Arterial - Other,4,City or Municipal Highway Agency,6,Local Street - Municipality,20TH AVE W,OHIO ST,0,None,43.99590000,43.99590000,-88.552519440,-88.552519440,0,No Special Jurisdiction,12,Motor Vehicle In-Transport,6,Angle,0,No,2,Intersection,3,T-Intersection,0,None,,,1,On Roadway,1,Daylight,,,,,1,Clear,0,No,0000000,Not Applicable,19,7:00pm-7:59pm,11,11,19,7:00pm-7:59pm,14,14,19,7:00pm-7:59pm,45,45,,,,,,,1,
2021,55,550550,Wisconsin,1,1,0,0,0,1,1,105,ROCK (105),0,NOT APPLICABLE,9,9,10,October,2021,7,Saturday,99,Unknown Hours,99,Unknown Minutes,0,This section IS NOT on the NHS,1,Rural,7,Local,3,Town or Township Highway Agency,5,Local Street - Township,PADDOCK RD,,0,None,42.52670000,42.52670000,-89.111122220,-89.111122220,0,No Special Jurisdiction,42,Tree (Standing Only),0,The First Harmful Event was Not a Collision with a Motor Vehicle in Transport,0,No,1,Non-Junction,1,Not an Intersection,0,None,,,4,On Roadside,6,Dark - Unknown Lighting,,,,,99,Reported as Unknown,0,No,0000000,Not Applicable,23,11:00pm-11:59pm,15,15,23,11:00pm-11:59pm,23,23,0,0:00am-0:59am,3,3,,,,,,,1,
2021,55,550551,Wisconsin,2,2,0,0,0,2,2,111,SAUK (111),0,NOT APPLICABLE,12,12,10,October,2021,3,Tuesday,10,10:00am-10:59am,9,9,0,This section IS NOT on the NHS,1,Rural,5,Major Collector,2,County Highway Agency,4,County Road,CR-H,D AND W RD,0,None,43.58740000,43.58740000,-89.953441670,-89.953441670,0,No Special Jurisdiction,12,Motor Vehicle In-Transport,6,Angle,0,No,2,Intersection,3,T-Intersection,0,None,,,1,On Roadway,1,Daylight,,,,,10,Cloudy,0,No,0000000,Not Applicable,10,10:00am-10:59am,20,20,10,10:00am-10:59am,20,20,10,10:00am-10:59am,56,56,,,,,,,1,
2021,55,550552,Wisconsin,2,2,0,0,0,4,4,87,OUTAGAMIE (87),0,NOT APPLICABLE,18,18,10,October,2021,2,Monday,13,1:00pm-1:59pm,3,3,0,This section IS NOT on the NHS,1,Rural,5,Major Collector,2,County Highway Agency,4,County Road,CR-C,CR-S,0,None,44.38647500,44.38647500,-88.334669440,-88.334669440,0,No Special Jurisdiction,12,Motor Vehicle In-Transport,6,Angle,0,No,2,Intersection,2,Four-Way Intersection,0,None,,,1,On Roadway,1,Daylight,,,,,1,Clear,0,No,0000000,Not Applicable,99,Unknown,99,Unknown,99,Unknown EMS Scene Arrival Hour,99,Unknown EMS Scene Arrival Minutes,99,Unknown,99,Unknown EMS Hospital Arrival Time,,,,,,,1,
2021,55,550553,Wisconsin,2,2,0,0,0,4,4,131,WASHINGTON (131),0,NOT APPLICABLE,16,16,10,October,2021,7,Saturday,10,10:00am-10:59am,26,26,0,This section IS NOT on the NHS,1,Rural,7,Local,2,County Highway Agency,4,County Road,CR-Z,PLEASANT VALLEY RD,0,None,43.35325000,43.35325000,-88.221505560,-88.221505560,0,No Special Jurisdiction,12,Motor Vehicle In-Transport,6,Angle,0,No,2,Intersection,2,Four-Way Intersection,0,None,,,1,On Roadway,1,Daylight,,,,,10,Cloudy,0,No,0000000,Not Applicable,10,10:00am-10:59am,27,27,10,10:00am-10:59am,39,39,99,Unknown,99,Unknown EMS Hospital Arrival Time,,,,,,,1,
2021,55,550554,Wisconsin,1,1,0,1,1,1,1,87,OUTAGAMIE (87),0,NOT APPLICABLE,30,30,10,October,2021,7,Saturday,23,11:00pm-11:59pm,30,30,1,This section IS ON the NHS,1,Rural,3,Principal Arterial - Other,2,County Highway Agency,4,County Road,CR-CE COLLEGE AVE E,,0,None,44.25804722,44.25804722,-88.345158330,-88.345158330,0,No Special Jurisdiction,8,Pedestrian,0,The First Harmful Event was Not a Collision with a Motor Vehicle in Transport,0,No,1,Non-Junction,1,Not an Intersection,0,None,,,1,On Roadway,3,Dark - Lighted,,,,,1,Clear,0,No,0000000,Not Applicable,23,11:00pm-11:59pm,35,35,23,11:00pm-11:59pm,99,Unknown EMS Scene Arrival Minutes,23,11:00pm-11:59pm,55,55,,,,,,,1,
2021,55,550555,Wisconsin,1,1,0,0,0,1,1,105,ROCK (105),0,NOT APPLICABLE,10,10,11,November,2021,4,Wednesday,12,12:00pm-12:59pm,20,20,0,This section IS NOT on the NHS,1,Rural,4,Minor Arterial,1,State Highway Agency,3,State Highway,SR-213,,99998,Not Reported,42.58250278,42.58250278,-89.148416670,-89.148416670,0,No Special Jurisdiction,42,Tree (Standing Only),0,The First Harmful Event was Not a Collision with a Motor Vehicle in Transport,0,No,1,Non-Junction,1,Not an Intersection,0,None,,,4,On Roadside,1,Daylight,,,,,10,Cloudy,0,No,0000000,Not Applicable,12,12:00pm-12:59pm,22,22,12,12:00pm-12:59pm,32,32,13,1:00pm-1:59pm,17,17,,,,,,,1,
2021,55,550556,Wisconsin,1,1,0,0,0,2,2,95,POLK (95),0,NOT APPLICABLE,21,21,11,November,2021,1,Sunday,19,7:00pm-7:59pm,15,15,0,This section IS NOT on the NHS,1,Rural,4,Minor Arterial,1,State Highway Agency,3,State Highway,SR-46,,99998,Not Reported,45.27795556,45.27795556,-92.368175000,-92.368175000,0,No Special Jurisdiction,34,Ditch,0,The First Harmful Event was Not a Collision with a Motor Vehicle in Transport,0,No,1,Non-Junction,1,Not an Intersection,0,None,,,4,On Roadside,2,Dark - Not Lighted,,,,,1,Clear,0,No,0000000,Not Applicable,19,7:00pm-7:59pm,15,15,19,7:00pm-7:59pm,22,22,19,7:00pm-7:59pm,53,53,,,,,,,1,
2021,55,550557,Wisconsin,1,1,0,0,0,1,1,31,DOUGLAS (31),0,NOT APPLICABLE,8,8,12,December,2021,4,Wednesday,99,Unknown Hours,99,Unknown Minutes,0,This section IS NOT on the NHS,2,Urban,4,Minor Arterial,1,State Highway Agency,3,State Highway,SR-105,,99998,Not Reported,46.65955278,46.65955278,-92.169908330,-92.169908330,0,No Special Jurisdiction,34,Ditch,0,The First Harmful Event was Not a Collision with a Motor Vehicle in Transport,0,No,1,Non-Junction,1,Not an Intersection,0,None,,,4,On Roadside,9,Reported as Unknown,,,,,99,Reported as Unknown,0,No,0000000,Not Applicable,99,Unknown,98,Unknown if Notified,99,Unknown EMS Scene Arrival Hour,98,Unknown if Arrived,88,"Not Applicable (Not Transported) ",88,Not Applicable (Not Transported),,,,,,,1,
2021,55,550558,Wisconsin,1,1,0,0,0,1,1,79,MILWAUKEE (79),3100,MILWAUKEE,21,21,11,November,2021,1,Sunday,22,10:00pm-10:59pm,2,2,0,This section IS NOT on the NHS,2,Urban,4,Minor Arterial,1,State Highway Agency,3,State Highway,SR-145,,99998,Not Reported,43.14297500,43.14297500,-88.041944440,-88.041944440,0,No Special Jurisdiction,30,Utility Pole/Light Support,0,The First Harmful Event was Not a Collision with a Motor Vehicle in Transport,0,No,5,Entrance/Exit Ramp Related,1,Not an Intersection,0,None,,,4,On Roadside,3,Dark - Lighted,,,,,1,Clear,0,No,0000000,Not Applicable,22,10:00pm-10:59pm,18,18,22,10:00pm-10:59pm,23,23,88,"Not Applicable (Not Transported) ",88,Not Applicable (Not Transported),,,,,,,1,
2021,55,550559,Wisconsin,2,2,0,0,0,2,2,87,OUTAGAMIE (87),0,NOT APPLICABLE,7,7,12,December,2021,3,Tuesday,13,1:00pm-1:59pm,45,45,1,This section IS ON the NHS,1,Rural,3,Principal Arterial - Other,1,State Highway Agency,3,State Highway,SR-47,CR-A,99998,Not Reported,44.41970833,44.41970833,-88.454566670,-88.454566670,0,No Special Jurisdiction,12,Motor Vehicle In-Transport,6,Angle,1,Yes,2,Intersection,4,Y-Intersection,0,None,,,1,On Roadway,1,Daylight,,,,,10,Cloudy,0,No,0000000,Not Applicable,99,Unknown,99,Unknown,99,Unknown EMS Scene Arrival Hour,99,Unknown EMS Scene Arrival Minutes,88,"Not Applicable (Not Transported) ",88,Not Applicable (Not Transported),,,,,,,1,
2021,55,550560,Wisconsin,2,2,0,0,0,2,2,95,POLK (95),0,NOT APPLICABLE,6,6,12,December,2021,2,Monday,16,4:00pm-4:59pm,2,2,0,This section IS NOT on the NHS,1,Rural,5,Major Collector,2,County Highway Agency,4,County Road,CR-K,CR-M,0,None,45.29592222,45.29592222,-92.570738890,-92.570738890,0,No Special Jurisdiction,12,Motor Vehicle In-Transport,6,Angle,0,No,2,Intersection,2,Four-Way Intersection,0,None,,,1,On Roadway,1,Daylight,,,,,1,Clear,0,No,0000000,Not Applicable,16,4:00pm-4:59pm,4,4,16,4:00pm-4:59pm,22,22,88,"Not Applicable (Not Transported) ",88,Not Applicable (Not Transported),,,,,,,1,
2021,55,550561,Wisconsin,2,2,0,0,0,2,2,63,LA CROSSE (63),5230,WEST SALEM,28,28,12,December,2021,3,Tuesday,13,1:00pm-1:59pm,52,52,1,This section IS ON the NHS,2,Urban,1,Interstate,1,State Highway Agency,1,Interstate,I-90,,99998,Not Reported,43.89186667,43.89186667,-91.081533330,-91.081533330,0,No Special Jurisdiction,12,Motor Vehicle In-Transport,1,Front-to-Rear,0,No,1,Non-Junction,1,Not an Intersection,0,None,,,1,On Roadway,1,Daylight,,,,,4,Snow,0,No,0000000,Not Applicable,13,1:00pm-1:59pm,55,55,14,2:00pm-2:59pm,12,12,88,"Not Applicable (Not Transported) ",88,Not Applicable (Not Transported),,,,,,,1,
2021,55,550562,Wisconsin,2,2,0,0,0,2,2,111,SAUK (111),0,NOT APPLICABLE,7,7,12,December,2021,3,Tuesday,20,8:00pm-8:59pm,58,58,1,This section IS ON the NHS,1,Rural,1,Interstate,1,State Highway Agency,1,Interstate,I-90,,99998,Not Reported,43.54920833,43.54920833,-89.672561110,-89.672561110,0,No Special Jurisdiction,12,Motor Vehicle In-Transport,1,Front-to-Rear,0,No,1,Non-Junction,1,Not an Intersection,0,None,,,1,On Roadway,2,Dark - Not Lighted,,,,,10,Cloudy,0,No,0000000,Not Applicable,99,Unknown,99,Unknown,99,Unknown EMS Scene Arrival Hour,99,Unknown EMS Scene Arrival Minutes,99,Unknown,99,Unknown EMS Hospital Arrival Time,,,,,,,1,