caseyear,state,st_case,statename,ve_total,ve_forms,pvh_invl,peds,pernotmvit,permvit,persons,county,countyname,city,cityname,day,dayname,month,monthname,year,day_week,day_weekname,hour,hourname,minute,minutename,nhs,nhsname,rur_urb,rur_urbname,func_sys,func_sysname,rd_owner,rd_ownername,route,routename,tway_id,tway_id2,milept,mileptname,latitude,latitudename,longitud,longitudname,sp_jur,sp_jurname,harm_ev,harm_evname,man_coll,man_collname,reljct1,reljct1name,reljct2,reljct2name,typ_int,typ_intname,wrk_zone,wrk_zonename,road_fnc,road_fncname,rel_road,rel_roadname,lgt_cond,lgt_condname,weather1,weather1name,weather2,weather2name,weather,weathername,sch_bus,sch_busname,rail,railname,not_hour,not_hourname,not_min,not_minname,arr_hour,arr_hourname,arr_min,arr_minname,hosp_hr,hosp_hrname,hosp_mn,hosp_mnname,cf1,cf1name,cf2,cf2name,cf3,cf3name,fatals,drunk_dr
2022,55,550003,Wisconsin,1,1,0,1,1,1,1,79,MILWAUKEE (79),5160,WEST ALLIS,11,11,1,January,2022,3,Tuesday,6,6:00am-6:59am,24,24,1,This section IS ON the NHS,2,Urban,3,Principal Arterial - Other,1,State Highway Agency,3,State Highway,SR-100,,99998,Not Reported,42.98533889,42.98533889,-88.047105560,-88.04710556,0,No Special Jurisdiction,8,Pedestrian,0,The First Harmful Event was Not a Collision with a Motor Vehicle in Transport,0,No,1,Non-Junction,1,Not an Intersection,0,None,,,1,On Roadway,3,Dark - Lighted,,,,,1,Clear,0,No,0000000,Not Applicable,6,6:00am-6:59am,24,24,6,6:00am-6:59am,30,30,88,"Not Applicable (Not Transported) ",88,Not Applicable (Not Transported),,,,,,,1,
2022,55,550004,Wisconsin,2,2,0,0,0,2,2,109,ST CROIX (109),0,NOT APPLICABLE,13,13,1,January,2022,5,Thursday,0,0:00am-0:59am,16,16,0,This section IS NOT on the NHS,1,Rural,4,Minor Arterial,1,State Highway Agency,3,State Highway,SR-35,,99998,Not Reported,45.04261111,45.04261111,-92.759977780,-92.75997778,0,No Special Jurisdiction,12,Motor Vehicle In-Transport,6,Angle,0,No,1,Non-Junction,1,Not an Intersection,0,None,,,1,On Roadway,2,Dark - Not Lighted,,,,,1,Clear,0,No,0000000,Not Applicable,0,0:00am-0:59am,16,16,0,0:00am-0:59am,24,24,1,1:00am-1:59am,40,40,,,,,,,1,
2022,55,550005,Wisconsin,1,1,0,0,0,1,1,43,GRANT (43),0,NOT APPLICABLE,16,16,1,January,2022,1,Sunday,1,1:00am-1:59am,12,12,1,This section IS ON the NHS,1,Rural,3,Principal Arterial - Other,1,State Highway Agency,2,U.S. Highway,US-151,,99998,Not Reported,42.66924167,42.66924167,-90.550563890,-90.55056389,0,No Special Jurisdiction,35,Embankment,0,The First Harmful Event was Not a Collision with a Motor Vehicle in Transport,0,No,1,Non-Junction,1,Not an Intersection,0,None,,,4,On Roadside,2,Dark - Not Lighted,,,,,10,Cloudy,0,No,0000000,Not Applicable,1,1:00am-1:59am,23,23,1,1:00am-1:59am,33,33,2,2:00am-2:59am,15,15,,,,,,,1,
2022,55,550006,Wisconsin,1,1,0,1,1,2,2,55,JEFFERSON (55),5050,WATERTOWN,15,15,1,January,2022,7,Saturday,1,1:00am-1:59am,17,17,0,This section IS NOT on the NHS,2,Urban,5,Major Collector,4,City or Municipal Highway Agency,6,Local Street - Municipality,FIRST ST S,,0,None,43.19397500,43.19397500,-88.724188890,-88.72418889,0,No Special Jurisdiction,8,Pedestrian,0,The First Harmful Event was Not a Collision with a Motor Vehicle in Transport,0,No,1,Non-Junction,1,Not an Intersection,0,None,,,1,On Roadway,3,Dark - Lighted,,,,,1,Clear,0,No,0000000,Not Applicable,1,1:00am-1:59am,17,17,1,1:00am-1:59am,20,20,99,Unknown,99,Unknown EMS Hospital Arrival Time,,,,,,,1,
2022,55,550007,Wisconsin,1,1,0,0,0,2,2,71,MANITOWOC (71),0,NOT APPLICABLE,5,5,1,January,2022,4,Wednesday,16,4:00pm-4:59pm,15,15,1,This section IS ON the NHS,1,Rural,1,Interstate,1,State Highway Agency,1,Interstate,I-43,,99998,Not Reported,44.21706667,44.21706667,-87.755527780,-87.75552778,0,No Special Jurisdiction,57,Cable Barrier,0,The First Harmful Event was Not a Collision with a Motor Vehicle in Transport,0,No,1,Non-Junction,1,Not an Intersection,0,None,,,3,On Median,1,Daylight,,,,,4,Snow,0,No,0000000,Not Applicable,99,Unknown,99,Unknown,99,Unknown EMS Scene Arrival Hour,99,Unknown EMS Scene Arrival Minutes,99,Unknown,99,Unknown EMS Hospital Arrival Time,,,,,,,1,
2022,55,550008,Wisconsin,2,2,0,0,0,2,2,131,WASHINGTON (131),2310,JACKSON,7,7,1,January,2022,6,Friday,19,7:00pm-7:59pm,54,54,1,This section IS ON the NHS,2,Urban,2,Principal Arterial - Other Freeways and Expressways,1,State Highway Agency,2,U.S. Highway,US-45,,99998,Not Reported,43.32168611,43.32168611,-88.185561110,-88.18556111,0,No Special Jurisdiction,12,Motor Vehicle In-Transport,1,Front-to-Rear,0,No,1,Non-Junction,1,Not an Intersection,0,None,,,1,On Roadway,2,Dark - Not Lighted,,,,,1,Clear,0,No,0000000,Not Applicable,19,7:00pm-7:59pm,54,54,99,Unknown EMS Scene Arrival Hour,99,Unknown EMS Scene Arrival Minutes,88,"Not Applicable (Not Transported) ",88,Not Applicable (Not Transported),,,,,,,1,
2022,55,550009,Wisconsin,2,2,0,0,0,2,2,79,MILWAUKEE (79),3475,SOUTH MILWAUKEE,19,19,1,January,2022,4,Wednesday,11,11:00am-11:59am,53,53,1,This section IS ON the NHS,2,Urban,3,Principal Arterial - Other,1,State Highway Agency,3,State Highway,SR-241,,99998,Not Reported,42.92693611,42.92693611,-87.949413890,-87.94941389,0,No Special Jurisdiction,12,Motor Vehicle In-Transport,6,Angle,0,No,8,Driveway Access Related,1,Not an Intersection,0,None,,,1,On Roadway,1,Daylight,,,,,1,Clear,0,No,0000000,Not Applicable,11,11:00am-11:59am,54,54,11,11:00am-11:59am,59,59,12,12:00pm-12:59pm,24,24,,,,,,,1,
2022,55,550010,Wisconsin,2,2,0,0,0,3,3,49,IOWA (49),0,NOT APPLICABLE,6,6,1,January,2022,5,Thursday,0,0:00am-0:59am,10,10,1,This section IS ON the NHS,1,Rural,3,Principal Arterial - Other,1,State Highway Agency,2,U.S. Highway,US-151,,99998,Not Reported,42.88218889,42.88218889,-90.177975000,-90.17797500,0,No Special Jurisdiction,12,Motor Vehicle In-Transport,7,Sideswipe - Same Direction,0,No,7,"Crossover-Related ",1,Not an Intersection,0,None,,,1,On Roadway,2,Dark - Not Lighted,,,,,1,Clear,0,No,0000000,Not Applicable,99,Unknown,99,Unknown,99,Unknown EMS Scene Arrival Hour,99,Unknown EMS Scene Arrival Minutes,88,"Not Applicable (Not Transported) ",88,Not Applicable (Not Transported),,,,,,,2,
2022,55,550011,Wisconsin,1,1,0,0,0,2,2,59,KENOSHA (59),9997,Other,21,21,1,January,2022,6,Friday,5,5:00am-5:59am,56,56,1,This section IS ON the NHS,2,Urban,3,Principal Arterial - Other,1,State Highway Agency,3,State Highway,SR-32,,99998,Not Reported,42.63188611,42.63188611,-87.820602780,-87.82060278,0,No Special Jurisdiction,59,"Traffic Sign Support ",0,The First Harmful Event was Not a Collision with a Motor Vehicle in Transport,0,No,1,Non-Junction,1,Not an Intersection,0,None,,,4,On Roadside,2,Dark - Not Lighted,,,,,1,Clear,0,No,0000000,Not Applicable,5,5:00am-5:59am,58,58,6,6:00am-6:59am,3,3,6,6:00am-6:59am,15,15,,,,,,,1,
2022,55,550012,Wisconsin,1,1,0,0,0,1,1,59,KENOSHA (59),685,BRISTOL,16,16,1,January,2022,1,Sunday,0,0:00am-0:59am,55,55,0,This section IS NOT on the NHS,1,Rural,5,Major Collector,2,County Highway Agency,4,County Road,CR-WG,,0,None,42.49495278,42.49495278,-87.976275000,-87.97627500,0,No Special Jurisdiction,30,Utility Pole/Light Support,0,The First Harmful Event was Not a Collision with a Motor Vehicle in Transport,0,No,1,Non-Junction,1,Not an Intersection,0,None,,,4,On Roadside,2,Dark - Not Lighted,,,,,10,Cloudy,0,No,0000000,Not Applicable,99,Unknown,99,Unknown,99,Unknown EMS Scene Arrival Hour,99,Unknown EMS Scene Arrival Minutes,88,"Not Applicable (Not Transported) ",88,Not Applicable (Not Transported),,,,,,,1,
2022,55,550014,Wisconsin,3,3,0,0,0,4,4,21,COLUMBIA (21),0,NOT APPLICABLE,19,19,1,January,2022,4,Wednesday,12,12:00pm-12:59pm,11,11,0,This section IS NOT on the NHS,1,Rural,4,Minor Arterial,1,State Highway Agency,3,State Highway,SR-33,,99998,Not Reported,43.51796389,43.51796389,-89.516925000,-89.51692500,0,No Special Jurisdiction,12,Motor Vehicle In-Transport,8,Sideswipe - Opposite Direction,0,No,1,Non-Junction,1,Not an Intersection,0,None,,,1,On Roadway,1,Daylight,,,,,1,Clear,0,No,0000000,Not Applicable,99,Unknown,99,Unknown,99,Unknown EMS Scene Arrival Hour,99,Unknown EMS Scene Arrival Minutes,88,"Not Applicable (Not Transported) ",88,Not Applicable (Not Transported),,,,,,,2,
2022,55,550015,Wisconsin,1,1,0,0,0,1,1,25,DANE (25),2780,MADISON,21,21,1,January,2022,6,Friday,1,1:00am-1:59am,2,2,1,This section IS ON the NHS,2,Urban,3,Principal Arterial - Other,1,State Highway Agency,3,State Highway,SR-113,,99998,Not Reported,43.13782500,43.13782500,-89.382125000,-89.38212500,8,Other,53,Mail Box,0,The First Harmful Event was Not a Collision with a Motor Vehicle in Transport,0,No,8,Driveway Access Related,1,Not an Intersection,0,None,,,4,On Roadside,3,Dark - Lighted,,,,,1,Clear,0,No,0000000,Not Applicable,1,1:00am-1:59am,3,3,1,1:00am-1:59am,7,7,2,2:00am-2:59am,3,3,,,,,,,1,
2022,55,550016,Wisconsin,2,2,0,0,0,4,4,25,DANE (25),2780,MADISON,15,15,1,January,2022,7,Saturday,19,7:00pm-7:59pm,57,57,0,This section IS NOT on the NHS,2,Urban,4,Minor Arterial,4,City or Municipal Highway Agency,6,Local Street - Municipality,SCHROEDER RD,ELLIS POTTER CT,0,None,43.04631944,43.04631944,-89.486650000,-89.48665000,0,No Special Jurisdiction,12,Motor Vehicle In-Transport,6,Angle,1,Yes,2,Intersection,3,T-Intersection,0,None,,,1,On Roadway,3,Dark - Lighted,,,,,1,Clear,0,No,0000000,Not Applicable,19,7:00pm-7:59pm,58,58,20,8:00pm-8:59pm,7,7,20,8:00pm-8:59pm,23,23,,,,,,,1,
2022,55,550017,Wisconsin,2,2,0,0,0,2,2,101,RACINE (101),0,NOT APPLICABLE,16,16,1,January,2022,1,Sunday,15,3:00pm-3:59pm,52,52,0,This section IS NOT on the NHS,1,Rural,5,Major Collector,1,State Highway Agency,3,State Highway,SR-75,CR-A,99998,Not Reported,42.72748889,42.72748889,-88.110822220,-88.11082222,0,No Special Jurisdiction,12,Motor Vehicle In-Transport,6,Angle,0,No,2,Intersection,2,Four-Way Intersection,0,None,,,1,On Roadway,1,Daylight,,,,,10,Cloudy,0,No,0000000,Not Applicable,99,Unknown,99,Unknown,99,Unknown EMS Scene Arrival Hour,99,Unknown EMS Scene Arrival Minutes,99,Unknown,99,Unknown EMS Hospital Arrival Time,,,,,,,1,
2022,55,550018,Wisconsin,3,3,0,0,0,6,6,25,DANE (25),0,NOT APPLICABLE,6,6,1,January,2022,5,Thursday,22,10:00pm-10:59pm,11,11,1,This section IS ON the NHS,1,Rural,1,Interstate,1,State Highway Agency,1,Interstate,I-39,,99998,Not Reported,43.27869722,43.27869722,-89.401600000,-89.40160000,0,No Special Jurisdiction,12,Motor Vehicle In-Transport,6,Angle,0,No,1,Non-Junction,1,Not an Intersection,0,None,,,1,On Roadway,2,Dark - Not Lighted,,,,,10,Cloudy,0,No,0000000,Not Applicable,22,10:00pm-10:59pm,17,17,22,10:00pm-10:59pm,27,27,88,"Not Applicable (Not Transported) ",88,Not Applicable (Not Transported),,,,,,,4,
2022,55,550019,Wisconsin,2,2,0,0,0,2,2,113,SAWYER (113),0,NOT APPLICABLE,24,24,1,January,2022,2,Monday,5,5:00am-5:59am,20,20,0,This section IS NOT on the NHS,1,Rural,4,Minor Arterial,1,State Highway Agency,3,State Highway,SR-70,,99998,Not Reported,45.88421667,45.88421667,-90.760325000,-90.76032500,0,No Special Jurisdiction,12,Motor Vehicle In-Transport,2,Front-to-Front,0,No,1,Non-Junction,1,Not an Intersection,0,None,,,1,On Roadway,2,Dark - Not Lighted,,,,,4,Snow,0,No,0000000,Not Applicable,5,5:00am-5:59am,26,26,5,5:00am-5:59am,48,48,88,"Not Applicable (Not Transported) ",88,Not Applicable (Not Transported),,,,,,,1,
2022,55,550020,Wisconsin,2,2,0,0,0,4,4,133,WAUKESHA (133),9997,Other,29,29,1,January,2022,7,Saturday,15,3:00pm-3:59pm,22,22,1,This section IS ON the NHS,2,Urban,3,Principal Arterial - Other,1,State Highway Agency,3,State Highway,SR-164,GLENDALE RD,99998,Not Reported,42.94850833,42.94850833,-88.228283330,-88.22828333,0,No Special Jurisdiction,12,Motor Vehicle In-Transport,6,Angle,1,Yes,2,Intersection,2,Four-Way Intersection,0,None,,,1,On Roadway,1,Daylight,,,,,10,Cloudy,0,No,0000000,Not Applicable,15,3:00pm-3:59pm,22,22,15,3:00pm-3:59pm,22,22,99,Unknown,99,Unknown EMS Hospital Arrival Time,,,,,,,1,
2022,55,550022,Wisconsin,1,1,0,0,0,1,1,39,FOND DU LAC (39),0,NOT APPLICABLE,14,14,1,January,2022,6,Friday,18,6:00pm-6:59pm,18,18,0,This section IS NOT on the NHS,1,Rural,4,Minor Arterial,1,State Highway Agency,2,U.S. Highway,US-45,,99998,Not Reported,43.65939167,43.65939167,-88.260383330,-88.26038333,0,No Special Jurisdiction,31,"Post, Pole or Other Supports",0,The First Harmful Event was Not a Collision with a Motor Vehicle in Transport,0,No,1,Non-Junction,1,Not an Intersection,0,None,,,4,On Roadside,2,Dark - Not Lighted,,,,,10,Cloudy,0,No,0000000,Not Applicable,18,6:00pm-6:59pm,19,19,18,6:00pm-6:59pm,29,29,88,"Not Applicable (Not Transported) ",88,Not Applicable (Not Transported),,,,,,,1,
2022,55,550023,Wisconsin,2,2,0,0,0,3,3,71,MANITOWOC (71),0,NOT APPLICABLE,28,28,1,January,2022,6,Friday,9,9:00am-9:59am,48,48,0,This section IS NOT on the NHS,1,Rural,4,Minor Arterial,1,State Highway Agency,3,State Highway,SR-57,SR-32,99998,Not Reported,43.89356111,43.89356111,-87.954663890,-87.95466389,0,No Special Jurisdiction,12,Motor Vehicle In-Transport,6,Angle,1,Yes,2,Intersection,2,Four-Way Intersection,0,None,,,1,On Roadway,1,Daylight,,,,,1,Clear,0,No,0000000,Not Applicable,9,9:00am-9:59am,48,48,9,9:00am-9:59am,59,59,10,10:00am-10:59am,50,50,,,,,,,1,
2022,55,550024,Wisconsin,2,2,0,0,0,5,5,41,FOREST (41),0,NOT APPLICABLE,29,29,1,January,2022,7,Saturday,17,5:00pm-5:59pm,50,50,0,This section IS NOT on the NHS,1,Rural,7,Local,3,Town or Township Highway Agency,5,Local Street - Township,WOODLAWN RD,JONES LN,99998,Not Reported,45.41363056,45.41363056,-88.822736110,-88.82273611,0,No Special Jurisdiction,12,Motor Vehicle In-Transport,6,Angle,0,No,2,Intersection,2,Four-Way Intersection,0,None,,,1,On Roadway,2,Dark - Not Lighted,,,,,1,Clear,0,No,0000000,Not Applicable,17,5:00pm-5:59pm,50,50,18,6:00pm-6:59pm,10,10,99,Unknown,99,Unknown EMS Hospital Arrival Time,,,,,,,1,
2022,55,550025,Wisconsin,2,2,0,0,0,2,2,101,RACINE (101),795,CALEDONIA,26,26,1,January,2022,4,Wednesday,4,4:00am-4:59am,49,49,0,This section IS NOT on the NHS,2,Urban,5,Major Collector,4,City or Municipal Highway Agency,7,Local Street - Frontage Road,E FRONTAGE RD,,99998,Not Reported,42.82669444,42.82669444,-87.951736110,-87.95173611,0,No Special Jurisdiction,12,Motor Vehicle In-Transport,6,Angle,0,No,1,Non-Junction,1,Not an Intersection,0,None,,,1,On Roadway,2,Dark - Not Lighted,,,,,1,Clear,0,No,0000000,Not Applicable,4,4:00am-4:59am,49,49,4,4:00am-4:59am,51,51,99,Unknown,99,Unknown EMS Hospital Arrival Time,,,,,,,1,
2022,55,550026,Wisconsin,2,2,0,0,0,2,2,1,ADAMS (1),0,NOT APPLICABLE,1,1,2,February,2022,3,Tuesday,8,8:00am-8:59am,32,32,0,This section IS NOT on the NHS,1,Rural,5,Major Collector,2,County Highway Agency,4,County Road,CR-E,CR-G,0,None,43.87616667,43.87616667,-89.637380560,-89.63738056,0,No Special Jurisdiction,12,Motor Vehicle In-Transport,6,Angle,0,No,2,Intersection,2,Four-Way Intersection,0,None,,,1,On Roadway,1,Daylight,,,,,10,Cloudy,0,No,0000000,Not Applicable,8,8:00am-8:59am,34,34,8,8:00am-8:59am,51,51,99,Unknown,99,Unknown EMS Hospital Arrival Time,,,,,,,1,
2022,55,550027,Wisconsin,2,2,0,0,0,2,2,79,MILWAUKEE (79),3100,MILWAUKEE,8,8,1,January,2022,7,Saturday,6,6:00am-6:59am,2,2,0,This section IS NOT on the NHS,2,Urban,4,Minor Arterial,4,City or Municipal Highway Agency,6,Local Street - Municipality,S CESAR E CHAVEZ DR,,99998,Not Reported,43.01950833,43.01950833,-87.933000000,-87.93300000,0,No Special Jurisdiction,12,Motor Vehicle In-Transport,6,Angle,0,No,8,Driveway Access Related,1,Not an Intersection,0,None,,,1,On Roadway,3,Dark - Lighted,,,,,10,Cloudy,0,No,0000000,Not Applicable,6,6:00am-6:59am,3,3,99,Unknown EMS Scene Arrival Hour,99,Unknown EMS Scene Arrival Minutes,88,"Not Applicable (Not Transported) ",88,Not Applicable (Not Transported),,,,,,,1,
2022,55,550028,Wisconsin,1,1,0,1,1,1,1,115,SHAWANO (115),4320,SHAWANO,20,20,1,January,2022,5,Thursday,14,2:00pm-2:59pm,16,16,1,This section IS ON the NHS,1,Rural,3,Principal Arterial - Other,1,State Highway Agency,3,State Highway,SR-22,S LINCOLN ST,99998,Not Reported,44.78207222,44.78207222,-88.604438890,-88.60443889,0,No Special Jurisdiction,8,Pedestrian,0,The First Harmful Event was Not a Collision with a Motor Vehicle in Transport,0,No,3,Intersection-Related,2,Four-Way Intersection,0,None,,,1,On Roadway,1,Daylight,,,,,1,Clear,0,No,0000000,Not Applicable,99,Unknown,99,Unknown,99,Unknown EMS Scene Arrival Hour,99,Unknown EMS Scene Arrival Minutes,99,Unknown,99,Unknown EMS Hospital Arrival Time,,,,,,,1,
2022,55,550029,Wisconsin,1,1,0,1,1,1,1,73,MARATHON (73),0,NOT APPLICABLE,22,22,1,January,2022,7,Saturday,18,6:00pm-6:59pm,56,56,0,This section IS NOT on the NHS,1,Rural,4,Minor Arterial,2,County Highway Agency,4,County Road,CR-N,,99998,Not Reported,44.94531667,44.94531667,-89.591986110,-89.59198611,0,No Special Jurisdiction,8,Pedestrian,0,The First Harmful Event was Not a Collision with a Motor Vehicle in Transport,0,No,1,Non-Junction,1,Not an Intersection,0,None,,,1,On Roadway,3,Dark - Lighted,,,,,10,Cloudy,0,No,0000000,Not Applicable,18,6:00pm-6:59pm,56,56,19,7:00pm-7:59pm,1,1,88,"Not Applicable (Not Transported) ",88,Not Applicable (Not Transported),,,,,,,1,
2022,55,550030,Wisconsin,1,1,0,0,0,1,1,25,DANE (25),0,NOT APPLICABLE,29,29,1,January,2022,7,Saturday,3,3:00am-3:59am,5,5,0,This section IS NOT on the NHS,1,Rural,6,Minor Collector,2,County Highway Agency,4,County Road,CR-A,,0,None,42.90306389,42.90306389,-89.250236110,-89.25023611,0,No Special Jurisdiction,35,Embankment,0,The First Harmful Event was Not a Collision with a Motor Vehicle in Transport,0,No,1,Non-Junction,1,Not an Intersection,0,None,,,4,On Roadside,2,Dark - Not Lighted,,,,,10,Cloudy,0,No,0000000,Not Applicable,99,Unknown,99,Unknown,99,Unknown EMS Scene Arrival Hour,99,Unknown EMS Scene Arrival Minutes,88,"Not Applicable (Not Transported) ",88,Not Applicable (Not Transported),,,,,,,1,
2022,55,550031,Wisconsin,1,1,0,0,0,2,2,97,PORTAGE (97),4620,STEVENS POINT,13,13,2,February,2022,1,Sunday,23,11:00pm-11:59pm,43,43,0,This section IS NOT on the NHS,1,Rural,4,Minor Arterial,4,City or Municipal Highway Agency,6,Local Street - Municipality,COUNTRY CLUB DR,,0,None,44.51449722,44.51449722,-89.529241670,-89.52924167,0,No Special Jurisdiction,30,Utility Pole/Light Support,0,The First Harmful Event was Not a Collision with a Motor Vehicle in Transport,0,No,1,Non-Junction,1,Not an Intersection,0,None,,,3,On Median,3,Dark - Lighted,,,,,4,Snow,0,No,0000000,Not Applicable,23,11:00pm-11:59pm,51,51,23,11:00pm-11:59pm,57,57,0,0:00am-0:59am,25,25,,,,,,,1,
2022,55,550032,Wisconsin,2,2,0,0,0,2,2,105,ROCK (105),0,NOT APPLICABLE,2,2,2,February,2022,4,Wednesday,14,2:00pm-2:59pm,52,52,0,This section IS NOT on the NHS,1,Rural,7,Local,3,Town or Township Highway Agency,5,Local Street - Township,CREEDY RD,,0,None,42.56195556,42.56195556,-89.069233330,-89.06923333,0,No Special Jurisdiction,12,Motor Vehicle In-Transport,2,Front-to-Front,0,No,8,Driveway Access Related,1,Not an Intersection,0,None,,,1,On Roadway,1,Daylight,,,,,10,Cloudy,0,No,0000000,Not Applicable,14,2:00pm-2:59pm,52,52,14,2:00pm-2:59pm,59,59,99,Unknown,99,Unknown EMS Hospital Arrival Time,,,,,,,1,
2022,55,550033,Wisconsin,2,2,0,0,0,2,2,9,BROWN (9),0,NOT APPLICABLE,11,11,2,February,2022,6,Friday,6,6:00am-6:59am,15,15,0,This section IS NOT on the NHS,1,Rural,5,Major Collector,2,County Highway Agency,4,County Road,CR-PP,,0,None,44.38878611,44.38878611,-88.049602780,-88.04960278,0,No Special Jurisdiction,24,Guardrail Face,0,The First Harmful Event was Not a Collision with a Motor Vehicle in Transport,0,No,1,Non-Junction,1,Not an Intersection,0,None,,,4,On Roadside,2,Dark - Not Lighted,,,,,10,Cloudy,0,No,0000000,Not Applicable,6,6:00am-6:59am,25,25,6,6:00am-6:59am,30,30,88,"Not Applicable (Not Transported) ",88,Not Applicable (Not Transported),,,,,,,1,
2022,55,550034,Wisconsin,2,2,0,0,0,2,2,81,MONROE (81),0,NOT APPLICABLE,14,14,2,February,2022,2,Monday,16,4:00pm-4:59pm,0,0,0,This section IS NOT on the NHS,1,Rural,4,Minor Arterial,1,State Highway Agency,3,State Highway,SR-131,,99998,Not Reported,43.78596944,43.78596944,-90.548677780,-90.54867778,0,No Special Jurisdiction,12,Motor Vehicle In-Transport,6,Angle,0,No,1,Non-Junction,1,Not an Intersection,0,None,,,1,On Roadway,1,Daylight,,,,,10,Cloudy,0,No,0000000,Not Applicable,16,4:00pm-4:59pm,2,2,16,4:00pm-4:59pm,10,10,88,"Not Applicable (Not Transported) ",88,Not Applicable (Not Transported),,,,,,,1,
2022,55,550035,Wisconsin,1,1,0,0,0,1,1,9,BROWN (9),2211,HOWARD,9,9,2,February,2022,4,Wednesday,13,1:00pm-1:59pm,17,17,0,This section IS NOT on the NHS,2,Urban,5,Major Collector,4,City or Municipal Highway Agency,6,Local Street - Municipality,LARSEN RD,,0,None,44.53129722,44.53129722,-88.079300000,-88.07930000,0,No Special Jurisdiction,33,Curb,0,The First Harmful Event was Not a Collision with a Motor Vehicle in Transport,0,No,1,Non-Junction,1,Not an Intersection,0,None,,,4,On Roadside,1,Daylight,,,,,10,Cloudy,0,No,0000000,Not Applicable,13,1:00pm-1:59pm,17,17,13,1:00pm-1:59pm,99,Unknown EMS Scene Arrival Minutes,88,"Not Applicable (Not Transported) ",88,Not Applicable (Not Transported),,,,,,,1,
2022,55,550036,Wisconsin,2,2,0,0,0,3,3,105,ROCK (105),0,NOT APPLICABLE,11,11,2,February,2022,6,Friday,19,7:00pm-7:59pm,39,39,1,This section IS ON the NHS,1,Rural,3,Principal Arterial - Other,1,State Highway Agency,2,U.S. Highway,US-14,,99998,Not Reported,42.73013333,42.73013333,-89.068902780,-89.06890278,0,No Special Jurisdiction,12,Motor Vehicle In-Transport,2,Front-to-Front,0,No,1,Non-Junction,1,Not an Intersection,0,None,,,1,On Roadway,6,Dark - Unknown Lighting,,,,,10,Cloudy,0,No,0000000,Not Applicable,99,Unknown,99,Unknown,99,Unknown EMS Scene Arrival Hour,99,Unknown EMS Scene Arrival Minutes,99,Unknown,99,Unknown EMS Hospital Arrival Time,,,,,,,1,
2022,55,550037,Wisconsin,1,1,0,0,0,2,2,127,WALWORTH (127),0,NOT APPLICABLE,6,6,2,February,2022,1,Sunday,2,2:00am-2:59am,33,33,1,This section IS ON the NHS,1,Rural,1,Interstate,1,State Highway Agency,1,Interstate,I-43,,99998,Not Reported,42.69430833,42.69430833,-88.501883330,-88.50188333,0,No Special Jurisdiction,1,Rollover/Overturn,0,The First Harmful Event was Not a Collision with a Motor Vehicle in Transport,1,Yes,5,Entrance/Exit Ramp Related,1,Not an Intersection,0,None,,,4,On Roadside,2,Dark - Not Lighted,,,,,1,Clear,0,No,0000000,Not Applicable,2,2:00am-2:59am,33,33,2,2:00am-2:59am,47,47,99,Unknown,99,Unknown EMS Hospital Arrival Time,,,,,,,1,
2022,55,550038,Wisconsin,3,3,0,0,0,7,7,67,LANGLADE (67),0,NOT APPLICABLE,10,10,2,February,2022,5,Thursday,18,6:00pm-6:59pm,20,20,1,This section IS ON the NHS,1,Rural,3,Principal Arterial - Other,1,State Highway Agency,2,U.S. Highway,US-45,,99998,Not Reported,45.10917222,45.10917222,-89.153891670,-89.15389167,0,No Special Jurisdiction,12,Motor Vehicle In-Transport,1,Front-to-Rear,0,No,8,Driveway Access Related,1,Not an Intersection,0,None,,,1,On Roadway,2,Dark - Not Lighted,,,,,10,Cloudy,0,No,0000000,Not Applicable,18,6:00pm-6:59pm,24,24,18,6:00pm-6:59pm,28,28,18,6:00pm-6:59pm,35,35,,,,,,,1,
2022,55,550039,Wisconsin,1,1,0,0,0,1,1,117,SHEBOYGAN (117),0,NOT APPLICABLE,17,17,2,February,2022,5,Thursday,99,Unknown Hours,99,Unknown Minutes,0,This section IS NOT on the NHS,1,Rural,7,Local,3,Town or Township Highway Agency,5,Local Street - Township,BRIDGEWOOD RD,,0,None,43.80019444,43.80019444,-87.880927780,-87.88092778,0,No Special Jurisdiction,42,Tree (Standing Only),0,The First Harmful Event was Not a Collision with a Motor Vehicle in Transport,0,No,1,Non-Junction,1,Not an Intersection,0,None,,,4,On Roadside,2,Dark - Not Lighted,,,,,10,Cloudy,0,No,0000000,Not Applicable,99,Unknown,99,Unknown,99,Unknown EMS Scene Arrival Hour,99,Unknown EMS Scene Arrival Minutes,88,"Not Applicable (Not Transported) ",88,Not Applicable (Not Transported),,,,,,,1,
2022,55,550040,Wisconsin,2,2,0,0,0,2,2,9,BROWN (9),0,NOT APPLICABLE,14,14,2,February,2022,2,Monday,6,6:00am-6:59am,24,24,1,This section IS ON the NHS,1,Rural,1,Interstate,1,State Highway Agency,1,Interstate,I-43,,99998,Not Reported,44.44012500,44.44012500,-87.933177780,-87.93317778,0,No Special Jurisdiction,12,Motor Vehicle In-Transport,1,Front-to-Rear,0,No,1,Non-Junction,1,Not an Intersection,0,None,,,1,On Roadway,4,Dawn,,,,,1,Clear,0,No,0000000,Not Applicable,6,6:00am-6:59am,24,24,6,6:00am-6:59am,38,38,6,6:00am-6:59am,56,56,,,,,,,1,
2022,55,550041,Wisconsin,1,1,0,0,0,1,1,79,MILWAUKEE (79),5130,WAUWATOSA,14,14,2,February,2022,2,Monday,23,11:00pm-11:59pm,59,59,0,This section IS NOT on the NHS,2,Urban,4,Minor Arterial,4,City or Municipal Highway Agency,6,Local Street - Municipality,W BURLEIGH ST,,0,None,43.07467500,43.07467500,-88.050425000,-88.05042500,0,No Special Jurisdiction,33,Curb,0,The First Harmful Event was Not a Collision with a Motor Vehicle in Transport,0,No,1,Non-Junction,1,Not an Intersection,0,None,,,3,On Median,3,Dark - Lighted,,,,,10,Cloudy,0,No,0000000,Not Applicable,0,0:00am-0:59am,1,1,0,0:00am-0:59am,6,6,88,"Not Applicable (Not Transported) ",88,Not Applicable (Not Transported),,,,,,,1,