caseyear,state,st_case,statename,ve_total,ve_forms,pvh_invl,peds,pernotmvit,permvit,persons,county,countyname,city,cityname,day,dayname,month,monthname,year,day_week,day_weekname,hour,hourname,minute,minutename,nhs,nhsname,rur_urb,rur_urbname,func_sys,func_sysname,rd_owner,rd_ownername,route,routename,tway_id,tway_id2,milept,mileptname,latitude,latitudename,longitud,longitudname,sp_jur,sp_jurname,harm_ev,harm_evname,man_coll,man_collname,reljct1,reljct1name,reljct2,reljct2name,typ_int,typ_intname,wrk_zone,wrk_zonename,road_fnc,road_fncname,rel_road,rel_roadname,lgt_cond,lgt_condname,weather1,weather1name,weather2,weather2name,weather,weathername,sch_bus,sch_busname,rail,railname,not_hour,not_hourname,not_min,not_minname,arr_hour,arr_hourname,arr_min,arr_minname,hosp_hr,hosp_hrname,hosp_mn,hosp_mnname,cf1,cf1name,cf2,cf2name,cf3,cf3name,fatals,drunk_dr
2022,55,550042,Wisconsin,1,1,0,0,0,1,1,57,JUNEAU (57),0,NOT APPLICABLE,26,26,2,February,2022,7,Saturday,8,8:00am-8:59am,11,11,1,This section IS ON the NHS,1,Rural,3,Principal Arterial - Other,1,State Highway Agency,3,State Highway,SR-80,,99998,Not Reported,44.07460556,44.07460556,-90.099841670,-90.09984167,0,No Special Jurisdiction,42,Tree (Standing Only),0,The First Harmful Event was Not a Collision with a Motor Vehicle in Transport,0,No,1,Non-Junction,1,Not an Intersection,0,None,,,4,On Roadside,1,Daylight,,,,,1,Clear,0,No,0000000,Not Applicable,8,8:00am-8:59am,19,19,99,Unknown EMS Scene Arrival Hour,99,Unknown EMS Scene Arrival Minutes,88,"Not Applicable (Not Transported) ",88,Not Applicable (Not Transported),,,,,,,1,
2022,55,550043,Wisconsin,1,1,0,0,0,1,1,139,WINNEBAGO (139),0,NOT APPLICABLE,28,28,2,February,2022,2,Monday,0,0:00am-0:59am,8,8,0,This section IS NOT on the NHS,1,Rural,6,Minor Collector,2,County Highway Agency,4,County Road,CR-H,,0,None,44.23700833,44.23700833,-88.853408330,-88.85340833,0,No Special Jurisdiction,42,Tree (Standing Only),0,The First Harmful Event was Not a Collision with a Motor Vehicle in Transport,0,No,1,Non-Junction,1,Not an Intersection,0,None,,,4,On Roadside,2,Dark - Not Lighted,,,,,1,Clear,0,No,0000000,Not Applicable,0,0:00am-0:59am,8,8,0,0:00am-0:59am,25,25,88,"Not Applicable (Not Transported) ",88,Not Applicable (Not Transported),,,,,,,1,
2022,55,550044,Wisconsin,1,1,0,1,1,1,1,79,MILWAUKEE (79),3100,MILWAUKEE,14,14,1,January,2022,6,Friday,11,11:00am-11:59am,51,51,0,This section IS NOT on the NHS,2,Urban,4,Minor Arterial,1,State Highway Agency,2,U.S. Highway,US-18,N 2ND ST,99998,Not Reported,43.04016667,43.04016667,-87.913180560,-87.91318056,0,No Special Jurisdiction,8,Pedestrian,0,The First Harmful Event was Not a Collision with a Motor Vehicle in Transport,0,No,3,Intersection-Related,2,Four-Way Intersection,0,None,,,1,On Roadway,1,Daylight,,,,,10,Cloudy,0,No,0000000,Not Applicable,99,Unknown,99,Unknown,99,Unknown EMS Scene Arrival Hour,99,Unknown EMS Scene Arrival Minutes,99,Unknown,99,Unknown EMS Hospital Arrival Time,,,,,,,1,
2022,55,550045,Wisconsin,3,3,0,0,0,3,3,13,BURNETT (13),0,NOT APPLICABLE,28,28,2,February,2022,2,Monday,20,8:00pm-8:59pm,0,0,0,This section IS NOT on the NHS,1,Rural,4,Minor Arterial,1,State Highway Agency,3,State Highway,SR-87,,99998,Not Reported,45.69778611,45.69778611,-92.669372220,-92.66937222,0,No Special Jurisdiction,12,Motor Vehicle In-Transport,8,Sideswipe - Opposite Direction,0,No,1,Non-Junction,1,Not an Intersection,0,None,,,1,On Roadway,2,Dark - Not Lighted,,,,,1,Clear,0,No,0000000,Not Applicable,20,8:00pm-8:59pm,6,6,20,8:00pm-8:59pm,11,11,20,8:00pm-8:59pm,46,46,,,,,,,2,
2022,55,550046,Wisconsin,1,1,0,1,1,1,1,117,SHEBOYGAN (117),4330,SHEBOYGAN,4,4,2,February,2022,6,Friday,22,10:00pm-10:59pm,26,26,1,This section IS ON the NHS,2,Urban,3,Principal Arterial - Other,1,State Highway Agency,3,State Highway,SR-42,MICHIGAN AVE,99998,Not Reported,43.75848611,43.75848611,-87.723022220,-87.72302222,0,No Special Jurisdiction,8,Pedestrian,0,The First Harmful Event was Not a Collision with a Motor Vehicle in Transport,0,No,3,Intersection-Related,2,Four-Way Intersection,0,None,,,1,On Roadway,6,Dark - Unknown Lighting,,,,,98,Not Reported,0,No,0000000,Not Applicable,22,10:00pm-10:59pm,27,27,22,10:00pm-10:59pm,32,32,22,10:00pm-10:59pm,49,49,,,,,,,1,
2022,55,550047,Wisconsin,1,1,0,0,0,1,1,131,WASHINGTON (131),0,NOT APPLICABLE,6,6,2,February,2022,1,Sunday,17,5:00pm-5:59pm,38,38,0,This section IS NOT on the NHS,1,Rural,7,Local,3,Town or Township Highway Agency,5,Local Street - Township,SALISBURY RD,,0,None,43.49370278,43.49370278,-88.179405560,-88.17940556,0,No Special Jurisdiction,42,Tree (Standing Only),0,The First Harmful Event was Not a Collision with a Motor Vehicle in Transport,0,No,1,Non-Junction,1,Not an Intersection,0,None,,,4,On Roadside,2,Dark - Not Lighted,,,,,10,Cloudy,0,No,0000000,Not Applicable,17,5:00pm-5:59pm,57,57,18,6:00pm-6:59pm,10,10,18,6:00pm-6:59pm,36,36,,,,,,,1,
2022,55,550048,Wisconsin,1,1,0,0,0,3,3,83,OCONTO (83),0,NOT APPLICABLE,24,24,2,February,2022,5,Thursday,1,1:00am-1:59am,5,5,0,This section IS NOT on the NHS,1,Rural,6,Minor Collector,1,State Highway Agency,2,U.S. Highway,US-41 RAMP,SAMPSON RD,99998,Not Reported,44.76479444,44.76479444,-88.049297220,-88.04929722,0,No Special Jurisdiction,59,"Traffic Sign Support ",0,The First Harmful Event was Not a Collision with a Motor Vehicle in Transport,1,Yes,3,Intersection-Related,2,Four-Way Intersection,0,None,,,4,On Roadside,3,Dark - Lighted,,,,,1,Clear,0,No,0000000,Not Applicable,1,1:00am-1:59am,5,5,1,1:00am-1:59am,30,30,99,Unknown,99,Unknown EMS Hospital Arrival Time,,,,,,,1,
2022,55,550049,Wisconsin,3,3,0,0,0,5,5,3,ASHLAND (3),0,NOT APPLICABLE,26,26,2,February,2022,7,Saturday,18,6:00pm-6:59pm,13,13,1,This section IS ON the NHS,1,Rural,3,Principal Arterial - Other,1,State Highway Agency,2,U.S. Highway,US-2,,99998,Not Reported,46.53736111,46.53736111,-90.573861110,-90.57386111,0,No Special Jurisdiction,12,Motor Vehicle In-Transport,2,Front-to-Front,0,No,8,Driveway Access Related,1,Not an Intersection,0,None,,,1,On Roadway,2,Dark - Not Lighted,,,,,1,Clear,0,No,0000000,Not Applicable,18,6:00pm-6:59pm,20,20,18,6:00pm-6:59pm,30,30,19,7:00pm-7:59pm,99,Unknown EMS Hospital Arrival Time,,,,,,,1,
2022,55,550050,Wisconsin,1,1,0,0,0,1,1,101,RACINE (101),0,NOT APPLICABLE,17,17,2,February,2022,5,Thursday,19,7:00pm-7:59pm,55,55,0,This section IS NOT on the NHS,1,Rural,5,Major Collector,2,County Highway Agency,4,County Road,CR-A,,0,None,42.72308056,42.72308056,-88.172258330,-88.17225833,0,No Special Jurisdiction,1,Rollover/Overturn,0,The First Harmful Event was Not a Collision with a Motor Vehicle in Transport,0,No,8,Driveway Access Related,1,Not an Intersection,0,None,,,4,On Roadside,2,Dark - Not Lighted,,,,,1,Clear,0,No,0000000,Not Applicable,99,Unknown,99,Unknown,99,Unknown EMS Scene Arrival Hour,99,Unknown EMS Scene Arrival Minutes,99,Unknown,99,Unknown EMS Hospital Arrival Time,,,,,,,1,
2022,55,550051,Wisconsin,1,1,0,0,0,1,1,27,DODGE (27),0,NOT APPLICABLE,17,17,2,February,2022,5,Thursday,23,11:00pm-11:59pm,30,30,0,This section IS NOT on the NHS,1,Rural,6,Minor Collector,2,County Highway Agency,4,County Road,CR-DJ,,0,None,43.37760556,43.37760556,-88.665769440,-88.66576944,0,No Special Jurisdiction,34,Ditch,0,The First Harmful Event was Not a Collision with a Motor Vehicle in Transport,0,No,1,Non-Junction,1,Not an Intersection,0,None,,,4,On Roadside,2,Dark - Not Lighted,,,,,10,Cloudy,0,No,0000000,Not Applicable,88,Not Applicable (Not Notified),88,Not Applicable (Not Notified),88,Not Applicable,88,Not Applicable,88,"Not Applicable (Not Transported) ",88,Not Applicable (Not Transported),,,,,,,1,
2022,55,550052,Wisconsin,1,1,0,0,0,3,3,39,FOND DU LAC (39),0,NOT APPLICABLE,26,26,2,February,2022,7,Saturday,2,2:00am-2:59am,23,23,0,This section IS NOT on the NHS,2,Urban,3,Principal Arterial - Other,1,State Highway Agency,2,U.S. Highway,US-151,,99998,Not Reported,43.81997778,43.81997778,-88.377169440,-88.37716944,0,No Special Jurisdiction,42,Tree (Standing Only),0,The First Harmful Event was Not a Collision with a Motor Vehicle in Transport,0,No,1,Non-Junction,1,Not an Intersection,0,None,,,4,On Roadside,2,Dark - Not Lighted,,,,,1,Clear,0,No,0000000,Not Applicable,2,2:00am-2:59am,25,25,2,2:00am-2:59am,39,39,3,3:00am-3:59am,1,1,,,,,,,2,
2022,55,550053,Wisconsin,1,1,0,0,0,1,1,111,SAUK (111),0,NOT APPLICABLE,4,4,3,March,2022,6,Friday,99,Unknown Hours,99,Unknown Minutes,0,This section IS NOT on the NHS,1,Rural,5,Major Collector,2,County Highway Agency,4,County Road,CR-GG,,0,None,43.34682500,43.34682500,-90.093422220,-90.09342222,0,No Special Jurisdiction,42,Tree (Standing Only),0,The First Harmful Event was Not a Collision with a Motor Vehicle in Transport,0,No,1,Non-Junction,1,Not an Intersection,0,None,,,4,On Roadside,9,Reported as Unknown,,,,,10,Cloudy,0,No,0000000,Not Applicable,6,6:00am-6:59am,17,17,6,6:00am-6:59am,30,30,8,8:00am-8:59am,53,53,,,,,,,1,
2022,55,550054,Wisconsin,2,2,0,0,0,3,3,117,SHEBOYGAN (117),0,NOT APPLICABLE,24,24,2,February,2022,5,Thursday,16,4:00pm-4:59pm,16,16,1,This section IS ON the NHS,1,Rural,3,Principal Arterial - Other,1,State Highway Agency,3,State Highway,SR-57,ORTH DR,99998,Not Reported,43.54645278,43.54645278,-87.941361110,-87.94136111,0,No Special Jurisdiction,12,Motor Vehicle In-Transport,6,Angle,0,No,2,Intersection,3,T-Intersection,0,None,,,1,On Roadway,1,Daylight,,,,,10,Cloudy,0,No,0000000,Not Applicable,16,4:00pm-4:59pm,20,20,16,4:00pm-4:59pm,29,29,88,"Not Applicable (Not Transported) ",88,Not Applicable (Not Transported),,,,,,,1,
2022,55,550055,Wisconsin,1,1,0,0,0,1,1,63,LA CROSSE (63),0,NOT APPLICABLE,20,20,2,February,2022,1,Sunday,16,4:00pm-4:59pm,56,56,1,This section IS ON the NHS,1,Rural,3,Principal Arterial - Other,1,State Highway Agency,2,U.S. Highway,US-14,,99998,Not Reported,43.76786111,43.76786111,-91.164383330,-91.16438333,0,No Special Jurisdiction,1,Rollover/Overturn,0,The First Harmful Event was Not a Collision with a Motor Vehicle in Transport,0,No,1,Non-Junction,1,Not an Intersection,0,None,,,4,On Roadside,1,Daylight,,,,,1,Clear,0,No,0000000,Not Applicable,16,4:00pm-4:59pm,56,56,17,5:00pm-5:59pm,7,7,88,"Not Applicable (Not Transported) ",88,Not Applicable (Not Transported),,,,,,,1,
2022,55,550056,Wisconsin,2,2,0,0,0,2,2,45,GREEN (45),0,NOT APPLICABLE,7,7,3,March,2022,2,Monday,3,3:00am-3:59am,28,28,1,This section IS ON the NHS,1,Rural,3,Principal Arterial - Other,1,State Highway Agency,3,State Highway,SR-11,,99998,Not Reported,42.58932500,42.58932500,-89.777161110,-89.77716111,0,No Special Jurisdiction,12,Motor Vehicle In-Transport,8,Sideswipe - Opposite Direction,0,No,1,Non-Junction,1,Not an Intersection,0,None,,,1,On Roadway,2,Dark - Not Lighted,,,,,4,Snow,0,No,0000000,Not Applicable,3,3:00am-3:59am,45,45,99,Unknown EMS Scene Arrival Hour,97,Officially Cancelled,99,Unknown,97,Officially Canceled,,,,,,,1,
2022,55,550057,Wisconsin,1,1,0,0,0,1,1,103,RICHLAND (103),0,NOT APPLICABLE,9,9,3,March,2022,4,Wednesday,16,4:00pm-4:59pm,20,20,0,This section IS NOT on the NHS,1,Rural,4,Minor Arterial,1,State Highway Agency,3,State Highway,SR-80,,99998,Not Reported,43.39794167,43.39794167,-90.373202780,-90.37320278,0,No Special Jurisdiction,42,Tree (Standing Only),0,The First Harmful Event was Not a Collision with a Motor Vehicle in Transport,0,No,1,Non-Junction,1,Not an Intersection,0,None,,,4,On Roadside,1,Daylight,,,,,1,Clear,0,No,0000000,Not Applicable,16,4:00pm-4:59pm,21,21,16,4:00pm-4:59pm,29,29,88,"Not Applicable (Not Transported) ",88,Not Applicable (Not Transported),,,,,,,1,
2022,55,550058,Wisconsin,1,1,0,0,0,1,1,73,MARATHON (73),0,NOT APPLICABLE,10,10,3,March,2022,5,Thursday,2,2:00am-2:59am,18,18,1,This section IS ON the NHS,1,Rural,3,Principal Arterial - Other,1,State Highway Agency,3,State Highway,SR-29,,99998,Not Reported,44.88158056,44.88158056,-89.344166670,-89.34416667,0,No Special Jurisdiction,24,Guardrail Face,0,The First Harmful Event was Not a Collision with a Motor Vehicle in Transport,0,No,1,Non-Junction,1,Not an Intersection,0,None,,,3,On Median,2,Dark - Not Lighted,,,,,1,Clear,0,No,0000000,Not Applicable,99,Unknown,99,Unknown,99,Unknown EMS Scene Arrival Hour,99,Unknown EMS Scene Arrival Minutes,88,"Not Applicable (Not Transported) ",88,Not Applicable (Not Transported),,,,,,,1,
2022,55,550059,Wisconsin,1,1,0,0,0,2,2,81,MONROE (81),4530,SPARTA,27,27,2,February,2022,1,Sunday,10,10:00am-10:59am,39,39,0,This section IS NOT on the NHS,1,Rural,3,Principal Arterial - Other,1,State Highway Agency,3,State Highway,SR-16,,99998,Not Reported,43.93712500,43.93712500,-90.840788890,-90.84078889,0,No Special Jurisdiction,40,Fire Hydrant,0,The First Harmful Event was Not a Collision with a Motor Vehicle in Transport,0,No,1,Non-Junction,1,Not an Intersection,0,None,,,4,On Roadside,1,Daylight,,,,,1,Clear,0,No,0000000,Not Applicable,10,10:00am-10:59am,40,40,10,10:00am-10:59am,42,42,99,Unknown,99,Unknown EMS Hospital Arrival Time,,,,,,,1,
2022,55,550060,Wisconsin,1,1,0,1,1,1,1,109,ST CROIX (109),0,NOT APPLICABLE,6,6,3,March,2022,1,Sunday,2,2:00am-2:59am,15,15,1,This section IS ON the NHS,2,Urban,2,Principal Arterial - Other Freeways and Expressways,1,State Highway Agency,3,State Highway,SR-35,,99998,Not Reported,44.89243611,44.89243611,-92.637705560,-92.63770556,0,No Special Jurisdiction,8,Pedestrian,0,The First Harmful Event was Not a Collision with a Motor Vehicle in Transport,0,No,1,Non-Junction,1,Not an Intersection,0,None,,,1,On Roadway,2,Dark - Not Lighted,,,,,4,Snow,0,No,0000000,Not Applicable,2,2:00am-2:59am,19,19,2,2:00am-2:59am,35,35,99,Unknown,99,Unknown EMS Hospital Arrival Time,,,,,,,1,
2022,55,550061,Wisconsin,1,1,0,1,1,1,1,79,MILWAUKEE (79),5160,WEST ALLIS,5,5,3,March,2022,7,Saturday,23,11:00pm-11:59pm,48,48,1,This section IS ON the NHS,2,Urban,3,Principal Arterial - Other,1,State Highway Agency,3,State Highway,SR-100,W MANOR PARK DR,99998,Not Reported,43.00906389,43.00906389,-88.046644440,-88.04664444,0,No Special Jurisdiction,8,Pedestrian,0,The First Harmful Event was Not a Collision with a Motor Vehicle in Transport,0,No,2,Intersection,3,T-Intersection,0,None,,,1,On Roadway,2,Dark - Not Lighted,,,,,2,Rain,0,No,0000000,Not Applicable,99,Unknown,99,Unknown,99,Unknown EMS Scene Arrival Hour,99,Unknown EMS Scene Arrival Minutes,99,Unknown,99,Unknown EMS Hospital Arrival Time,,,,,,,1,
2022,55,550062,Wisconsin,3,3,0,0,0,3,3,59,KENOSHA (59),0,NOT APPLICABLE,12,12,3,March,2022,7,Saturday,16,4:00pm-4:59pm,19,19,0,This section IS NOT on the NHS,2,Urban,3,Principal Arterial - Other,2,County Highway Agency,4,County Road,CR-W FOX RIVER RD,CR-CK,0,None,42.49818333,42.49818333,-88.197013890,-88.19701389,0,No Special Jurisdiction,12,Motor Vehicle In-Transport,1,Front-to-Rear,1,Yes,2,Intersection,3,T-Intersection,0,None,,,1,On Roadway,1,Daylight,,,,,1,Clear,0,No,0000000,Not Applicable,16,4:00pm-4:59pm,0,0,16,4:00pm-4:59pm,0,0,17,5:00pm-5:59pm,0,0,,,,,,,1,
2022,55,550063,Wisconsin,1,1,0,0,0,2,2,79,MILWAUKEE (79),3100,MILWAUKEE,18,18,2,February,2022,6,Friday,9,9:00am-9:59am,57,57,0,This section IS NOT on the NHS,2,Urban,4,Minor Arterial,4,City or Municipal Highway Agency,6,Local Street - Municipality,N HAWLEY RD,,0,None,43.04143333,43.04143333,-87.982719440,-87.98271944,0,No Special Jurisdiction,33,Curb,0,The First Harmful Event was Not a Collision with a Motor Vehicle in Transport,0,No,1,Non-Junction,1,Not an Intersection,0,None,,,4,On Roadside,1,Daylight,,,,,10,Cloudy,0,No,0000000,Not Applicable,99,Unknown,99,Unknown,99,Unknown EMS Scene Arrival Hour,99,Unknown EMS Scene Arrival Minutes,99,Unknown,99,Unknown EMS Hospital Arrival Time,,,,,,,1,
2022,55,550064,Wisconsin,1,1,0,0,0,1,1,105,ROCK (105),2320,JANESVILLE,3,3,3,March,2022,5,Thursday,12,12:00pm-12:59pm,34,34,1,This section IS ON the NHS,2,Urban,1,Interstate,1,State Highway Agency,1,Interstate,I-39,,99998,Not Reported,42.70396389,42.70396389,-88.983897220,-88.98389722,0,No Special Jurisdiction,39,Wall,0,The First Harmful Event was Not a Collision with a Motor Vehicle in Transport,0,No,1,Non-Junction,1,Not an Intersection,0,None,,,4,On Roadside,1,Daylight,,,,,10,Cloudy,0,No,0000000,Not Applicable,12,12:00pm-12:59pm,36,36,12,12:00pm-12:59pm,45,45,13,1:00pm-1:59pm,22,22,,,,,,,1,
2022,55,550065,Wisconsin,1,1,0,0,0,1,1,59,KENOSHA (59),685,BRISTOL,20,20,3,March,2022,1,Sunday,17,5:00pm-5:59pm,28,28,0,This section IS NOT on the NHS,2,Urban,5,Major Collector,4,City or Municipal Highway Agency,7,Local Street - Frontage Road,W FRONTAGE RD,,0,None,42.56442500,42.56442500,-87.953297220,-87.95329722,0,No Special Jurisdiction,25,Concrete Traffic Barrier,0,The First Harmful Event was Not a Collision with a Motor Vehicle in Transport,0,No,1,Non-Junction,1,Not an Intersection,0,None,,,4,On Roadside,1,Daylight,,,,,1,Clear,0,No,0000000,Not Applicable,17,5:00pm-5:59pm,30,30,17,5:00pm-5:59pm,44,44,18,6:00pm-6:59pm,3,3,,,,,,,1,
2022,55,550066,Wisconsin,1,1,0,1,1,1,1,99,PRICE (99),0,NOT APPLICABLE,17,17,3,March,2022,5,Thursday,22,10:00pm-10:59pm,36,36,1,This section IS ON the NHS,1,Rural,3,Principal Arterial - Other,1,State Highway Agency,3,State Highway,SR-13,,99998,Not Reported,45.64419722,45.64419722,-90.391233330,-90.39123333,0,No Special Jurisdiction,8,Pedestrian,0,The First Harmful Event was Not a Collision with a Motor Vehicle in Transport,0,No,1,Non-Junction,1,Not an Intersection,0,None,,,1,On Roadway,2,Dark - Not Lighted,,,,,10,Cloudy,0,No,0000000,Not Applicable,22,10:00pm-10:59pm,36,36,22,10:00pm-10:59pm,54,54,88,"Not Applicable (Not Transported) ",88,Not Applicable (Not Transported),,,,,,,1,
2022,55,550067,Wisconsin,1,1,0,0,0,1,1,71,MANITOWOC (71),0,NOT APPLICABLE,25,25,3,March,2022,6,Friday,4,4:00am-4:59am,46,46,0,This section IS NOT on the NHS,1,Rural,6,Minor Collector,2,County Highway Agency,4,County Road,CR-V,,0,None,44.19663056,44.19663056,-87.798902780,-87.79890278,0,No Special Jurisdiction,34,Ditch,0,The First Harmful Event was Not a Collision with a Motor Vehicle in Transport,0,No,1,Non-Junction,1,Not an Intersection,0,None,,,4,On Roadside,2,Dark - Not Lighted,,,,,10,Cloudy,0,No,0000000,Not Applicable,4,4:00am-4:59am,53,53,5,5:00am-5:59am,5,5,88,"Not Applicable (Not Transported) ",88,Not Applicable (Not Transported),,,,,,,1,
2022,55,550068,Wisconsin,2,2,0,0,0,2,2,69,LINCOLN (69),0,NOT APPLICABLE,15,15,3,March,2022,3,Tuesday,7,7:00am-7:59am,32,32,1,This section IS ON the NHS,1,Rural,3,Principal Arterial - Other,1,State Highway Agency,2,U.S. Highway,US-8,N MCCORD RD,99998,Not Reported,45.55514167,45.55514167,-89.899377780,-89.89937778,0,No Special Jurisdiction,12,Motor Vehicle In-Transport,2,Front-to-Front,0,No,2,Intersection,3,T-Intersection,0,None,,,1,On Roadway,1,Daylight,,,,,5,"Fog, Smog, Smoke",0,No,0000000,Not Applicable,7,7:00am-7:59am,35,35,8,8:00am-8:59am,16,16,88,"Not Applicable (Not Transported) ",88,Not Applicable (Not Transported),,,,,,,1,
2022,55,550069,Wisconsin,1,1,0,0,0,2,2,25,DANE (25),0,NOT APPLICABLE,20,20,3,March,2022,1,Sunday,21,9:00pm-9:59pm,25,25,0,This section IS NOT on the NHS,1,Rural,5,Major Collector,3,Town or Township Highway Agency,5,Local Street - Township,ALBION RD,,0,None,42.87981111,42.87981111,-89.068183330,-89.06818333,0,No Special Jurisdiction,43,Other Fixed Object,0,The First Harmful Event was Not a Collision with a Motor Vehicle in Transport,0,No,1,Non-Junction,1,Not an Intersection,0,None,,,4,On Roadside,2,Dark - Not Lighted,,,,,1,Clear,0,No,0000000,Not Applicable,21,9:00pm-9:59pm,26,26,21,9:00pm-9:59pm,33,33,88,"Not Applicable (Not Transported) ",88,Not Applicable (Not Transported),,,,,,,2,
2022,55,550070,Wisconsin,1,1,0,0,0,4,4,19,CLARK (19),0,NOT APPLICABLE,25,25,3,March,2022,6,Friday,22,10:00pm-10:59pm,10,10,0,This section IS NOT on the NHS,1,Rural,5,Major Collector,2,County Highway Agency,4,County Road,CR-C,CR-K,99998,Not Reported,44.63320556,44.63320556,-90.506747220,-90.50674722,0,No Special Jurisdiction,42,Tree (Standing Only),0,The First Harmful Event was Not a Collision with a Motor Vehicle in Transport,0,No,3,Intersection-Related,3,T-Intersection,0,None,,,5,Outside Trafficway,2,Dark - Not Lighted,,,,,11,Blowing Snow,0,No,0000000,Not Applicable,22,10:00pm-10:59pm,13,13,22,10:00pm-10:59pm,27,27,23,11:00pm-11:59pm,10,10,,,,,,,1,
2022,55,550071,Wisconsin,2,2,0,0,0,2,2,79,MILWAUKEE (79),3100,MILWAUKEE,19,19,2,February,2022,7,Saturday,1,1:00am-1:59am,34,34,1,This section IS ON the NHS,2,Urban,3,Principal Arterial - Other,4,City or Municipal Highway Agency,6,Local Street - Municipality,N SHERMAN BLVD,W WRIGHT ST,0,None,43.06434722,43.06434722,-87.967502780,-87.96750278,0,No Special Jurisdiction,46,Traffic Signal Support,0,The First Harmful Event was Not a Collision with a Motor Vehicle in Transport,0,No,3,Intersection-Related,2,Four-Way Intersection,0,None,,,3,On Median,3,Dark - Lighted,,,,,4,Snow,0,No,0000000,Not Applicable,1,1:00am-1:59am,35,35,99,Unknown EMS Scene Arrival Hour,99,Unknown EMS Scene Arrival Minutes,99,Unknown,99,Unknown EMS Hospital Arrival Time,,,,,,,1,
2022,55,550072,Wisconsin,2,2,0,1,1,3,3,79,MILWAUKEE (79),3100,MILWAUKEE,22,22,2,February,2022,3,Tuesday,22,10:00pm-10:59pm,54,54,0,This section IS NOT on the NHS,2,Urban,4,Minor Arterial,1,State Highway Agency,2,U.S. Highway,US-18 N 35TH ST,,99998,Not Reported,43.03939722,43.03939722,-87.957638890,-87.95763889,0,No Special Jurisdiction,8,Pedestrian,0,The First Harmful Event was Not a Collision with a Motor Vehicle in Transport,0,No,1,Non-Junction,1,Not an Intersection,0,None,,,1,On Roadway,3,Dark - Lighted,,,,,10,Cloudy,0,No,0000000,Not Applicable,99,Unknown,99,Unknown,99,Unknown EMS Scene Arrival Hour,99,Unknown EMS Scene Arrival Minutes,88,"Not Applicable (Not Transported) ",88,Not Applicable (Not Transported),,,,,,,1,
2022,55,550073,Wisconsin,1,1,0,0,0,1,1,79,MILWAUKEE (79),3100,MILWAUKEE,11,11,3,March,2022,6,Friday,21,9:00pm-9:59pm,10,10,0,This section IS NOT on the NHS,2,Urban,4,Minor Arterial,4,City or Municipal Highway Agency,6,Local Street - Municipality,W FOND DU LAC AVE,,0,None,43.10982778,43.10982778,-88.001466670,-88.00146667,0,No Special Jurisdiction,42,Tree (Standing Only),0,The First Harmful Event was Not a Collision with a Motor Vehicle in Transport,0,No,1,Non-Junction,1,Not an Intersection,0,None,,,3,On Median,3,Dark - Lighted,,,,,1,Clear,0,No,0000000,Not Applicable,99,Unknown,99,Unknown,99,Unknown EMS Scene Arrival Hour,99,Unknown EMS Scene Arrival Minutes,99,Unknown,99,Unknown EMS Hospital Arrival Time,,,,,,,1,
2022,55,550074,Wisconsin,1,1,0,0,0,1,1,63,LA CROSSE (63),2190,HOLMEN,30,30,3,March,2022,4,Wednesday,23,11:00pm-11:59pm,16,16,1,This section IS ON the NHS,2,Urban,2,Principal Arterial - Other Freeways and Expressways,1,State Highway Agency,2,U.S. Highway,US-53,,99998,Not Reported,43.93391667,43.93391667,-91.245133330,-91.24513333,0,No Special Jurisdiction,31,"Post, Pole or Other Supports",0,The First Harmful Event was Not a Collision with a Motor Vehicle in Transport,0,No,1,Non-Junction,1,Not an Intersection,0,None,,,4,On Roadside,2,Dark - Not Lighted,,,,,10,Cloudy,0,No,0000000,Not Applicable,0,0:00am-0:59am,15,15,99,Unknown EMS Scene Arrival Hour,99,Unknown EMS Scene Arrival Minutes,88,"Not Applicable (Not Transported) ",88,Not Applicable (Not Transported),,,,,,,1,
2022,55,550075,Wisconsin,2,2,0,0,0,2,2,45,GREEN (45),0,NOT APPLICABLE,31,31,3,March,2022,5,Thursday,7,7:00am-7:59am,40,40,0,This section IS NOT on the NHS,2,Urban,4,Minor Arterial,1,State Highway Agency,3,State Highway,SR-104,,99998,Not Reported,42.71120556,42.71120556,-89.368086110,-89.36808611,0,No Special Jurisdiction,12,Motor Vehicle In-Transport,6,Angle,0,No,1,Non-Junction,1,Not an Intersection,0,None,,,1,On Roadway,1,Daylight,,,,,4,Snow,0,No,0000000,Not Applicable,8,8:00am-8:59am,3,3,8,8:00am-8:59am,10,10,99,Unknown,99,Unknown EMS Hospital Arrival Time,,,,,,,1,
2022,55,550076,Wisconsin,1,1,0,0,0,1,1,53,JACKSON (53),0,NOT APPLICABLE,25,25,3,March,2022,6,Friday,22,10:00pm-10:59pm,14,14,1,This section IS ON the NHS,1,Rural,1,Interstate,1,State Highway Agency,1,Interstate,I-94,,99998,Not Reported,44.33069722,44.33069722,-90.893302780,-90.89330278,0,No Special Jurisdiction,34,Ditch,0,The First Harmful Event was Not a Collision with a Motor Vehicle in Transport,0,No,1,Non-Junction,1,Not an Intersection,0,None,,,3,On Median,2,Dark - Not Lighted,,,,,4,Snow,0,No,0000000,Not Applicable,99,Unknown,99,Unknown,99,Unknown EMS Scene Arrival Hour,99,Unknown EMS Scene Arrival Minutes,88,"Not Applicable (Not Transported) ",88,Not Applicable (Not Transported),,,,,,,1,