caseyear,state,st_case,statename,ve_total,ve_forms,pvh_invl,peds,pernotmvit,permvit,persons,county,countyname,city,cityname,day,dayname,month,monthname,year,day_week,day_weekname,hour,hourname,minute,minutename,nhs,nhsname,rur_urb,rur_urbname,func_sys,func_sysname,rd_owner,rd_ownername,route,routename,tway_id,tway_id2,milept,mileptname,latitude,latitudename,longitud,longitudname,sp_jur,sp_jurname,harm_ev,harm_evname,man_coll,man_collname,reljct1,reljct1name,reljct2,reljct2name,typ_int,typ_intname,wrk_zone,wrk_zonename,road_fnc,road_fncname,rel_road,rel_roadname,lgt_cond,lgt_condname,weather1,weather1name,weather2,weather2name,weather,weathername,sch_bus,sch_busname,rail,railname,not_hour,not_hourname,not_min,not_minname,arr_hour,arr_hourname,arr_min,arr_minname,hosp_hr,hosp_hrname,hosp_mn,hosp_mnname,cf1,cf1name,cf2,cf2name,cf3,cf3name,fatals,drunk_dr
2022,55,550077,Wisconsin,1,1,0,0,0,2,2,75,MARINETTE (75),0,NOT APPLICABLE,26,26,3,March,2022,7,Saturday,14,2:00pm-2:59pm,45,45,0,This section IS NOT on the NHS,1,Rural,5,Major Collector,3,Town or Township Highway Agency,5,Local Street - Township,PARKWAY RD,,99998,Not Reported,45.36333611,45.36333611,-88.223866670,-88.22386667,0,No Special Jurisdiction,1,Rollover/Overturn,0,The First Harmful Event was Not a Collision with a Motor Vehicle in Transport,0,No,1,Non-Junction,1,Not an Intersection,0,None,,,4,On Roadside,1,Daylight,,,,,4,Snow,0,No,0000000,Not Applicable,14,2:00pm-2:59pm,49,49,15,3:00pm-3:59pm,6,6,99,Unknown,99,Unknown EMS Hospital Arrival Time,,,,,,,1,
2022,55,550078,Wisconsin,2,2,0,0,0,2,2,79,MILWAUKEE (79),3100,MILWAUKEE,27,27,1,January,2022,5,Thursday,14,2:00pm-2:59pm,33,33,1,This section IS ON the NHS,2,Urban,3,Principal Arterial - Other,4,City or Municipal Highway Agency,6,Local Street - Municipality,N SHERMAN BLVD,,99998,Not Reported,43.11805556,43.11805556,-87.967633330,-87.96763333,0,No Special Jurisdiction,12,Motor Vehicle In-Transport,2,Front-to-Front,0,No,1,Non-Junction,1,Not an Intersection,0,None,,,1,On Roadway,1,Daylight,,,,,1,Clear,0,No,0000000,Not Applicable,14,2:00pm-2:59pm,33,33,14,2:00pm-2:59pm,50,50,88,"Not Applicable (Not Transported) ",88,Not Applicable (Not Transported),,,,,,,1,
2022,55,550079,Wisconsin,1,1,0,1,1,1,1,79,MILWAUKEE (79),3100,MILWAUKEE,30,30,1,January,2022,1,Sunday,3,3:00am-3:59am,15,15,0,This section IS NOT on the NHS,2,Urban,4,Minor Arterial,4,City or Municipal Highway Agency,6,Local Street - Municipality,N 35TH ST,,99998,Not Reported,43.06270833,43.06270833,-87.957486110,-87.95748611,0,No Special Jurisdiction,8,Pedestrian,0,The First Harmful Event was Not a Collision with a Motor Vehicle in Transport,0,No,1,Non-Junction,1,Not an Intersection,0,None,,,1,On Roadway,3,Dark - Lighted,,,,,1,Clear,0,No,0000000,Not Applicable,3,3:00am-3:59am,17,17,3,3:00am-3:59am,26,26,88,"Not Applicable (Not Transported) ",88,Not Applicable (Not Transported),,,,,,,1,
2022,55,550080,Wisconsin,1,1,0,0,0,1,1,43,GRANT (43),0,NOT APPLICABLE,24,24,3,March,2022,5,Thursday,10,10:00am-10:59am,19,19,0,This section IS NOT on the NHS,1,Rural,5,Major Collector,1,State Highway Agency,3,State Highway,SR-133,,99998,Not Reported,43.11100278,43.11100278,-90.751041670,-90.75104167,0,No Special Jurisdiction,38,Fence,0,The First Harmful Event was Not a Collision with a Motor Vehicle in Transport,0,No,1,Non-Junction,1,Not an Intersection,0,None,,,5,Outside Trafficway,1,Daylight,,,,,2,Rain,0,No,0000000,Not Applicable,10,10:00am-10:59am,22,22,10,10:00am-10:59am,31,31,99,Unknown,99,Unknown EMS Hospital Arrival Time,,,,,,,1,
2022,55,550081,Wisconsin,1,1,0,0,0,1,1,91,PEPIN (91),0,NOT APPLICABLE,31,31,3,March,2022,5,Thursday,20,8:00pm-8:59pm,15,15,0,This section IS NOT on the NHS,1,Rural,6,Minor Collector,2,County Highway Agency,4,County Road,CR-Z,,99998,Not Reported,44.66403611,44.66403611,-92.110027780,-92.11002778,0,No Special Jurisdiction,1,Rollover/Overturn,0,The First Harmful Event was Not a Collision with a Motor Vehicle in Transport,0,No,1,Non-Junction,1,Not an Intersection,0,None,,,4,On Roadside,2,Dark - Not Lighted,,,,,10,Cloudy,0,No,0000000,Not Applicable,21,9:00pm-9:59pm,5,5,21,9:00pm-9:59pm,25,25,88,"Not Applicable (Not Transported) ",88,Not Applicable (Not Transported),,,,,,,1,
2022,55,550082,Wisconsin,1,1,0,0,0,1,1,57,JUNEAU (57),0,NOT APPLICABLE,5,5,4,April,2022,3,Tuesday,1,1:00am-1:59am,43,43,0,This section IS NOT on the NHS,1,Rural,5,Major Collector,1,State Highway Agency,2,U.S. Highway,US-12,,99998,Not Reported,43.73055556,43.73055556,-90.002752780,-90.00275278,0,No Special Jurisdiction,53,Mail Box,0,The First Harmful Event was Not a Collision with a Motor Vehicle in Transport,0,No,1,Non-Junction,1,Not an Intersection,0,None,,,4,On Roadside,2,Dark - Not Lighted,,,,,10,Cloudy,0,No,0000000,Not Applicable,1,1:00am-1:59am,47,47,1,1:00am-1:59am,56,56,88,"Not Applicable (Not Transported) ",88,Not Applicable (Not Transported),,,,,,,1,
2022,55,550083,Wisconsin,1,1,0,0,0,1,1,115,SHAWANO (115),0,NOT APPLICABLE,10,10,4,April,2022,1,Sunday,0,0:00am-0:59am,15,15,1,This section IS ON the NHS,1,Rural,3,Principal Arterial - Other,1,State Highway Agency,3,State Highway,SR-29,,99998,Not Reported,44.60164444,44.60164444,-88.247852780,-88.24785278,0,No Special Jurisdiction,50,Bridge Overhead Structure,0,The First Harmful Event was Not a Collision with a Motor Vehicle in Transport,0,No,1,Non-Junction,1,Not an Intersection,0,None,,,4,On Roadside,2,Dark - Not Lighted,,,,,1,Clear,0,No,0000000,Not Applicable,0,0:00am-0:59am,22,22,0,0:00am-0:59am,31,31,88,"Not Applicable (Not Transported) ",88,Not Applicable (Not Transported),,,,,,,1,
2022,55,550084,Wisconsin,2,2,0,0,0,2,2,43,GRANT (43),0,NOT APPLICABLE,6,6,4,April,2022,4,Wednesday,11,11:00am-11:59am,50,50,1,This section IS ON the NHS,1,Rural,3,Principal Arterial - Other,1,State Highway Agency,2,U.S. Highway,US-18,,99998,Not Reported,42.98596389,42.98596389,-91.044613890,-91.04461389,0,No Special Jurisdiction,12,Motor Vehicle In-Transport,6,Angle,0,No,8,Driveway Access Related,1,Not an Intersection,0,None,,,1,On Roadway,1,Daylight,,,,,2,Rain,0,No,0000000,Not Applicable,12,12:00pm-12:59pm,0,0,12,12:00pm-12:59pm,15,15,99,Unknown,99,Unknown EMS Hospital Arrival Time,,,,,,,1,
2022,55,550085,Wisconsin,2,2,0,0,0,2,2,111,SAUK (111),0,NOT APPLICABLE,12,12,4,April,2022,3,Tuesday,7,7:00am-7:59am,50,50,1,This section IS ON the NHS,1,Rural,3,Principal Arterial - Other,1,State Highway Agency,2,U.S. Highway,US-14,,99998,Not Reported,43.19118333,43.19118333,-90.187077780,-90.18707778,0,No Special Jurisdiction,12,Motor Vehicle In-Transport,2,Front-to-Front,0,No,1,Non-Junction,1,Not an Intersection,0,None,,,1,On Roadway,1,Daylight,,,,,10,Cloudy,0,No,0000000,Not Applicable,99,Unknown,99,Unknown,99,Unknown EMS Scene Arrival Hour,99,Unknown EMS Scene Arrival Minutes,99,Unknown,99,Unknown EMS Hospital Arrival Time,,,,,,,1,
2022,55,550086,Wisconsin,2,2,0,0,0,2,2,95,POLK (95),0,NOT APPLICABLE,7,7,4,April,2022,5,Thursday,7,7:00am-7:59am,12,12,0,This section IS NOT on the NHS,1,Rural,4,Minor Arterial,1,State Highway Agency,3,State Highway,SR-35,,99998,Not Reported,45.47920556,45.47920556,-92.529527780,-92.52952778,0,No Special Jurisdiction,12,Motor Vehicle In-Transport,2,Front-to-Front,0,No,1,Non-Junction,1,Not an Intersection,0,None,,,1,On Roadway,1,Daylight,,,,,4,Snow,0,No,0000000,Not Applicable,99,Unknown,99,Unknown,99,Unknown EMS Scene Arrival Hour,99,Unknown EMS Scene Arrival Minutes,99,Unknown,99,Unknown EMS Hospital Arrival Time,,,,,,,1,
2022,55,550087,Wisconsin,2,2,0,0,0,3,3,109,ST CROIX (109),0,NOT APPLICABLE,12,12,4,April,2022,3,Tuesday,15,3:00pm-3:59pm,28,28,0,This section IS NOT on the NHS,2,Urban,3,Principal Arterial - Other,2,County Highway Agency,4,County Road,CR-BUSINESS HIGHWAY 64,,0,None,45.11879444,45.11879444,-92.578161110,-92.57816111,0,No Special Jurisdiction,12,Motor Vehicle In-Transport,2,Front-to-Front,0,No,1,Non-Junction,1,Not an Intersection,0,None,,,1,On Roadway,1,Daylight,,,,,10,Cloudy,0,No,0000000,Not Applicable,15,3:00pm-3:59pm,38,38,15,3:00pm-3:59pm,41,41,99,Unknown,99,Unknown EMS Hospital Arrival Time,,,,,,,1,
2022,55,550088,Wisconsin,1,1,0,0,0,2,2,133,WAUKESHA (133),2990,MENOMONEE FALLS,13,13,4,April,2022,4,Wednesday,0,0:00am-0:59am,53,53,0,This section IS NOT on the NHS,2,Urban,4,Minor Arterial,2,County Highway Agency,4,County Road,CR-Y,,0,None,43.14116111,43.14116111,-88.164244440,-88.16424444,0,No Special Jurisdiction,42,Tree (Standing Only),0,The First Harmful Event was Not a Collision with a Motor Vehicle in Transport,0,No,1,Non-Junction,1,Not an Intersection,0,None,,,4,On Roadside,2,Dark - Not Lighted,,,,,10,Cloudy,0,No,0000000,Not Applicable,0,0:00am-0:59am,56,56,0,0:00am-0:59am,59,59,1,1:00am-1:59am,29,29,,,,,,,1,
2022,55,550089,Wisconsin,1,1,0,0,0,1,1,79,MILWAUKEE (79),3100,MILWAUKEE,17,17,3,March,2022,5,Thursday,22,10:00pm-10:59pm,56,56,1,This section IS ON the NHS,2,Urban,1,Interstate,1,State Highway Agency,1,Interstate,I-41,,99998,Not Reported,42.96296667,42.96296667,-87.945969440,-87.94596944,0,No Special Jurisdiction,25,Concrete Traffic Barrier,0,The First Harmful Event was Not a Collision with a Motor Vehicle in Transport,1,Yes,5,Entrance/Exit Ramp Related,1,Not an Intersection,0,None,,,4,On Roadside,3,Dark - Lighted,,,,,10,Cloudy,0,No,0000000,Not Applicable,23,11:00pm-11:59pm,3,3,23,11:00pm-11:59pm,16,16,88,"Not Applicable (Not Transported) ",88,Not Applicable (Not Transported),,,,,,,1,
2022,55,550090,Wisconsin,1,1,0,0,0,1,1,105,ROCK (105),0,NOT APPLICABLE,12,12,4,April,2022,3,Tuesday,11,11:00am-11:59am,10,10,0,This section IS NOT on the NHS,1,Rural,7,Local,3,Town or Township Highway Agency,5,Local Street - Township,N RIVER RD,,0,None,42.74454722,42.74454722,-89.085902780,-89.08590278,0,No Special Jurisdiction,16,Thrown or Falling Object,0,The First Harmful Event was Not a Collision with a Motor Vehicle in Transport,0,No,1,Non-Junction,1,Not an Intersection,0,None,,,1,On Roadway,1,Daylight,,,,,10,Cloudy,0,No,0000000,Not Applicable,11,11:00am-11:59am,13,13,11,11:00am-11:59am,22,22,88,"Not Applicable (Not Transported) ",88,Not Applicable (Not Transported),,,,,,,1,
2022,55,550091,Wisconsin,2,2,0,0,0,2,2,117,SHEBOYGAN (117),0,NOT APPLICABLE,13,13,4,April,2022,4,Wednesday,5,5:00am-5:59am,43,43,0,This section IS NOT on the NHS,1,Rural,5,Major Collector,2,County Highway Agency,4,County Road,CR-J,,0,None,43.79079167,43.79079167,-87.843544440,-87.84354444,0,No Special Jurisdiction,12,Motor Vehicle In-Transport,2,Front-to-Front,0,No,1,Non-Junction,1,Not an Intersection,0,None,,,1,On Roadway,2,Dark - Not Lighted,,,,,5,"Fog, Smog, Smoke",0,No,0000000,Not Applicable,5,5:00am-5:59am,43,43,5,5:00am-5:59am,55,55,99,Unknown,99,Unknown EMS Hospital Arrival Time,,,,,,,2,
2022,55,550092,Wisconsin,1,1,0,0,0,1,1,97,PORTAGE (97),0,NOT APPLICABLE,15,15,4,April,2022,6,Friday,19,7:00pm-7:59pm,42,42,0,This section IS NOT on the NHS,1,Rural,4,Minor Arterial,1,State Highway Agency,3,State Highway,SR-66,RUSTIC DR,99998,Not Reported,44.57982500,44.57982500,-89.396386110,-89.39638611,0,No Special Jurisdiction,33,Curb,0,The First Harmful Event was Not a Collision with a Motor Vehicle in Transport,0,No,3,Intersection-Related,3,T-Intersection,0,None,,,4,On Roadside,5,Dusk,,,,,10,Cloudy,0,No,0000000,Not Applicable,19,7:00pm-7:59pm,48,48,19,7:00pm-7:59pm,59,59,88,"Not Applicable (Not Transported) ",88,Not Applicable (Not Transported),,,,,,,1,
2022,55,550093,Wisconsin,2,2,0,0,0,3,3,73,MARATHON (73),0,NOT APPLICABLE,16,16,4,April,2022,7,Saturday,23,11:00pm-11:59pm,27,27,1,This section IS ON the NHS,1,Rural,3,Principal Arterial - Other,1,State Highway Agency,3,State Highway,SR-29,,99998,Not Reported,44.94540000,44.94540000,-90.103005560,-90.10300556,0,No Special Jurisdiction,12,Motor Vehicle In-Transport,2,Front-to-Front,0,No,1,Non-Junction,1,Not an Intersection,0,None,,,1,On Roadway,2,Dark - Not Lighted,,,,,1,Clear,0,No,0000000,Not Applicable,23,11:00pm-11:59pm,30,30,99,Unknown EMS Scene Arrival Hour,97,Officially Cancelled,99,Unknown,97,Officially Canceled,,,,,,,3,
2022,55,550094,Wisconsin,1,1,0,0,0,1,1,99,PRICE (99),0,NOT APPLICABLE,10,10,4,April,2022,1,Sunday,22,10:00pm-10:59pm,17,17,0,This section IS NOT on the NHS,1,Rural,4,Minor Arterial,1,State Highway Agency,3,State Highway,SR-70,,99998,Not Reported,45.88834444,45.88834444,-90.217313890,-90.21731389,0,No Special Jurisdiction,42,Tree (Standing Only),0,The First Harmful Event was Not a Collision with a Motor Vehicle in Transport,0,No,1,Non-Junction,1,Not an Intersection,0,None,,,4,On Roadside,2,Dark - Not Lighted,,,,,1,Clear,0,No,0000000,Not Applicable,22,10:00pm-10:59pm,17,17,22,10:00pm-10:59pm,55,55,88,"Not Applicable (Not Transported) ",88,Not Applicable (Not Transported),,,,,,,1,
2022,55,550095,Wisconsin,1,1,0,0,0,1,1,67,LANGLADE (67),0,NOT APPLICABLE,12,12,4,April,2022,3,Tuesday,14,2:00pm-2:59pm,8,8,0,This section IS NOT on the NHS,1,Rural,7,Local,3,Town or Township Highway Agency,5,Local Street - Township,RANGE LINE RD,,0,None,45.22304722,45.22304722,-89.304300000,-89.30430000,0,No Special Jurisdiction,34,Ditch,0,The First Harmful Event was Not a Collision with a Motor Vehicle in Transport,0,No,1,Non-Junction,1,Not an Intersection,0,None,,,4,On Roadside,1,Daylight,,,,,1,Clear,0,No,0000000,Not Applicable,99,Unknown,99,Unknown,99,Unknown EMS Scene Arrival Hour,99,Unknown EMS Scene Arrival Minutes,88,"Not Applicable (Not Transported) ",88,Not Applicable (Not Transported),,,,,,,1,
2022,55,550096,Wisconsin,1,1,0,1,1,1,1,79,MILWAUKEE (79),3100,MILWAUKEE,25,25,3,March,2022,6,Friday,11,11:00am-11:59am,30,30,0,This section IS NOT on the NHS,2,Urban,5,Major Collector,4,City or Municipal Highway Agency,6,Local Street - Municipality,S 20TH ST,W GRANT ST,0,None,43.00483611,43.00483611,-87.938163890,-87.93816389,0,No Special Jurisdiction,9,Pedalcyclist,0,The First Harmful Event was Not a Collision with a Motor Vehicle in Transport,0,No,2,Intersection,2,Four-Way Intersection,0,None,,,1,On Roadway,1,Daylight,,,,,10,Cloudy,0,No,0000000,Not Applicable,11,11:00am-11:59am,31,31,99,Unknown EMS Scene Arrival Hour,99,Unknown EMS Scene Arrival Minutes,88,"Not Applicable (Not Transported) ",88,Not Applicable (Not Transported),,,,,,,1,
2022,55,550097,Wisconsin,2,2,0,0,0,2,2,115,SHAWANO (115),0,NOT APPLICABLE,7,7,4,April,2022,5,Thursday,8,8:00am-8:59am,44,44,1,This section IS ON the NHS,1,Rural,3,Principal Arterial - Other,1,State Highway Agency,2,U.S. Highway,US-45,,99998,Not Reported,44.86736111,44.86736111,-89.169750000,-89.16975000,0,No Special Jurisdiction,12,Motor Vehicle In-Transport,2,Front-to-Front,0,No,1,Non-Junction,1,Not an Intersection,0,None,,,1,On Roadway,1,Daylight,,,,,10,Cloudy,0,No,0000000,Not Applicable,99,Unknown,99,Unknown,99,Unknown EMS Scene Arrival Hour,99,Unknown EMS Scene Arrival Minutes,99,Unknown,99,Unknown EMS Hospital Arrival Time,,,,,,,1,
2022,55,550098,Wisconsin,1,1,0,0,0,1,1,135,WAUPACA (135),0,NOT APPLICABLE,5,5,4,April,2022,3,Tuesday,1,1:00am-1:59am,30,30,1,This section IS ON the NHS,1,Rural,2,Principal Arterial - Other Freeways and Expressways,1,State Highway Agency,2,U.S. Highway,US-10,,99998,Not Reported,44.33115556,44.33115556,-89.050780560,-89.05078056,0,No Special Jurisdiction,1,Rollover/Overturn,0,The First Harmful Event was Not a Collision with a Motor Vehicle in Transport,0,No,1,Non-Junction,1,Not an Intersection,0,None,,,4,On Roadside,2,Dark - Not Lighted,,,,,10,Cloudy,0,No,0000000,Not Applicable,1,1:00am-1:59am,36,36,99,Unknown EMS Scene Arrival Hour,99,Unknown EMS Scene Arrival Minutes,2,2:00am-2:59am,1,1,,,,,,,1,
2022,55,550099,Wisconsin,2,2,0,0,0,3,3,105,ROCK (105),440,BELOIT,10,10,4,April,2022,1,Sunday,20,8:00pm-8:59pm,36,36,0,This section IS NOT on the NHS,2,Urban,4,Minor Arterial,2,County Highway Agency,4,County Road,CR-Q,HABORN RD,0,None,42.54022778,42.54022778,-89.046977780,-89.04697778,0,No Special Jurisdiction,59,"Traffic Sign Support ",0,The First Harmful Event was Not a Collision with a Motor Vehicle in Transport,0,No,3,Intersection-Related,2,Four-Way Intersection,0,None,,,4,On Roadside,5,Dusk,,,,,10,Cloudy,0,No,0000000,Not Applicable,99,Unknown,99,Unknown,99,Unknown EMS Scene Arrival Hour,99,Unknown EMS Scene Arrival Minutes,99,Unknown,99,Unknown EMS Hospital Arrival Time,,,,,,,1,
2022,55,550100,Wisconsin,2,2,0,0,0,2,2,21,COLUMBIA (21),1690,FALL RIVER,17,17,3,March,2022,5,Thursday,16,4:00pm-4:59pm,17,17,0,This section IS NOT on the NHS,2,Urban,4,Minor Arterial,2,County Highway Agency,4,County Road,CR-D MAIN ST S,SR-16,0,None,43.37836667,43.37836667,-89.065658330,-89.06565833,0,No Special Jurisdiction,12,Motor Vehicle In-Transport,6,Angle,9,Reported as Unknown,2,Intersection,3,T-Intersection,0,None,,,1,On Roadway,1,Daylight,,,,,1,Clear,0,No,0000000,Not Applicable,16,4:00pm-4:59pm,18,18,99,Unknown EMS Scene Arrival Hour,99,Unknown EMS Scene Arrival Minutes,88,"Not Applicable (Not Transported) ",88,Not Applicable (Not Transported),,,,,,,1,
2022,55,550101,Wisconsin,1,1,0,0,0,1,1,83,OCONTO (83),0,NOT APPLICABLE,21,21,4,April,2022,5,Thursday,20,8:00pm-8:59pm,36,36,0,This section IS NOT on the NHS,1,Rural,6,Minor Collector,2,County Highway Agency,4,County Road,CR-G,,99998,Not Reported,45.02528333,45.02528333,-88.204100000,-88.20410000,0,No Special Jurisdiction,42,Tree (Standing Only),0,The First Harmful Event was Not a Collision with a Motor Vehicle in Transport,0,No,1,Non-Junction,1,Not an Intersection,0,None,,,4,On Roadside,2,Dark - Not Lighted,,,,,1,Clear,0,No,0000000,Not Applicable,20,8:00pm-8:59pm,36,36,20,8:00pm-8:59pm,50,50,88,"Not Applicable (Not Transported) ",88,Not Applicable (Not Transported),,,,,,,1,
2022,55,550102,Wisconsin,1,1,0,0,0,1,1,111,SAUK (111),2515,LAKE DELTON,3,3,4,April,2022,1,Sunday,2,2:00am-2:59am,35,35,1,This section IS ON the NHS,2,Urban,1,Interstate,1,State Highway Agency,1,Interstate,I-90,,99998,Not Reported,43.59520278,43.59520278,-89.814186110,-89.81418611,0,No Special Jurisdiction,1,Rollover/Overturn,0,The First Harmful Event was Not a Collision with a Motor Vehicle in Transport,0,No,1,Non-Junction,1,Not an Intersection,0,None,,,4,On Roadside,2,Dark - Not Lighted,,,,,2,Rain,0,No,0000000,Not Applicable,99,Unknown,99,Unknown,99,Unknown EMS Scene Arrival Hour,99,Unknown EMS Scene Arrival Minutes,99,Unknown,99,Unknown EMS Hospital Arrival Time,,,,,,,1,
2022,55,550103,Wisconsin,2,2,0,0,0,2,2,139,WINNEBAGO (139),3620,OSHKOSH,13,13,4,April,2022,4,Wednesday,8,8:00am-8:59am,35,35,0,This section IS NOT on the NHS,2,Urban,4,Minor Arterial,4,City or Municipal Highway Agency,6,Local Street - Municipality,BOWEN ST,,0,None,44.04953611,44.04953611,-88.528027780,-88.52802778,0,No Special Jurisdiction,12,Motor Vehicle In-Transport,8,Sideswipe - Opposite Direction,0,No,1,Non-Junction,1,Not an Intersection,0,None,,,1,On Roadway,1,Daylight,,,,,10,Cloudy,0,No,0000000,Not Applicable,8,8:00am-8:59am,38,38,8,8:00am-8:59am,42,42,9,9:00am-9:59am,5,5,,,,,,,1,
2022,55,550104,Wisconsin,1,1,0,0,0,1,1,17,CHIPPEWA (17),0,NOT APPLICABLE,21,21,4,April,2022,5,Thursday,18,6:00pm-6:59pm,33,33,0,This section IS NOT on the NHS,1,Rural,5,Major Collector,2,County Highway Agency,4,County Road,CR-Q,,0,None,44.98451944,44.98451944,-91.437658330,-91.43765833,0,No Special Jurisdiction,34,Ditch,0,The First Harmful Event was Not a Collision with a Motor Vehicle in Transport,0,No,1,Non-Junction,1,Not an Intersection,0,None,,,4,On Roadside,1,Daylight,,,,,1,Clear,0,No,0000000,Not Applicable,18,6:00pm-6:59pm,33,33,18,6:00pm-6:59pm,44,44,88,"Not Applicable (Not Transported) ",88,Not Applicable (Not Transported),,,,,,,1,
2022,55,550105,Wisconsin,1,1,0,0,0,1,1,87,OUTAGAMIE (87),2370,KAUKAUNA,23,23,4,April,2022,7,Saturday,14,2:00pm-2:59pm,19,19,0,This section IS NOT on the NHS,1,Rural,4,Minor Arterial,2,County Highway Agency,4,County Road,CR-Q,,99998,Not Reported,44.26527500,44.26527500,-88.257500000,-88.25750000,0,No Special Jurisdiction,40,Fire Hydrant,0,The First Harmful Event was Not a Collision with a Motor Vehicle in Transport,0,No,1,Non-Junction,1,Not an Intersection,0,None,,,4,On Roadside,1,Daylight,,,,,1,Clear,0,No,0000000,Not Applicable,14,2:00pm-2:59pm,20,20,14,2:00pm-2:59pm,23,23,14,2:00pm-2:59pm,55,55,,,,,,,1,
2022,55,550106,Wisconsin,1,1,0,0,0,1,1,79,MILWAUKEE (79),3100,MILWAUKEE,14,14,4,April,2022,5,Thursday,23,11:00pm-11:59pm,2,2,1,This section IS ON the NHS,2,Urban,3,Principal Arterial - Other,1,State Highway Agency,3,State Highway,SR-57,,99998,Not Reported,43.10775278,43.10775278,-87.932055560,-87.93205556,0,No Special Jurisdiction,42,Tree (Standing Only),0,The First Harmful Event was Not a Collision with a Motor Vehicle in Transport,0,No,1,Non-Junction,1,Not an Intersection,0,None,,,3,On Median,3,Dark - Lighted,,,,,10,Cloudy,0,No,0000000,Not Applicable,99,Unknown,99,Unknown,99,Unknown EMS Scene Arrival Hour,99,Unknown EMS Scene Arrival Minutes,88,"Not Applicable (Not Transported) ",88,Not Applicable (Not Transported),,,,,,,1,
2022,55,550107,Wisconsin,1,1,0,0,0,1,1,75,MARINETTE (75),0,NOT APPLICABLE,18,18,4,April,2022,2,Monday,15,3:00pm-3:59pm,9,9,0,This section IS NOT on the NHS,1,Rural,4,Minor Arterial,1,State Highway Agency,3,State Highway,SR-180,,99998,Not Reported,45.33611389,45.33611389,-87.808005560,-87.80800556,0,No Special Jurisdiction,42,Tree (Standing Only),0,The First Harmful Event was Not a Collision with a Motor Vehicle in Transport,0,No,1,Non-Junction,1,Not an Intersection,0,None,,,4,On Roadside,1,Daylight,,,,,4,Snow,0,No,0000000,Not Applicable,15,3:00pm-3:59pm,10,10,15,3:00pm-3:59pm,20,20,16,4:00pm-4:59pm,29,29,,,,,,,1,
2022,55,550108,Wisconsin,1,1,0,0,0,1,1,137,WAUSHARA (137),0,NOT APPLICABLE,24,24,4,April,2022,1,Sunday,0,0:00am-0:59am,21,21,1,This section IS ON the NHS,1,Rural,1,Interstate,1,State Highway Agency,1,Interstate,I-39,,99998,Not Reported,44.00679722,44.00679722,-89.502955560,-89.50295556,0,No Special Jurisdiction,18,Other Object (not fixed),0,The First Harmful Event was Not a Collision with a Motor Vehicle in Transport,0,No,1,Non-Junction,1,Not an Intersection,4,"Work Zone, Type Unknown",,,1,On Roadway,2,Dark - Not Lighted,,,,,2,Rain,0,No,0000000,Not Applicable,0,0:00am-0:59am,21,21,99,Unknown EMS Scene Arrival Hour,99,Unknown EMS Scene Arrival Minutes,88,"Not Applicable (Not Transported) ",88,Not Applicable (Not Transported),,,,,,,1,
2022,55,550109,Wisconsin,2,2,0,0,0,2,2,53,JACKSON (53),0,NOT APPLICABLE,22,22,4,April,2022,6,Friday,12,12:00pm-12:59pm,47,47,0,This section IS NOT on the NHS,2,Urban,3,Principal Arterial - Other,1,State Highway Agency,3,State Highway,SR-54,,99998,Not Reported,44.31165278,44.31165278,-90.803561110,-90.80356111,0,No Special Jurisdiction,12,Motor Vehicle In-Transport,2,Front-to-Front,0,No,1,Non-Junction,1,Not an Intersection,0,None,,,1,On Roadway,1,Daylight,,,,,2,Rain,0,No,0000000,Not Applicable,99,Unknown,99,Unknown,99,Unknown EMS Scene Arrival Hour,99,Unknown EMS Scene Arrival Minutes,99,Unknown,99,Unknown EMS Hospital Arrival Time,,,,,,,1,
2022,55,550110,Wisconsin,2,2,0,0,0,2,2,133,WAUKESHA (133),3352,NEW BERLIN,23,23,4,April,2022,7,Saturday,6,6:00am-6:59am,38,38,0,This section IS NOT on the NHS,2,Urban,4,Minor Arterial,2,County Highway Agency,4,County Road,CR-I,CALHOUN RD,99998,Not Reported,42.95172222,42.95172222,-88.128755560,-88.12875556,0,No Special Jurisdiction,12,Motor Vehicle In-Transport,6,Angle,1,Yes,2,Intersection,2,Four-Way Intersection,0,None,,,1,On Roadway,1,Daylight,,,,,1,Clear,0,No,0000000,Not Applicable,6,6:00am-6:59am,39,39,6,6:00am-6:59am,44,44,99,Unknown,99,Unknown EMS Hospital Arrival Time,,,,,,,1,
2022,55,550111,Wisconsin,2,2,0,0,0,3,3,117,SHEBOYGAN (117),0,NOT APPLICABLE,23,23,4,April,2022,7,Saturday,20,8:00pm-8:59pm,35,35,1,This section IS ON the NHS,1,Rural,3,Principal Arterial - Other,1,State Highway Agency,3,State Highway,SR-57,,99998,Not Reported,43.86463333,43.86463333,-87.942380560,-87.94238056,0,No Special Jurisdiction,12,Motor Vehicle In-Transport,2,Front-to-Front,0,No,1,Non-Junction,1,Not an Intersection,0,None,,,1,On Roadway,2,Dark - Not Lighted,,,,,1,Clear,0,No,0000000,Not Applicable,20,8:00pm-8:59pm,37,37,20,8:00pm-8:59pm,46,46,99,Unknown,99,Unknown EMS Hospital Arrival Time,,,,,,,3,