caseyear,state,st_case,statename,ve_total,ve_forms,pvh_invl,peds,pernotmvit,permvit,persons,county,countyname,city,cityname,day,dayname,month,monthname,year,day_week,day_weekname,hour,hourname,minute,minutename,nhs,nhsname,rur_urb,rur_urbname,func_sys,func_sysname,rd_owner,rd_ownername,route,routename,tway_id,tway_id2,milept,mileptname,latitude,latitudename,longitud,longitudname,sp_jur,sp_jurname,harm_ev,harm_evname,man_coll,man_collname,reljct1,reljct1name,reljct2,reljct2name,typ_int,typ_intname,wrk_zone,wrk_zonename,road_fnc,road_fncname,rel_road,rel_roadname,lgt_cond,lgt_condname,weather1,weather1name,weather2,weather2name,weather,weathername,sch_bus,sch_busname,rail,railname,not_hour,not_hourname,not_min,not_minname,arr_hour,arr_hourname,arr_min,arr_minname,hosp_hr,hosp_hrname,hosp_mn,hosp_mnname,cf1,cf1name,cf2,cf2name,cf3,cf3name,fatals,drunk_dr
2022,55,550112,Wisconsin,1,1,0,0,0,2,2,25,DANE (25),2780,MADISON,28,28,4,April,2022,5,Thursday,2,2:00am-2:59am,13,13,0,This section IS NOT on the NHS,2,Urban,4,Minor Arterial,4,City or Municipal Highway Agency,6,Local Street - Municipality,S WHITNEY WAY,ENDEAVOR LN,99998,Not Reported,43.05779444,43.05779444,-89.472122220,-89.47212222,0,No Special Jurisdiction,42,Tree (Standing Only),0,The First Harmful Event was Not a Collision with a Motor Vehicle in Transport,0,No,3,Intersection-Related,3,T-Intersection,0,None,,,4,On Roadside,3,Dark - Lighted,,,,,1,Clear,0,No,0000000,Not Applicable,2,2:00am-2:59am,19,19,2,2:00am-2:59am,26,26,2,2:00am-2:59am,51,51,,,,,,,1,
2022,55,550113,Wisconsin,1,1,0,0,0,1,1,27,DODGE (27),0,NOT APPLICABLE,25,25,4,April,2022,2,Monday,17,5:00pm-5:59pm,30,30,0,This section IS NOT on the NHS,1,Rural,4,Minor Arterial,1,State Highway Agency,3,State Highway,SR-60,,99998,Not Reported,43.34259167,43.34259167,-88.638980560,-88.63898056,0,No Special Jurisdiction,32,Culvert,0,The First Harmful Event was Not a Collision with a Motor Vehicle in Transport,0,No,1,Non-Junction,1,Not an Intersection,0,None,,,4,On Roadside,1,Daylight,,,,,10,Cloudy,0,No,0000000,Not Applicable,17,5:00pm-5:59pm,31,31,17,5:00pm-5:59pm,47,47,18,6:00pm-6:59pm,33,33,,,,,,,1,
2022,55,550114,Wisconsin,4,4,0,0,0,10,10,127,WALWORTH (127),0,NOT APPLICABLE,1,1,5,May,2022,1,Sunday,13,1:00pm-1:59pm,51,51,0,This section IS NOT on the NHS,1,Rural,4,Minor Arterial,1,State Highway Agency,3,State Highway,SR-89,,99998,Not Reported,42.78313056,42.78313056,-88.749102780,-88.74910278,0,No Special Jurisdiction,12,Motor Vehicle In-Transport,1,Front-to-Rear,0,No,1,Non-Junction,1,Not an Intersection,0,None,,,1,On Roadway,1,Daylight,,,,,10,Cloudy,0,No,0000000,Not Applicable,13,1:00pm-1:59pm,53,53,14,2:00pm-2:59pm,9,9,99,Unknown,99,Unknown EMS Hospital Arrival Time,,,,,,,1,
2022,55,550115,Wisconsin,1,1,0,0,0,2,2,59,KENOSHA (59),9997,Other,1,1,1,January,2022,7,Saturday,1,1:00am-1:59am,54,54,1,This section IS ON the NHS,2,Urban,3,Principal Arterial - Other,1,State Highway Agency,3,State Highway,SR-32 SHERIDAN RD,,99998,Not Reported,42.65903611,42.65903611,-87.811147220,-87.81114722,0,No Special Jurisdiction,30,Utility Pole/Light Support,0,The First Harmful Event was Not a Collision with a Motor Vehicle in Transport,0,No,1,Non-Junction,1,Not an Intersection,0,None,,,4,On Roadside,2,Dark - Not Lighted,,,,,10,Cloudy,0,No,0000000,Not Applicable,99,Unknown,99,Unknown,99,Unknown EMS Scene Arrival Hour,99,Unknown EMS Scene Arrival Minutes,99,Unknown,99,Unknown EMS Hospital Arrival Time,,,,,,,1,
2022,55,550116,Wisconsin,1,1,0,0,0,1,1,25,DANE (25),0,NOT APPLICABLE,1,1,1,January,2022,7,Saturday,99,Unknown Hours,99,Unknown Minutes,0,This section IS NOT on the NHS,1,Rural,4,Minor Arterial,1,State Highway Agency,3,State Highway,SR-78,,99998,Not Reported,42.99041111,42.99041111,-89.760277780,-89.76027778,0,No Special Jurisdiction,38,Fence,0,The First Harmful Event was Not a Collision with a Motor Vehicle in Transport,0,No,1,Non-Junction,1,Not an Intersection,0,None,,,4,On Roadside,2,Dark - Not Lighted,,,,,10,Cloudy,0,No,0000000,Not Applicable,3,3:00am-3:59am,14,14,3,3:00am-3:59am,20,20,88,"Not Applicable (Not Transported) ",88,Not Applicable (Not Transported),,,,,,,1,
2022,55,550117,Wisconsin,2,2,0,0,0,3,3,7,BAYFIELD (7),0,NOT APPLICABLE,25,25,1,January,2022,3,Tuesday,9,9:00am-9:59am,53,53,1,This section IS ON the NHS,1,Rural,3,Principal Arterial - Other,1,State Highway Agency,2,U.S. Highway,US-2,,99998,Not Reported,46.54905833,46.54905833,-91.303691670,-91.30369167,0,No Special Jurisdiction,12,Motor Vehicle In-Transport,2,Front-to-Front,0,No,1,Non-Junction,1,Not an Intersection,0,None,,,1,On Roadway,1,Daylight,,,,,1,Clear,0,No,0000000,Not Applicable,9,9:00am-9:59am,0,0,99,Unknown EMS Scene Arrival Hour,99,Unknown EMS Scene Arrival Minutes,10,10:00am-10:59am,0,0,,,,,,,1,
2022,55,550118,Wisconsin,1,1,0,0,0,2,2,115,SHAWANO (115),0,NOT APPLICABLE,19,19,1,January,2022,4,Wednesday,7,7:00am-7:59am,40,40,0,This section IS NOT on the NHS,1,Rural,7,Local,3,Town or Township Highway Agency,5,Local Street - Township,RED RIVER RD,,0,None,44.94562222,44.94562222,-89.001797220,-89.00179722,0,No Special Jurisdiction,34,Ditch,0,The First Harmful Event was Not a Collision with a Motor Vehicle in Transport,0,No,1,Non-Junction,1,Not an Intersection,0,None,,,4,On Roadside,1,Daylight,,,,,10,Cloudy,0,No,0000000,Not Applicable,99,Unknown,99,Unknown,99,Unknown EMS Scene Arrival Hour,99,Unknown EMS Scene Arrival Minutes,99,Unknown,99,Unknown EMS Hospital Arrival Time,,,,,,,1,
2022,55,550119,Wisconsin,2,2,0,0,0,4,4,53,JACKSON (53),540,BLACK RIVER FALLS,22,22,1,January,2022,7,Saturday,1,1:00am-1:59am,30,30,0,This section IS NOT on the NHS,1,Rural,3,Principal Arterial - Other,1,State Highway Agency,3,State Highway,SR-54,,99998,Not Reported,44.29445833,44.29445833,-90.830777780,-90.83077778,0,No Special Jurisdiction,12,Motor Vehicle In-Transport,6,Angle,0,No,4,Driveway Access,1,Not an Intersection,0,None,,,1,On Roadway,3,Dark - Lighted,,,,,4,Snow,0,No,0000000,Not Applicable,1,1:00am-1:59am,33,33,1,1:00am-1:59am,38,38,88,"Not Applicable (Not Transported) ",88,Not Applicable (Not Transported),,,,,,,3,
2022,55,550120,Wisconsin,2,2,0,0,0,2,2,25,DANE (25),2780,MADISON,29,29,1,January,2022,7,Saturday,9,9:00am-9:59am,3,3,0,This section IS NOT on the NHS,2,Urban,4,Minor Arterial,1,State Highway Agency,2,U.S. Highway,US-51,MILWAUKEE ST,99998,Not Reported,43.09828611,43.09828611,-89.315972220,-89.31597222,0,No Special Jurisdiction,12,Motor Vehicle In-Transport,6,Angle,1,Yes,2,Intersection,2,Four-Way Intersection,0,None,,,1,On Roadway,1,Daylight,,,,,10,Cloudy,0,No,0000000,Not Applicable,9,9:00am-9:59am,3,3,9,9:00am-9:59am,6,6,99,Unknown,99,Unknown EMS Hospital Arrival Time,,,,,,,1,
2022,55,550121,Wisconsin,1,1,0,1,1,1,1,31,DOUGLAS (31),4730,SUPERIOR,29,29,1,January,2022,7,Saturday,20,8:00pm-8:59pm,9,9,1,This section IS ON the NHS,2,Urban,3,Principal Arterial - Other,1,State Highway Agency,2,U.S. Highway,US-2,POPLAR AVE,99998,Not Reported,46.72055278,46.72055278,-92.083902780,-92.08390278,0,No Special Jurisdiction,8,Pedestrian,0,The First Harmful Event was Not a Collision with a Motor Vehicle in Transport,1,Yes,3,Intersection-Related,3,T-Intersection,0,None,,,1,On Roadway,3,Dark - Lighted,,,,,10,Cloudy,0,No,0000000,Not Applicable,99,Unknown,99,Unknown,99,Unknown EMS Scene Arrival Hour,99,Unknown EMS Scene Arrival Minutes,88,"Not Applicable (Not Transported) ",88,Not Applicable (Not Transported),,,,,,,1,
2022,55,550122,Wisconsin,4,4,0,0,0,4,4,25,DANE (25),0,NOT APPLICABLE,17,17,2,February,2022,5,Thursday,7,7:00am-7:59am,30,30,1,This section IS ON the NHS,1,Rural,3,Principal Arterial - Other,1,State Highway Agency,2,U.S. Highway,US-14,,99998,Not Reported,42.88411111,42.88411111,-89.350988890,-89.35098889,0,No Special Jurisdiction,12,Motor Vehicle In-Transport,1,Front-to-Rear,0,No,1,Non-Junction,1,Not an Intersection,0,None,,,1,On Roadway,1,Daylight,,,,,10,Cloudy,0,No,0000000,Not Applicable,7,7:00am-7:59am,31,31,7,7:00am-7:59am,40,40,8,8:00am-8:59am,0,0,,,,,,,1,
2022,55,550123,Wisconsin,2,2,0,0,0,3,3,33,DUNN (33),0,NOT APPLICABLE,16,16,2,February,2022,4,Wednesday,8,8:00am-8:59am,25,25,0,This section IS NOT on the NHS,1,Rural,5,Major Collector,2,County Highway Agency,4,County Road,CR-Q,,0,None,44.89858611,44.89858611,-92.095919440,-92.09591944,0,No Special Jurisdiction,12,Motor Vehicle In-Transport,2,Front-to-Front,0,No,1,Non-Junction,1,Not an Intersection,0,None,,,1,On Roadway,1,Daylight,,,,,10,Cloudy,0,No,0000000,Not Applicable,8,8:00am-8:59am,25,25,8,8:00am-8:59am,32,32,99,Unknown,99,Unknown EMS Hospital Arrival Time,,,,,,,1,
2022,55,550124,Wisconsin,1,1,0,1,1,1,1,85,ONEIDA (85),0,NOT APPLICABLE,4,4,3,March,2022,6,Friday,19,7:00pm-7:59pm,14,14,1,This section IS ON the NHS,1,Rural,3,Principal Arterial - Other,1,State Highway Agency,2,U.S. Highway,US-51,,99998,Not Reported,45.89848333,45.89848333,-89.697550000,-89.69755000,0,No Special Jurisdiction,8,Pedestrian,0,The First Harmful Event was Not a Collision with a Motor Vehicle in Transport,0,No,1,Non-Junction,1,Not an Intersection,0,None,,,1,On Roadway,3,Dark - Lighted,,,,,10,Cloudy,0,No,0000000,Not Applicable,19,7:00pm-7:59pm,17,17,19,7:00pm-7:59pm,18,18,88,"Not Applicable (Not Transported) ",88,Not Applicable (Not Transported),,,,,,,1,
2022,55,550125,Wisconsin,1,1,0,0,0,1,1,27,DODGE (27),5050,WATERTOWN,10,10,3,March,2022,5,Thursday,99,Unknown Hours,99,Unknown Minutes,0,This section IS NOT on the NHS,1,Rural,7,Local,4,City or Municipal Highway Agency,6,Local Street - Municipality,WELSH RD,,0,None,43.21105833,43.21105833,-88.761694440,-88.76169444,0,No Special Jurisdiction,31,"Post, Pole or Other Supports",0,The First Harmful Event was Not a Collision with a Motor Vehicle in Transport,0,No,1,Non-Junction,1,Not an Intersection,0,None,,,4,On Roadside,2,Dark - Not Lighted,,,,,1,Clear,0,No,0000000,Not Applicable,4,4:00am-4:59am,5,5,4,4:00am-4:59am,13,13,99,Unknown,99,Unknown EMS Hospital Arrival Time,,,,,,,1,
2022,55,550126,Wisconsin,2,2,0,0,0,4,4,39,FOND DU LAC (39),0,NOT APPLICABLE,8,8,3,March,2022,3,Tuesday,19,7:00pm-7:59pm,21,21,1,This section IS ON the NHS,2,Urban,2,Principal Arterial - Other Freeways and Expressways,1,State Highway Agency,2,U.S. Highway,US-151,,99998,Not Reported,43.64775278,43.64775278,-88.709188890,-88.70918889,0,No Special Jurisdiction,12,Motor Vehicle In-Transport,7,Sideswipe - Same Direction,0,No,1,Non-Junction,1,Not an Intersection,0,None,,,1,On Roadway,2,Dark - Not Lighted,,,,,10,Cloudy,0,No,0000000,Not Applicable,19,7:00pm-7:59pm,21,21,19,7:00pm-7:59pm,22,22,99,Unknown,99,Unknown EMS Hospital Arrival Time,,,,,,,1,
2022,55,550127,Wisconsin,2,2,0,0,0,2,2,87,OUTAGAMIE (87),0,NOT APPLICABLE,18,18,3,March,2022,6,Friday,15,3:00pm-3:59pm,45,45,1,This section IS ON the NHS,2,Urban,3,Principal Arterial - Other,1,State Highway Agency,2,U.S. Highway,US-45,US-45,99998,Not Reported,44.37146389,44.37146389,-88.725805560,-88.72580556,0,No Special Jurisdiction,12,Motor Vehicle In-Transport,6,Angle,0,No,2,Intersection,2,Four-Way Intersection,0,None,,,1,On Roadway,1,Daylight,,,,,4,Snow,0,No,0000000,Not Applicable,15,3:00pm-3:59pm,54,54,15,3:00pm-3:59pm,57,57,88,"Not Applicable (Not Transported) ",88,Not Applicable (Not Transported),,,,,,,1,
2022,55,550128,Wisconsin,2,2,0,0,0,5,5,117,SHEBOYGAN (117),0,NOT APPLICABLE,25,25,3,March,2022,6,Friday,9,9:00am-9:59am,41,41,0,This section IS NOT on the NHS,1,Rural,4,Minor Arterial,1,State Highway Agency,3,State Highway,SR-32,CR-V,99998,Not Reported,43.67386944,43.67386944,-87.820511110,-87.82051111,0,No Special Jurisdiction,12,Motor Vehicle In-Transport,6,Angle,0,No,2,Intersection,2,Four-Way Intersection,0,None,,,1,On Roadway,1,Daylight,,,,,1,Clear,0,No,0000000,Not Applicable,9,9:00am-9:59am,44,44,9,9:00am-9:59am,58,58,99,Unknown,99,Unknown EMS Hospital Arrival Time,,,,,,,1,
2022,55,550129,Wisconsin,1,1,0,0,0,2,2,131,WASHINGTON (131),0,NOT APPLICABLE,25,25,3,March,2022,6,Friday,7,7:00am-7:59am,53,53,1,This section IS ON the NHS,1,Rural,1,Interstate,1,State Highway Agency,1,Interstate,I-41,,99998,Not Reported,43.45080833,43.45080833,-88.358458330,-88.35845833,0,No Special Jurisdiction,34,Ditch,0,The First Harmful Event was Not a Collision with a Motor Vehicle in Transport,0,No,1,Non-Junction,1,Not an Intersection,0,None,,,4,On Roadside,1,Daylight,,,,,10,Cloudy,0,No,0000000,Not Applicable,7,7:00am-7:59am,54,54,8,8:00am-8:59am,5,5,8,8:00am-8:59am,24,24,,,,,,,1,
2022,55,550130,Wisconsin,1,1,0,0,0,1,1,131,WASHINGTON (131),4089,RICHFIELD,27,27,3,March,2022,1,Sunday,12,12:00pm-12:59pm,50,50,1,This section IS ON the NHS,2,Urban,3,Principal Arterial - Other,1,State Highway Agency,3,State Highway,SR-167 HOLY HILL RD,,99998,Not Reported,43.25110833,43.25110833,-88.233933330,-88.23393333,0,No Special Jurisdiction,34,Ditch,0,The First Harmful Event was Not a Collision with a Motor Vehicle in Transport,0,No,1,Non-Junction,1,Not an Intersection,0,None,,,4,On Roadside,1,Daylight,,,,,1,Clear,0,No,0000000,Not Applicable,13,1:00pm-1:59pm,1,1,13,1:00pm-1:59pm,6,6,88,"Not Applicable (Not Transported) ",88,Not Applicable (Not Transported),,,,,,,1,
2022,55,550131,Wisconsin,1,1,0,0,0,1,1,25,DANE (25),2780,MADISON,15,15,3,March,2022,3,Tuesday,17,5:00pm-5:59pm,17,17,0,This section IS NOT on the NHS,2,Urban,4,Minor Arterial,4,City or Municipal Highway Agency,6,Local Street - Municipality,RAYMOND RD,,99998,Not Reported,43.03186111,43.03186111,-89.472483330,-89.47248333,0,No Special Jurisdiction,42,Tree (Standing Only),0,The First Harmful Event was Not a Collision with a Motor Vehicle in Transport,0,No,1,Non-Junction,1,Not an Intersection,0,None,,,4,On Roadside,1,Daylight,,,,,1,Clear,0,No,0000000,Not Applicable,17,5:00pm-5:59pm,17,17,17,5:00pm-5:59pm,21,21,17,5:00pm-5:59pm,42,42,,,,,,,1,
2022,55,550132,Wisconsin,1,1,0,1,1,1,1,79,MILWAUKEE (79),3100,MILWAUKEE,13,13,2,February,2022,1,Sunday,5,5:00am-5:59am,55,55,0,This section IS NOT on the NHS,2,Urban,4,Minor Arterial,4,City or Municipal Highway Agency,6,Local Street - Municipality,W ATKINSON AVE,N 12TH ST,0,None,43.08500278,43.08500278,-87.925905560,-87.92590556,0,No Special Jurisdiction,8,Pedestrian,0,The First Harmful Event was Not a Collision with a Motor Vehicle in Transport,0,No,3,Intersection-Related,2,Four-Way Intersection,0,None,,,1,On Roadway,4,Dawn,,,,,1,Clear,0,No,0000000,Not Applicable,99,Unknown,99,Unknown,99,Unknown EMS Scene Arrival Hour,97,Officially Cancelled,99,Unknown,97,Officially Canceled,,,,,,,1,
2022,55,550133,Wisconsin,2,2,0,0,0,2,2,133,WAUKESHA (133),0,NOT APPLICABLE,28,28,3,March,2022,2,Monday,21,9:00pm-9:59pm,20,20,1,This section IS ON the NHS,2,Urban,1,Interstate,1,State Highway Agency,1,Interstate,I-94,,99998,Not Reported,43.03966944,43.03966944,-88.178377780,-88.17837778,0,No Special Jurisdiction,12,Motor Vehicle In-Transport,1,Front-to-Rear,0,No,1,Non-Junction,1,Not an Intersection,0,None,,,1,On Roadway,2,Dark - Not Lighted,,,,,1,Clear,0,No,0000000,Not Applicable,99,Unknown,99,Unknown,99,Unknown EMS Scene Arrival Hour,99,Unknown EMS Scene Arrival Minutes,88,"Not Applicable (Not Transported) ",88,Not Applicable (Not Transported),,,,,,,1,
2022,55,550134,Wisconsin,1,1,0,1,1,2,2,59,KENOSHA (59),9997,Other,26,26,3,March,2022,7,Saturday,22,10:00pm-10:59pm,26,26,1,This section IS ON the NHS,1,Rural,1,Interstate,1,State Highway Agency,1,Interstate,I-41,,99998,Not Reported,42.65607222,42.65607222,-87.952855560,-87.95285556,0,No Special Jurisdiction,8,Pedestrian,0,The First Harmful Event was Not a Collision with a Motor Vehicle in Transport,0,No,1,Non-Junction,1,Not an Intersection,0,None,,,1,On Roadway,2,Dark - Not Lighted,,,,,10,Cloudy,0,No,0000000,Not Applicable,22,10:00pm-10:59pm,30,30,22,10:00pm-10:59pm,42,42,88,"Not Applicable (Not Transported) ",88,Not Applicable (Not Transported),,,,,,,1,
2022,55,550136,Wisconsin,1,1,0,0,0,2,2,135,WAUPACA (135),0,NOT APPLICABLE,22,22,4,April,2022,6,Friday,14,2:00pm-2:59pm,35,35,1,This section IS ON the NHS,1,Rural,3,Principal Arterial - Other,1,State Highway Agency,2,U.S. Highway,US-10,,99998,Not Reported,44.30651389,44.30651389,-88.931702780,-88.93170278,0,No Special Jurisdiction,52,Guardrail End,0,The First Harmful Event was Not a Collision with a Motor Vehicle in Transport,1,Yes,5,Entrance/Exit Ramp Related,1,Not an Intersection,0,None,,,8,Gore,1,Daylight,,,,,2,Rain,0,No,0000000,Not Applicable,14,2:00pm-2:59pm,37,37,14,2:00pm-2:59pm,48,48,99,Unknown,99,Unknown EMS Hospital Arrival Time,,,,,,,1,
2022,55,550137,Wisconsin,1,1,0,0,0,1,1,79,MILWAUKEE (79),3100,MILWAUKEE,27,27,4,April,2022,4,Wednesday,18,6:00pm-6:59pm,24,24,0,This section IS NOT on the NHS,2,Urban,4,Minor Arterial,4,City or Municipal Highway Agency,6,Local Street - Municipality,W LISBON AVE,,99998,Not Reported,43.07349444,43.07349444,-87.997744440,-87.99774444,0,No Special Jurisdiction,43,Other Fixed Object,0,The First Harmful Event was Not a Collision with a Motor Vehicle in Transport,0,No,1,Non-Junction,1,Not an Intersection,0,None,,,4,On Roadside,5,Dusk,,,,,10,Cloudy,0,No,0000000,Not Applicable,99,Unknown,99,Unknown,99,Unknown EMS Scene Arrival Hour,99,Unknown EMS Scene Arrival Minutes,88,"Not Applicable (Not Transported) ",88,Not Applicable (Not Transported),,,,,,,1,
2022,55,550138,Wisconsin,1,1,0,0,0,1,1,79,MILWAUKEE (79),5160,WEST ALLIS,30,30,4,April,2022,7,Saturday,1,1:00am-1:59am,50,50,0,This section IS NOT on the NHS,2,Urban,4,Minor Arterial,4,City or Municipal Highway Agency,6,Local Street - Municipality,W BECHER ST,,99998,Not Reported,43.00651389,43.00651389,-88.000152780,-88.00015278,0,No Special Jurisdiction,33,Curb,0,The First Harmful Event was Not a Collision with a Motor Vehicle in Transport,0,No,1,Non-Junction,1,Not an Intersection,0,None,,,4,On Roadside,3,Dark - Lighted,,,,,1,Clear,0,No,0000000,Not Applicable,1,1:00am-1:59am,51,51,1,1:00am-1:59am,54,54,88,"Not Applicable (Not Transported) ",88,Not Applicable (Not Transported),,,,,,,1,
2022,55,550139,Wisconsin,2,2,0,0,0,3,3,105,ROCK (105),0,NOT APPLICABLE,4,4,5,May,2022,4,Wednesday,12,12:00pm-12:59pm,35,35,0,This section IS NOT on the NHS,1,Rural,4,Minor Arterial,1,State Highway Agency,3,State Highway,SR-213,CR-B,99998,Not Reported,42.68667500,42.68667500,-89.288147220,-89.28814722,0,No Special Jurisdiction,12,Motor Vehicle In-Transport,6,Angle,0,No,2,Intersection,2,Four-Way Intersection,0,None,,,1,On Roadway,1,Daylight,,,,,1,Clear,0,No,0000000,Not Applicable,12,12:00pm-12:59pm,36,36,12,12:00pm-12:59pm,40,40,13,1:00pm-1:59pm,0,0,,,,,,,1,
2022,55,550141,Wisconsin,1,1,0,0,0,1,1,67,LANGLADE (67),0,NOT APPLICABLE,7,7,5,May,2022,7,Saturday,8,8:00am-8:59am,51,51,0,This section IS NOT on the NHS,1,Rural,7,Local,3,Town or Township Highway Agency,5,Local Street - Township,CR-D,,0,None,45.04374722,45.04374722,-89.053113890,-89.05311389,0,No Special Jurisdiction,31,"Post, Pole or Other Supports",0,The First Harmful Event was Not a Collision with a Motor Vehicle in Transport,0,No,1,Non-Junction,1,Not an Intersection,0,None,,,4,On Roadside,1,Daylight,,,,,1,Clear,0,No,0000000,Not Applicable,9,9:00am-9:59am,0,0,9,9:00am-9:59am,0,0,99,Unknown,99,Unknown EMS Hospital Arrival Time,,,,,,,1,
2022,55,550142,Wisconsin,1,1,0,0,0,1,1,79,MILWAUKEE (79),3100,MILWAUKEE,1,1,5,May,2022,1,Sunday,6,6:00am-6:59am,20,20,1,This section IS ON the NHS,2,Urban,1,Interstate,1,State Highway Agency,1,Interstate,I-41,,99998,Not Reported,43.14156389,43.14156389,-88.054966670,-88.05496667,0,No Special Jurisdiction,25,Concrete Traffic Barrier,0,The First Harmful Event was Not a Collision with a Motor Vehicle in Transport,0,No,1,Non-Junction,1,Not an Intersection,0,None,,,3,On Median,1,Daylight,,,,,10,Cloudy,0,No,0000000,Not Applicable,6,6:00am-6:59am,28,28,6,6:00am-6:59am,29,29,88,"Not Applicable (Not Transported) ",88,Not Applicable (Not Transported),,,,,,,1,
2022,55,550143,Wisconsin,2,2,0,0,0,3,3,131,WASHINGTON (131),0,NOT APPLICABLE,20,20,4,April,2022,4,Wednesday,15,3:00pm-3:59pm,42,42,1,This section IS ON the NHS,2,Urban,3,Principal Arterial - Other,1,State Highway Agency,3,State Highway,SR-33,,99998,Not Reported,43.42643611,43.42643611,-88.127672220,-88.12767222,0,No Special Jurisdiction,12,Motor Vehicle In-Transport,2,Front-to-Front,0,No,1,Non-Junction,1,Not an Intersection,0,None,,,1,On Roadway,1,Daylight,,,,,1,Clear,0,No,0000000,Not Applicable,15,3:00pm-3:59pm,42,42,15,3:00pm-3:59pm,49,49,88,"Not Applicable (Not Transported) ",88,Not Applicable (Not Transported),,,,,,,1,
2022,55,550145,Wisconsin,2,2,0,0,0,2,2,47,GREEN LAKE (47),0,NOT APPLICABLE,6,6,5,May,2022,6,Friday,15,3:00pm-3:59pm,7,7,0,This section IS NOT on the NHS,1,Rural,7,Local,2,County Highway Agency,4,County Road,CR-Q,,0,None,43.67241667,43.67241667,-88.905358330,-88.90535833,0,No Special Jurisdiction,12,Motor Vehicle In-Transport,2,Front-to-Front,0,No,1,Non-Junction,1,Not an Intersection,0,None,,,1,On Roadway,1,Daylight,,,,,10,Cloudy,0,No,0000000,Not Applicable,15,3:00pm-3:59pm,7,7,15,3:00pm-3:59pm,22,22,16,4:00pm-4:59pm,8,8,,,,,,,1,
2022,55,550146,Wisconsin,1,1,0,0,0,1,1,79,MILWAUKEE (79),3100,MILWAUKEE,18,18,4,April,2022,2,Monday,21,9:00pm-9:59pm,47,47,1,This section IS ON the NHS,2,Urban,3,Principal Arterial - Other,1,State Highway Agency,3,State Highway,SR-175 W APPLETON AVE,,99998,Not Reported,43.11856944,43.11856944,-88.033405560,-88.03340556,0,No Special Jurisdiction,30,Utility Pole/Light Support,0,The First Harmful Event was Not a Collision with a Motor Vehicle in Transport,0,No,1,Non-Junction,1,Not an Intersection,0,None,,,4,On Roadside,3,Dark - Lighted,,,,,10,Cloudy,0,No,0000000,Not Applicable,99,Unknown,99,Unknown,99,Unknown EMS Scene Arrival Hour,99,Unknown EMS Scene Arrival Minutes,88,"Not Applicable (Not Transported) ",88,Not Applicable (Not Transported),,,,,,,1,
2022,55,550147,Wisconsin,2,2,0,0,0,4,4,133,WAUKESHA (133),0,NOT APPLICABLE,18,18,4,April,2022,2,Monday,11,11:00am-11:59am,46,46,0,This section IS NOT on the NHS,1,Rural,4,Minor Arterial,1,State Highway Agency,3,State Highway,SR-67,CR-CW,99998,Not Reported,43.17963056,43.17963056,-88.509216670,-88.50921667,0,No Special Jurisdiction,12,Motor Vehicle In-Transport,6,Angle,1,Yes,2,Intersection,2,Four-Way Intersection,0,None,,,1,On Roadway,1,Daylight,,,,,4,Snow,0,No,0000000,Not Applicable,11,11:00am-11:59am,49,49,11,11:00am-11:59am,55,55,12,12:00pm-12:59pm,35,35,,,,,,,1,
2022,55,550148,Wisconsin,1,1,0,0,0,1,1,115,SHAWANO (115),0,NOT APPLICABLE,13,13,5,May,2022,6,Friday,99,Unknown Hours,99,Unknown Minutes,0,This section IS NOT on the NHS,1,Rural,7,Local,3,Town or Township Highway Agency,5,Local Street - Township,LAKEVIEW RD,,0,None,44.76949444,44.76949444,-88.486655560,-88.48665556,0,No Special Jurisdiction,34,Ditch,0,The First Harmful Event was Not a Collision with a Motor Vehicle in Transport,0,No,1,Non-Junction,1,Not an Intersection,0,None,,,4,On Roadside,2,Dark - Not Lighted,,,,,2,Rain,0,No,0000000,Not Applicable,21,9:00pm-9:59pm,58,58,22,10:00pm-10:59pm,8,8,88,"Not Applicable (Not Transported) ",88,Not Applicable (Not Transported),,,,,,,1,
2022,55,550149,Wisconsin,2,2,0,0,0,2,2,79,MILWAUKEE (79),3100,MILWAUKEE,10,10,5,May,2022,3,Tuesday,15,3:00pm-3:59pm,2,2,1,This section IS ON the NHS,2,Urban,3,Principal Arterial - Other,1,State Highway Agency,3,State Highway,SR-175 W APPLETON AVE,SR-175 W HAMPTON AVE,99998,Not Reported,43.10500833,43.10500833,-88.016072220,-88.01607222,0,No Special Jurisdiction,12,Motor Vehicle In-Transport,6,Angle,0,No,2,Intersection,2,Four-Way Intersection,0,None,,,1,On Roadway,1,Daylight,,,,,1,Clear,0,No,0000000,Not Applicable,99,Unknown,99,Unknown,99,Unknown EMS Scene Arrival Hour,99,Unknown EMS Scene Arrival Minutes,99,Unknown,99,Unknown EMS Hospital Arrival Time,,,,,,,1,
2022,55,550150,Wisconsin,2,2,0,0,0,2,2,79,MILWAUKEE (79),3100,MILWAUKEE,12,12,3,March,2022,7,Saturday,11,11:00am-11:59am,5,5,1,This section IS ON the NHS,2,Urban,3,Principal Arterial - Other,1,State Highway Agency,3,State Highway,SR-145 FOND DU LAC AVE W,W CONGRESS ST,99998,Not Reported,43.09699167,43.09699167,-87.985491670,-87.98549167,0,No Special Jurisdiction,12,Motor Vehicle In-Transport,6,Angle,0,No,2,Intersection,2,Four-Way Intersection,0,None,,,1,On Roadway,1,Daylight,,,,,1,Clear,0,No,0000000,Not Applicable,99,Unknown,99,Unknown,99,Unknown EMS Scene Arrival Hour,99,Unknown EMS Scene Arrival Minutes,99,Unknown,99,Unknown EMS Hospital Arrival Time,,,,,,,1,
2022,55,550151,Wisconsin,2,2,0,0,0,3,3,107,RUSK (107),0,NOT APPLICABLE,14,14,5,May,2022,7,Saturday,15,3:00pm-3:59pm,22,22,0,This section IS NOT on the NHS,1,Rural,4,Minor Arterial,1,State Highway Agency,3,State Highway,SR-27,,99998,Not Reported,45.32591667,45.32591667,-91.110930560,-91.11093056,0,No Special Jurisdiction,12,Motor Vehicle In-Transport,2,Front-to-Front,0,No,1,Non-Junction,1,Not an Intersection,0,None,,,1,On Roadway,1,Daylight,,,,,10,Cloudy,0,No,0000000,Not Applicable,15,3:00pm-3:59pm,24,24,15,3:00pm-3:59pm,35,35,15,3:00pm-3:59pm,46,46,,,,,,,3,