caseyear,state,st_case,statename,ve_total,ve_forms,pvh_invl,peds,pernotmvit,permvit,persons,county,countyname,city,cityname,day,dayname,month,monthname,year,day_week,day_weekname,hour,hourname,minute,minutename,nhs,nhsname,rur_urb,rur_urbname,func_sys,func_sysname,rd_owner,rd_ownername,route,routename,tway_id,tway_id2,milept,mileptname,latitude,latitudename,longitud,longitudname,sp_jur,sp_jurname,harm_ev,harm_evname,man_coll,man_collname,reljct1,reljct1name,reljct2,reljct2name,typ_int,typ_intname,wrk_zone,wrk_zonename,road_fnc,road_fncname,rel_road,rel_roadname,lgt_cond,lgt_condname,weather1,weather1name,weather2,weather2name,weather,weathername,sch_bus,sch_busname,rail,railname,not_hour,not_hourname,not_min,not_minname,arr_hour,arr_hourname,arr_min,arr_minname,hosp_hr,hosp_hrname,hosp_mn,hosp_mnname,cf1,cf1name,cf2,cf2name,cf3,cf3name,fatals,drunk_dr
2022,55,550226,Wisconsin,1,1,0,0,0,1,1,75,MARINETTE (75),0,NOT APPLICABLE,9,9,7,July,2022,7,Saturday,17,5:00pm-5:59pm,53,53,1,This section IS ON the NHS,1,Rural,3,Principal Arterial - Other,1,State Highway Agency,2,U.S. Highway,US-41,,99998,Not Reported,45.00237778,45.00237778,-87.850758330,-87.85075833,0,No Special Jurisdiction,1,Rollover/Overturn,0,The First Harmful Event was Not a Collision with a Motor Vehicle in Transport,0,No,1,Non-Junction,1,Not an Intersection,0,None,,,1,On Roadway,1,Daylight,,,,,1,Clear,0,No,0000000,Not Applicable,17,5:00pm-5:59pm,53,53,18,6:00pm-6:59pm,7,7,88,"Not Applicable (Not Transported) ",88,Not Applicable (Not Transported),,,,,,,1,
2022,55,550227,Wisconsin,1,1,0,0,0,1,1,7,BAYFIELD (7),0,NOT APPLICABLE,27,27,6,June,2022,2,Monday,15,3:00pm-3:59pm,20,20,0,This section IS NOT on the NHS,1,Rural,5,Major Collector,2,County Highway Agency,4,County Road,CR-D,,99998,Not Reported,46.33700833,46.33700833,-91.107486110,-91.10748611,0,No Special Jurisdiction,34,Ditch,0,The First Harmful Event was Not a Collision with a Motor Vehicle in Transport,0,No,1,Non-Junction,1,Not an Intersection,0,None,,,4,On Roadside,1,Daylight,,,,,1,Clear,0,No,0000000,Not Applicable,99,Unknown,99,Unknown,99,Unknown EMS Scene Arrival Hour,99,Unknown EMS Scene Arrival Minutes,99,Unknown,99,Unknown EMS Hospital Arrival Time,,,,,,,1,
2022,55,550228,Wisconsin,1,1,0,0,0,1,1,19,CLARK (19),0,NOT APPLICABLE,10,10,7,July,2022,1,Sunday,23,11:00pm-11:59pm,0,0,0,This section IS NOT on the NHS,1,Rural,4,Minor Arterial,1,State Highway Agency,3,State Highway,SR-95,,99998,Not Reported,44.48088056,44.48088056,-90.600950000,-90.60095000,0,No Special Jurisdiction,42,Tree (Standing Only),0,The First Harmful Event was Not a Collision with a Motor Vehicle in Transport,0,No,1,Non-Junction,1,Not an Intersection,0,None,,,4,On Roadside,2,Dark - Not Lighted,,,,,99,Reported as Unknown,0,No,0000000,Not Applicable,8,8:00am-8:59am,10,10,8,8:00am-8:59am,21,21,88,"Not Applicable (Not Transported) ",88,Not Applicable (Not Transported),,,,,,,1,
2022,55,550229,Wisconsin,1,1,0,0,0,3,3,43,GRANT (43),0,NOT APPLICABLE,7,7,7,July,2022,5,Thursday,2,2:00am-2:59am,52,52,0,This section IS NOT on the NHS,1,Rural,7,Local,3,Town or Township Highway Agency,5,Local Street - Township,MC ADAM RD,,0,None,42.63359722,42.63359722,-90.558547220,-90.55854722,0,No Special Jurisdiction,42,Tree (Standing Only),0,The First Harmful Event was Not a Collision with a Motor Vehicle in Transport,0,No,1,Non-Junction,1,Not an Intersection,0,None,,,4,On Roadside,2,Dark - Not Lighted,,,,,1,Clear,0,No,0000000,Not Applicable,2,2:00am-2:59am,55,55,3,3:00am-3:59am,7,7,4,4:00am-4:59am,39,39,,,,,,,1,
2022,55,550230,Wisconsin,3,3,0,0,0,11,11,127,WALWORTH (127),0,NOT APPLICABLE,4,4,7,July,2022,2,Monday,14,2:00pm-2:59pm,23,23,0,This section IS NOT on the NHS,1,Rural,4,Minor Arterial,1,State Highway Agency,3,State Highway,SR-120,CR-B,99998,Not Reported,42.51647500,42.51647500,-88.442711110,-88.44271111,0,No Special Jurisdiction,12,Motor Vehicle In-Transport,6,Angle,0,No,2,Intersection,2,Four-Way Intersection,0,None,,,1,On Roadway,1,Daylight,,,,,10,Cloudy,0,No,0000000,Not Applicable,14,2:00pm-2:59pm,49,49,14,2:00pm-2:59pm,58,58,15,3:00pm-3:59pm,31,31,,,,,,,1,
2022,55,550231,Wisconsin,1,1,0,0,0,1,1,79,MILWAUKEE (79),3100,MILWAUKEE,5,5,6,June,2022,1,Sunday,17,5:00pm-5:59pm,23,23,1,This section IS ON the NHS,2,Urban,1,Interstate,1,State Highway Agency,1,Interstate,I-94 RAMP,,99998,Not Reported,43.04016389,43.04016389,-87.924480560,-87.92448056,0,No Special Jurisdiction,33,Curb,0,The First Harmful Event was Not a Collision with a Motor Vehicle in Transport,1,Yes,5,Entrance/Exit Ramp Related,1,Not an Intersection,0,None,,,3,On Median,1,Daylight,,,,,1,Clear,0,No,0000000,Not Applicable,17,5:00pm-5:59pm,24,24,17,5:00pm-5:59pm,44,44,18,6:00pm-6:59pm,0,0,,,,,,,1,
2022,55,550232,Wisconsin,1,1,0,0,0,2,2,131,WASHINGTON (131),0,NOT APPLICABLE,8,8,7,July,2022,6,Friday,20,8:00pm-8:59pm,8,8,1,This section IS ON the NHS,2,Urban,2,Principal Arterial - Other Freeways and Expressways,1,State Highway Agency,2,U.S. Highway,US-45,,99998,Not Reported,43.34250556,43.34250556,-88.191011110,-88.19101111,0,No Special Jurisdiction,1,Rollover/Overturn,0,The First Harmful Event was Not a Collision with a Motor Vehicle in Transport,0,No,1,Non-Junction,1,Not an Intersection,0,None,,,1,On Roadway,5,Dusk,,,,,1,Clear,0,No,0000000,Not Applicable,20,8:00pm-8:59pm,11,11,20,8:00pm-8:59pm,15,15,20,8:00pm-8:59pm,58,58,,,,,,,1,
2022,55,550233,Wisconsin,1,1,0,1,1,1,1,111,SAUK (111),0,NOT APPLICABLE,14,14,7,July,2022,5,Thursday,12,12:00pm-12:59pm,48,48,0,This section IS NOT on the NHS,1,Rural,4,Minor Arterial,1,State Highway Agency,3,State Highway,SR-78,,99998,Not Reported,43.37268333,43.37268333,-89.688836110,-89.68883611,0,No Special Jurisdiction,9,Pedalcyclist,0,The First Harmful Event was Not a Collision with a Motor Vehicle in Transport,0,No,1,Non-Junction,1,Not an Intersection,0,None,,,1,On Roadway,1,Daylight,,,,,1,Clear,0,No,0000000,Not Applicable,12,12:00pm-12:59pm,51,51,13,1:00pm-1:59pm,7,7,88,"Not Applicable (Not Transported) ",88,Not Applicable (Not Transported),,,,,,,1,
2022,55,550234,Wisconsin,2,2,0,0,0,4,4,59,KENOSHA (59),685,BRISTOL,29,29,6,June,2022,4,Wednesday,11,11:00am-11:59am,28,28,0,This section IS NOT on the NHS,1,Rural,4,Minor Arterial,1,State Highway Agency,2,U.S. Highway,US-45,CR-V,99998,Not Reported,42.51095000,42.51095000,-88.028308330,-88.02830833,0,No Special Jurisdiction,12,Motor Vehicle In-Transport,6,Angle,0,No,2,Intersection,3,T-Intersection,0,None,,,1,On Roadway,1,Daylight,,,,,1,Clear,0,No,0000000,Not Applicable,99,Unknown,99,Unknown,99,Unknown EMS Scene Arrival Hour,99,Unknown EMS Scene Arrival Minutes,99,Unknown,99,Unknown EMS Hospital Arrival Time,,,,,,,1,
2022,55,550235,Wisconsin,1,1,0,0,0,1,1,83,OCONTO (83),0,NOT APPLICABLE,10,10,7,July,2022,1,Sunday,15,3:00pm-3:59pm,53,53,1,This section IS ON the NHS,1,Rural,2,Principal Arterial - Other Freeways and Expressways,1,State Highway Agency,2,U.S. Highway,US-41,,99998,Not Reported,44.79343333,44.79343333,-88.035419440,-88.03541944,0,No Special Jurisdiction,34,Ditch,0,The First Harmful Event was Not a Collision with a Motor Vehicle in Transport,0,No,1,Non-Junction,1,Not an Intersection,0,None,,,3,On Median,1,Daylight,,,,,1,Clear,0,No,0000000,Not Applicable,15,3:00pm-3:59pm,55,55,16,4:00pm-4:59pm,7,7,16,4:00pm-4:59pm,38,38,,,,,,,1,
2022,55,550236,Wisconsin,2,2,0,0,0,3,3,9,BROWN (9),0,NOT APPLICABLE,21,21,6,June,2022,3,Tuesday,12,12:00pm-12:59pm,26,26,0,This section IS NOT on the NHS,1,Rural,4,Minor Arterial,1,State Highway Agency,3,State Highway,SR-29,CR-P,99998,Not Reported,44.44376944,44.44376944,-87.785683330,-87.78568333,0,No Special Jurisdiction,12,Motor Vehicle In-Transport,6,Angle,0,No,2,Intersection,2,Four-Way Intersection,0,None,,,1,On Roadway,1,Daylight,,,,,10,Cloudy,0,No,0000000,Not Applicable,12,12:00pm-12:59pm,26,26,99,Unknown EMS Scene Arrival Hour,99,Unknown EMS Scene Arrival Minutes,13,1:00pm-1:59pm,0,0,,,,,,,1,
2022,55,550237,Wisconsin,3,3,0,0,0,5,5,133,WAUKESHA (133),1305,DELAFIELD,5,5,7,July,2022,3,Tuesday,9,9:00am-9:59am,44,44,1,This section IS ON the NHS,2,Urban,1,Interstate,1,State Highway Agency,1,Interstate,I-94,,99998,Not Reported,43.05157500,43.05157500,-88.374811110,-88.37481111,0,No Special Jurisdiction,12,Motor Vehicle In-Transport,1,Front-to-Rear,1,Yes,18,Through Roadway,1,Not an Intersection,0,None,,,1,On Roadway,1,Daylight,,,,,1,Clear,0,No,0000000,Not Applicable,9,9:00am-9:59am,0,0,9,9:00am-9:59am,0,0,99,Unknown,99,Unknown EMS Hospital Arrival Time,,,,,,,1,
2022,55,550238,Wisconsin,2,2,0,0,0,4,4,37,FLORENCE (37),0,NOT APPLICABLE,14,14,7,July,2022,5,Thursday,19,7:00pm-7:59pm,24,24,0,This section IS NOT on the NHS,1,Rural,5,Major Collector,2,County Highway Agency,4,County Road,CR-C,,0,None,45.79855000,45.79855000,-88.250419440,-88.25041944,0,No Special Jurisdiction,12,Motor Vehicle In-Transport,2,Front-to-Front,0,No,1,Non-Junction,1,Not an Intersection,0,None,,,4,On Roadside,1,Daylight,,,,,1,Clear,0,No,0000000,Not Applicable,19,7:00pm-7:59pm,30,30,19,7:00pm-7:59pm,38,38,20,8:00pm-8:59pm,0,0,,,,,,,1,
2022,55,550239,Wisconsin,2,2,0,0,0,7,7,27,DODGE (27),0,NOT APPLICABLE,10,10,7,July,2022,1,Sunday,15,3:00pm-3:59pm,47,47,0,This section IS NOT on the NHS,1,Rural,4,Minor Arterial,1,State Highway Agency,3,State Highway,SR-60,,99998,Not Reported,43.32546389,43.32546389,-88.437247220,-88.43724722,0,No Special Jurisdiction,12,Motor Vehicle In-Transport,7,Sideswipe - Same Direction,0,No,1,Non-Junction,1,Not an Intersection,0,None,,,1,On Roadway,1,Daylight,,,,,10,Cloudy,0,No,0000000,Not Applicable,15,3:00pm-3:59pm,48,48,16,4:00pm-4:59pm,0,0,16,4:00pm-4:59pm,24,24,,,,,,,1,
2022,55,550240,Wisconsin,2,1,1,0,0,1,1,139,WINNEBAGO (139),3620,OSHKOSH,13,13,7,July,2022,4,Wednesday,18,6:00pm-6:59pm,45,45,0,This section IS NOT on the NHS,2,Urban,7,Local,4,City or Municipal Highway Agency,6,Local Street - Municipality,W 12TH AVE,,0,None,44.00744444,44.00744444,-88.550811110,-88.55081111,0,No Special Jurisdiction,14,Parked Motor Vehicle,0,The First Harmful Event was Not a Collision with a Motor Vehicle in Transport,0,No,1,Non-Junction,1,Not an Intersection,0,None,,,7,In Parking Lane/Zone,1,Daylight,,,,,1,Clear,0,No,0000000,Not Applicable,16,4:00pm-4:59pm,45,45,16,4:00pm-4:59pm,47,47,88,"Not Applicable (Not Transported) ",88,Not Applicable (Not Transported),,,,,,,1,
2022,55,550241,Wisconsin,2,2,0,0,0,4,4,133,WAUKESHA (133),0,NOT APPLICABLE,17,17,7,July,2022,1,Sunday,13,1:00pm-1:59pm,41,41,1,This section IS ON the NHS,2,Urban,3,Principal Arterial - Other,1,State Highway Agency,3,State Highway,SR-59,ROCKWOOD TRL,99998,Not Reported,42.96285556,42.96285556,-88.324925000,-88.32492500,0,No Special Jurisdiction,12,Motor Vehicle In-Transport,2,Front-to-Front,0,No,2,Intersection,3,T-Intersection,0,None,,,1,On Roadway,1,Daylight,,,,,1,Clear,0,No,0000000,Not Applicable,13,1:00pm-1:59pm,41,41,13,1:00pm-1:59pm,49,49,99,Unknown,99,Unknown EMS Hospital Arrival Time,,,,,,,1,
2022,55,550242,Wisconsin,1,1,0,0,0,1,1,27,DODGE (27),0,NOT APPLICABLE,20,20,7,July,2022,4,Wednesday,0,0:00am-0:59am,30,30,0,This section IS NOT on the NHS,1,Rural,5,Major Collector,2,County Highway Agency,4,County Road,CR-G,,0,None,43.48633056,43.48633056,-88.895850000,-88.89585000,0,No Special Jurisdiction,1,Rollover/Overturn,0,The First Harmful Event was Not a Collision with a Motor Vehicle in Transport,0,No,1,Non-Junction,1,Not an Intersection,0,None,,,4,On Roadside,2,Dark - Not Lighted,,,,,10,Cloudy,0,No,0000000,Not Applicable,0,0:00am-0:59am,42,42,0,0:00am-0:59am,53,53,1,1:00am-1:59am,24,24,,,,,,,1,
2022,55,550243,Wisconsin,2,2,0,0,0,5,5,79,MILWAUKEE (79),3100,MILWAUKEE,25,25,6,June,2022,7,Saturday,0,0:00am-0:59am,35,35,1,This section IS ON the NHS,2,Urban,3,Principal Arterial - Other,1,State Highway Agency,3,State Highway,SR-145,PVT DRIVE,99998,Not Reported,43.07392778,43.07392778,-87.955730560,-87.95573056,0,No Special Jurisdiction,12,Motor Vehicle In-Transport,6,Angle,0,No,2,Intersection,3,T-Intersection,0,None,,,1,On Roadway,3,Dark - Lighted,,,,,1,Clear,0,No,0000000,Not Applicable,99,Unknown,99,Unknown,99,Unknown EMS Scene Arrival Hour,99,Unknown EMS Scene Arrival Minutes,99,Unknown,99,Unknown EMS Hospital Arrival Time,,,,,,,1,
2022,55,550244,Wisconsin,2,2,0,1,1,4,4,31,DOUGLAS (31),4730,SUPERIOR,15,15,7,July,2022,6,Friday,1,1:00am-1:59am,15,15,1,This section IS ON the NHS,2,Urban,3,Principal Arterial - Other,1,State Highway Agency,2,U.S. Highway,US-2,,99998,Not Reported,46.67528889,46.67528889,-92.007302780,-92.00730278,0,No Special Jurisdiction,8,Pedestrian,0,The First Harmful Event was Not a Collision with a Motor Vehicle in Transport,0,No,1,Non-Junction,1,Not an Intersection,0,None,,,1,On Roadway,3,Dark - Lighted,,,,,10,Cloudy,0,No,0000000,Not Applicable,99,Unknown,99,Unknown,99,Unknown EMS Scene Arrival Hour,99,Unknown EMS Scene Arrival Minutes,99,Unknown,99,Unknown EMS Hospital Arrival Time,,,,,,,2,
2022,55,550245,Wisconsin,2,2,0,0,0,2,2,1,ADAMS (1),0,NOT APPLICABLE,16,16,7,July,2022,7,Saturday,6,6:00am-6:59am,43,43,0,This section IS NOT on the NHS,1,Rural,5,Major Collector,2,County Highway Agency,3,State Highway,SR-23,CR-B,99998,Not Reported,43.65041667,43.65041667,-89.715927780,-89.71592778,0,No Special Jurisdiction,12,Motor Vehicle In-Transport,6,Angle,0,No,2,Intersection,2,Four-Way Intersection,0,None,,,1,On Roadway,4,Dawn,,,,,5,"Fog, Smog, Smoke",0,No,0000000,Not Applicable,6,6:00am-6:59am,45,45,99,Unknown EMS Scene Arrival Hour,99,Unknown EMS Scene Arrival Minutes,99,Unknown,99,Unknown EMS Hospital Arrival Time,,,,,,,1,
2022,55,550246,Wisconsin,1,1,0,0,0,2,2,29,DOOR (29),0,NOT APPLICABLE,19,19,7,July,2022,3,Tuesday,20,8:00pm-8:59pm,55,55,0,This section IS NOT on the NHS,1,Rural,7,Local,3,Town or Township Highway Agency,5,Local Street - Township,HERITAGE LAKE RD,,0,None,45.05663611,45.05663611,-87.255397220,-87.25539722,0,No Special Jurisdiction,34,Ditch,0,The First Harmful Event was Not a Collision with a Motor Vehicle in Transport,0,No,1,Non-Junction,1,Not an Intersection,0,None,,,4,On Roadside,2,Dark - Not Lighted,,,,,1,Clear,0,No,0000000,Not Applicable,20,8:00pm-8:59pm,56,56,21,9:00pm-9:59pm,13,13,99,Unknown,99,Unknown EMS Hospital Arrival Time,,,,,,,1,
2022,55,550247,Wisconsin,2,2,0,0,0,2,2,91,PEPIN (91),0,NOT APPLICABLE,8,8,7,July,2022,6,Friday,16,4:00pm-4:59pm,44,44,0,This section IS NOT on the NHS,1,Rural,4,Minor Arterial,1,State Highway Agency,3,State Highway,SR-35,,99998,Not Reported,44.51311667,44.51311667,-92.290377780,-92.29037778,0,No Special Jurisdiction,12,Motor Vehicle In-Transport,6,Angle,0,No,8,Driveway Access Related,1,Not an Intersection,0,None,,,1,On Roadway,1,Daylight,,,,,1,Clear,0,No,0000000,Not Applicable,16,4:00pm-4:59pm,43,43,16,4:00pm-4:59pm,0,0,99,Unknown,99,Unknown EMS Hospital Arrival Time,,,,,,,1,
2022,55,550248,Wisconsin,2,2,0,0,0,2,2,1,ADAMS (1),0,NOT APPLICABLE,19,19,7,July,2022,3,Tuesday,2,2:00am-2:59am,28,28,0,This section IS NOT on the NHS,1,Rural,5,Major Collector,2,County Highway Agency,4,County Road,CR-B,,0,None,43.71188333,43.71188333,-89.717933330,-89.71793333,0,No Special Jurisdiction,12,Motor Vehicle In-Transport,2,Front-to-Front,0,No,1,Non-Junction,1,Not an Intersection,0,None,,,1,On Roadway,2,Dark - Not Lighted,,,,,10,Cloudy,0,No,0000000,Not Applicable,2,2:00am-2:59am,33,33,99,Unknown EMS Scene Arrival Hour,99,Unknown EMS Scene Arrival Minutes,99,Unknown,99,Unknown EMS Hospital Arrival Time,,,,,,,1,
2022,55,550249,Wisconsin,1,1,0,0,0,1,1,63,LA CROSSE (63),2490,LA CROSSE,27,27,6,June,2022,2,Monday,23,11:00pm-11:59pm,41,41,1,This section IS ON the NHS,2,Urban,3,Principal Arterial - Other,1,State Highway Agency,2,U.S. Highway,US-14,,99998,Not Reported,43.76790833,43.76790833,-91.212283330,-91.21228333,0,No Special Jurisdiction,31,"Post, Pole or Other Supports",0,The First Harmful Event was Not a Collision with a Motor Vehicle in Transport,0,No,1,Non-Junction,1,Not an Intersection,0,None,,,4,On Roadside,2,Dark - Not Lighted,,,,,10,Cloudy,0,No,0000000,Not Applicable,23,11:00pm-11:59pm,42,42,99,Unknown EMS Scene Arrival Hour,99,Unknown EMS Scene Arrival Minutes,99,Unknown,99,Unknown EMS Hospital Arrival Time,,,,,,,1,
2022,55,550250,Wisconsin,1,1,0,0,0,1,1,1,ADAMS (1),0,NOT APPLICABLE,16,16,7,July,2022,7,Saturday,23,11:00pm-11:59pm,27,27,0,This section IS NOT on the NHS,1,Rural,4,Minor Arterial,1,State Highway Agency,3,State Highway,SR-13,,99998,Not Reported,43.81896111,43.81896111,-89.836850000,-89.83685000,0,No Special Jurisdiction,34,Ditch,0,The First Harmful Event was Not a Collision with a Motor Vehicle in Transport,0,No,1,Non-Junction,1,Not an Intersection,0,None,,,4,On Roadside,2,Dark - Not Lighted,,,,,1,Clear,0,No,0000000,Not Applicable,23,11:00pm-11:59pm,34,34,23,11:00pm-11:59pm,42,42,88,"Not Applicable (Not Transported) ",88,Not Applicable (Not Transported),,,,,,,1,
2022,55,550251,Wisconsin,2,2,0,0,0,3,3,127,WALWORTH (127),0,NOT APPLICABLE,20,20,7,July,2022,4,Wednesday,8,8:00am-8:59am,30,30,1,This section IS ON the NHS,1,Rural,3,Principal Arterial - Other,1,State Highway Agency,3,State Highway,SR-11,CR-JS,99998,Not Reported,42.68171111,42.68171111,-88.332413890,-88.33241389,0,No Special Jurisdiction,12,Motor Vehicle In-Transport,6,Angle,0,No,2,Intersection,3,T-Intersection,0,None,,,1,On Roadway,1,Daylight,,,,,1,Clear,0,No,0000000,Not Applicable,8,8:00am-8:59am,42,42,8,8:00am-8:59am,48,48,9,9:00am-9:59am,43,43,,,,,,,1,
2022,55,550252,Wisconsin,1,1,0,1,1,1,1,79,MILWAUKEE (79),3100,MILWAUKEE,11,11,7,July,2022,2,Monday,21,9:00pm-9:59pm,51,51,0,This section IS NOT on the NHS,2,Urban,4,Minor Arterial,4,City or Municipal Highway Agency,6,Local Street - Municipality,N 35TH ST,W HADLEY ST,0,None,43.06984722,43.06984722,-87.957380560,-87.95738056,0,No Special Jurisdiction,8,Pedestrian,0,The First Harmful Event was Not a Collision with a Motor Vehicle in Transport,0,No,3,Intersection-Related,2,Four-Way Intersection,0,None,,,1,On Roadway,3,Dark - Lighted,,,,,10,Cloudy,0,No,0000000,Not Applicable,99,Unknown,99,Unknown,99,Unknown EMS Scene Arrival Hour,99,Unknown EMS Scene Arrival Minutes,88,"Not Applicable (Not Transported) ",88,Not Applicable (Not Transported),,,,,,,1,
2022,55,550253,Wisconsin,1,1,0,0,0,1,1,5,BARRON (5),4080,RICE LAKE,15,15,7,July,2022,6,Friday,23,11:00pm-11:59pm,12,12,0,This section IS NOT on the NHS,2,Urban,4,Minor Arterial,4,City or Municipal Highway Agency,6,Local Street - Municipality,S MAIN ST,,0,None,45.47030556,45.47030556,-91.735341670,-91.73534167,9,Unknown,34,Ditch,0,The First Harmful Event was Not a Collision with a Motor Vehicle in Transport,0,No,1,Non-Junction,1,Not an Intersection,0,None,,,4,On Roadside,6,Dark - Unknown Lighting,,,,,1,Clear,0,No,0000000,Not Applicable,99,Unknown,99,Unknown,99,Unknown EMS Scene Arrival Hour,99,Unknown EMS Scene Arrival Minutes,99,Unknown,99,Unknown EMS Hospital Arrival Time,,,,,,,1,
2022,55,550254,Wisconsin,2,2,0,0,0,2,2,25,DANE (25),9997,Other,7,7,7,July,2022,5,Thursday,15,3:00pm-3:59pm,33,33,0,This section IS NOT on the NHS,1,Rural,5,Major Collector,2,County Highway Agency,4,County Road,CR-V,PORTAGE RD,0,None,43.26715556,43.26715556,-89.299555560,-89.29955556,0,No Special Jurisdiction,12,Motor Vehicle In-Transport,6,Angle,0,No,2,Intersection,3,T-Intersection,0,None,,,1,On Roadway,1,Daylight,,,,,1,Clear,0,No,0000000,Not Applicable,99,Unknown,99,Unknown,99,Unknown EMS Scene Arrival Hour,99,Unknown EMS Scene Arrival Minutes,99,Unknown,99,Unknown EMS Hospital Arrival Time,,,,,,,1,
2022,55,550255,Wisconsin,1,1,0,1,1,1,1,139,WINNEBAGO (139),0,NOT APPLICABLE,25,25,7,July,2022,2,Monday,18,6:00pm-6:59pm,3,3,1,This section IS ON the NHS,1,Rural,1,Interstate,1,State Highway Agency,1,Interstate,I-41,,99998,Not Reported,44.10258333,44.10258333,-88.535241670,-88.53524167,0,No Special Jurisdiction,38,Fence,0,The First Harmful Event was Not a Collision with a Motor Vehicle in Transport,0,No,1,Non-Junction,1,Not an Intersection,0,None,,,4,On Roadside,1,Daylight,,,,,1,Clear,0,No,0000000,Not Applicable,18,6:00pm-6:59pm,7,7,18,6:00pm-6:59pm,10,10,18,6:00pm-6:59pm,55,55,,,,,,,1,
2022,55,550256,Wisconsin,1,1,0,0,0,1,1,101,RACINE (101),0,NOT APPLICABLE,26,26,7,July,2022,3,Tuesday,14,2:00pm-2:59pm,45,45,0,This section IS NOT on the NHS,2,Urban,5,Major Collector,2,County Highway Agency,8,Other,LOOMIS RD,,0,None,42.81818056,42.81818056,-88.162047220,-88.16204722,0,No Special Jurisdiction,53,Mail Box,0,The First Harmful Event was Not a Collision with a Motor Vehicle in Transport,0,No,1,Non-Junction,1,Not an Intersection,0,None,,,4,On Roadside,1,Daylight,,,,,1,Clear,0,No,0000000,Not Applicable,14,2:00pm-2:59pm,45,45,14,2:00pm-2:59pm,54,54,88,"Not Applicable (Not Transported) ",88,Not Applicable (Not Transported),,,,,,,1,
2022,55,550257,Wisconsin,2,2,0,0,0,2,2,101,RACINE (101),9997,Other,30,30,6,June,2022,5,Thursday,7,7:00am-7:59am,26,26,1,This section IS ON the NHS,2,Urban,3,Principal Arterial - Other,1,State Highway Agency,3,State Highway,SR-11,,99998,Not Reported,42.68155833,42.68155833,-88.067733330,-88.06773333,0,No Special Jurisdiction,12,Motor Vehicle In-Transport,6,Angle,0,No,1,Non-Junction,1,Not an Intersection,0,None,,,1,On Roadway,1,Daylight,,,,,10,Cloudy,0,No,0000000,Not Applicable,7,7:00am-7:59am,26,26,8,8:00am-8:59am,99,Unknown EMS Scene Arrival Minutes,99,Unknown,99,Unknown EMS Hospital Arrival Time,,,,,,,1,
2022,55,550258,Wisconsin,2,2,0,0,0,3,3,59,KENOSHA (59),2400,KENOSHA,23,23,7,July,2022,7,Saturday,11,11:00am-11:59am,21,21,0,This section IS NOT on the NHS,2,Urban,5,Major Collector,2,County Highway Agency,8,Other,38TH ST,CR-N,99998,Not Reported,42.60403056,42.60403056,-87.952691670,-87.95269167,0,No Special Jurisdiction,12,Motor Vehicle In-Transport,6,Angle,0,No,2,Intersection,2,Four-Way Intersection,0,None,,,1,On Roadway,1,Daylight,,,,,1,Clear,0,No,0000000,Not Applicable,99,Unknown,99,Unknown,99,Unknown EMS Scene Arrival Hour,99,Unknown EMS Scene Arrival Minutes,99,Unknown,99,Unknown EMS Hospital Arrival Time,,,,,,,1,
2022,55,550259,Wisconsin,2,2,0,0,0,5,5,79,MILWAUKEE (79),3100,MILWAUKEE,17,17,7,July,2022,1,Sunday,22,10:00pm-10:59pm,53,53,0,This section IS NOT on the NHS,2,Urban,5,Major Collector,4,City or Municipal Highway Agency,6,Local Street - Municipality,W CONGRESS ST,,99998,Not Reported,43.09721944,43.09721944,-87.989938890,-87.98993889,0,No Special Jurisdiction,12,Motor Vehicle In-Transport,6,Angle,0,No,1,Non-Junction,1,Not an Intersection,0,None,,,1,On Roadway,3,Dark - Lighted,,,,,1,Clear,0,No,0000000,Not Applicable,99,Unknown,99,Unknown,99,Unknown EMS Scene Arrival Hour,99,Unknown EMS Scene Arrival Minutes,99,Unknown,99,Unknown EMS Hospital Arrival Time,,,,,,,1,
2022,55,550260,Wisconsin,1,1,0,1,1,1,1,111,SAUK (111),0,NOT APPLICABLE,27,27,7,July,2022,4,Wednesday,9,9:00am-9:59am,30,30,0,This section IS NOT on the NHS,1,Rural,6,Minor Collector,3,Town or Township Highway Agency,5,Local Street - Township,DURWARDS GLEN RD,,99998,Not Reported,43.47259722,43.47259722,-89.620763890,-89.62076389,0,No Special Jurisdiction,8,Pedestrian,0,The First Harmful Event was Not a Collision with a Motor Vehicle in Transport,0,No,1,Non-Junction,1,Not an Intersection,0,None,,,4,On Roadside,1,Daylight,,,,,1,Clear,0,No,0000000,Not Applicable,88,Not Applicable (Not Notified),88,Not Applicable (Not Notified),88,Not Applicable,88,Not Applicable,88,"Not Applicable (Not Transported) ",88,Not Applicable (Not Transported),,,,,,,1,
2022,55,550261,Wisconsin,2,2,0,0,0,2,2,101,RACINE (101),9997,Other,13,13,7,July,2022,4,Wednesday,21,9:00pm-9:59pm,50,50,1,This section IS ON the NHS,2,Urban,3,Principal Arterial - Other,1,State Highway Agency,3,State Highway,SR-11,,99998,Not Reported,42.69507500,42.69507500,-87.969161110,-87.96916111,0,No Special Jurisdiction,12,Motor Vehicle In-Transport,1,Front-to-Rear,0,No,1,Non-Junction,1,Not an Intersection,0,None,,,1,On Roadway,2,Dark - Not Lighted,,,,,1,Clear,0,No,0000000,Not Applicable,99,Unknown,99,Unknown,99,Unknown EMS Scene Arrival Hour,99,Unknown EMS Scene Arrival Minutes,99,Unknown,99,Unknown EMS Hospital Arrival Time,,,,,,,1,
2022,55,550262,Wisconsin,1,1,0,0,0,1,1,79,MILWAUKEE (79),3100,MILWAUKEE,26,26,7,July,2022,3,Tuesday,14,2:00pm-2:59pm,7,7,1,This section IS ON the NHS,2,Urban,3,Principal Arterial - Other,2,County Highway Agency,4,County Road,CR-E,,99998,Not Reported,43.11974722,43.11974722,-88.004847220,-88.00484722,0,No Special Jurisdiction,33,Curb,0,The First Harmful Event was Not a Collision with a Motor Vehicle in Transport,0,No,1,Non-Junction,1,Not an Intersection,0,None,,,3,On Median,1,Daylight,,,,,1,Clear,0,No,0000000,Not Applicable,99,Unknown,99,Unknown,99,Unknown EMS Scene Arrival Hour,99,Unknown EMS Scene Arrival Minutes,88,"Not Applicable (Not Transported) ",88,Not Applicable (Not Transported),,,,,,,1,