caseyear,state,st_case,statename,ve_total,ve_forms,pvh_invl,peds,pernotmvit,permvit,persons,county,countyname,city,cityname,day,dayname,month,monthname,year,day_week,day_weekname,hour,hourname,minute,minutename,nhs,nhsname,rur_urb,rur_urbname,func_sys,func_sysname,rd_owner,rd_ownername,route,routename,tway_id,tway_id2,milept,mileptname,latitude,latitudename,longitud,longitudname,sp_jur,sp_jurname,harm_ev,harm_evname,man_coll,man_collname,reljct1,reljct1name,reljct2,reljct2name,typ_int,typ_intname,wrk_zone,wrk_zonename,road_fnc,road_fncname,rel_road,rel_roadname,lgt_cond,lgt_condname,weather1,weather1name,weather2,weather2name,weather,weathername,sch_bus,sch_busname,rail,railname,not_hour,not_hourname,not_min,not_minname,arr_hour,arr_hourname,arr_min,arr_minname,hosp_hr,hosp_hrname,hosp_mn,hosp_mnname,cf1,cf1name,cf2,cf2name,cf3,cf3name,fatals,drunk_dr
2022,55,550263,Wisconsin,1,1,0,0,0,1,1,133,WAUKESHA (133),2990,MENOMONEE FALLS,22,22,7,July,2022,6,Friday,1,1:00am-1:59am,15,15,0,This section IS NOT on the NHS,2,Urban,4,Minor Arterial,2,County Highway Agency,4,County Road,CR-Y,,99998,Not Reported,43.18485278,43.18485278,-88.162483330,-88.16248333,0,No Special Jurisdiction,42,Tree (Standing Only),0,The First Harmful Event was Not a Collision with a Motor Vehicle in Transport,0,No,1,Non-Junction,1,Not an Intersection,0,None,,,4,On Roadside,2,Dark - Not Lighted,,,,,10,Cloudy,0,No,0000000,Not Applicable,1,1:00am-1:59am,16,16,1,1:00am-1:59am,25,25,88,"Not Applicable (Not Transported) ",88,Not Applicable (Not Transported),,,,,,,1,
2022,55,550264,Wisconsin,1,1,0,1,1,2,2,103,RICHLAND (103),0,NOT APPLICABLE,26,26,5,May,2022,5,Thursday,14,2:00pm-2:59pm,55,55,0,This section IS NOT on the NHS,1,Rural,4,Minor Arterial,1,State Highway Agency,3,State Highway,SR-58,,99998,Not Reported,43.32427778,43.32427778,-90.291652780,-90.29165278,0,No Special Jurisdiction,8,Pedestrian,0,The First Harmful Event was Not a Collision with a Motor Vehicle in Transport,0,No,1,Non-Junction,1,Not an Intersection,0,None,,,1,On Roadway,1,Daylight,,,,,10,Cloudy,0,No,0000000,Not Applicable,15,3:00pm-3:59pm,5,5,15,3:00pm-3:59pm,8,8,88,"Not Applicable (Not Transported) ",88,Not Applicable (Not Transported),,,,,,,1,
2022,55,550265,Wisconsin,2,2,0,0,0,4,4,105,ROCK (105),440,BELOIT,23,23,7,July,2022,7,Saturday,13,1:00pm-1:59pm,27,27,0,This section IS NOT on the NHS,2,Urban,4,Minor Arterial,4,City or Municipal Highway Agency,6,Local Street - Municipality,GATEWAY BLVD,TOWN HALL RD,0,None,42.53552500,42.53552500,-88.954497220,-88.95449722,0,No Special Jurisdiction,12,Motor Vehicle In-Transport,6,Angle,0,No,2,Intersection,3,T-Intersection,0,None,,,1,On Roadway,1,Daylight,,,,,10,Cloudy,0,No,0000000,Not Applicable,99,Unknown,99,Unknown,99,Unknown EMS Scene Arrival Hour,99,Unknown EMS Scene Arrival Minutes,99,Unknown,99,Unknown EMS Hospital Arrival Time,,,,,,,1,
2022,55,550266,Wisconsin,3,3,0,0,0,4,4,3,ASHLAND (3),220,ASHLAND,22,22,7,July,2022,6,Friday,12,12:00pm-12:59pm,26,26,1,This section IS ON the NHS,2,Urban,3,Principal Arterial - Other,1,State Highway Agency,2,U.S. Highway,US-2,TURNER RD,99998,Not Reported,46.58249444,46.58249444,-90.916769440,-90.91676944,0,No Special Jurisdiction,12,Motor Vehicle In-Transport,6,Angle,0,No,2,Intersection,2,Four-Way Intersection,0,None,,,1,On Roadway,1,Daylight,,,,,1,Clear,0,No,0000000,Not Applicable,99,Unknown,99,Unknown,99,Unknown EMS Scene Arrival Hour,99,Unknown EMS Scene Arrival Minutes,99,Unknown,99,Unknown EMS Hospital Arrival Time,,,,,,,2,
2022,55,550267,Wisconsin,2,2,0,0,0,4,4,81,MONROE (81),0,NOT APPLICABLE,16,16,7,July,2022,7,Saturday,9,9:00am-9:59am,50,50,1,This section IS ON the NHS,1,Rural,1,Interstate,1,State Highway Agency,1,Interstate,I-90,,99998,Not Reported,43.98206111,43.98206111,-90.431883330,-90.43188333,0,No Special Jurisdiction,12,Motor Vehicle In-Transport,7,Sideswipe - Same Direction,0,No,1,Non-Junction,1,Not an Intersection,0,None,,,1,On Roadway,1,Daylight,,,,,10,Cloudy,0,No,0000000,Not Applicable,99,Unknown,99,Unknown,99,Unknown EMS Scene Arrival Hour,99,Unknown EMS Scene Arrival Minutes,99,Unknown,99,Unknown EMS Hospital Arrival Time,,,,,,,1,
2022,55,550268,Wisconsin,2,2,0,0,0,2,2,57,JUNEAU (57),0,NOT APPLICABLE,13,13,7,July,2022,4,Wednesday,12,12:00pm-12:59pm,56,56,0,This section IS NOT on the NHS,1,Rural,5,Major Collector,2,County Highway Agency,4,County Road,CR-HH,,0,None,43.72518056,43.72518056,-89.883347220,-89.88334722,0,No Special Jurisdiction,12,Motor Vehicle In-Transport,2,Front-to-Front,0,No,1,Non-Junction,1,Not an Intersection,0,None,,,1,On Roadway,1,Daylight,,,,,10,Cloudy,0,No,0000000,Not Applicable,12,12:00pm-12:59pm,57,57,13,1:00pm-1:59pm,2,2,14,2:00pm-2:59pm,0,0,,,,,,,1,
2022,55,550269,Wisconsin,1,1,0,0,0,1,1,53,JACKSON (53),0,NOT APPLICABLE,29,29,7,July,2022,6,Friday,14,2:00pm-2:59pm,2,2,0,This section IS NOT on the NHS,1,Rural,7,Local,3,Town or Township Highway Agency,5,Local Street - Township,PANTER RD,,99998,Not Reported,44.34955556,44.34955556,-90.336266670,-90.33626667,0,No Special Jurisdiction,1,Rollover/Overturn,0,The First Harmful Event was Not a Collision with a Motor Vehicle in Transport,0,No,1,Non-Junction,1,Not an Intersection,0,None,,,4,On Roadside,1,Daylight,,,,,1,Clear,0,No,0000000,Not Applicable,14,2:00pm-2:59pm,3,3,14,2:00pm-2:59pm,31,31,88,"Not Applicable (Not Transported) ",88,Not Applicable (Not Transported),,,,,,,1,
2022,55,550270,Wisconsin,1,1,0,0,0,1,1,73,MARATHON (73),10,ABBOTSFORD,30,30,7,July,2022,7,Saturday,10,10:00am-10:59am,12,12,1,This section IS ON the NHS,1,Rural,3,Principal Arterial - Other,1,State Highway Agency,3,State Highway,SR-29,,99998,Not Reported,44.93498889,44.93498889,-90.314283330,-90.31428333,0,No Special Jurisdiction,1,Rollover/Overturn,0,The First Harmful Event was Not a Collision with a Motor Vehicle in Transport,1,Yes,5,Entrance/Exit Ramp Related,1,Not an Intersection,0,None,,,4,On Roadside,1,Daylight,,,,,1,Clear,0,No,0000000,Not Applicable,10,10:00am-10:59am,16,16,10,10:00am-10:59am,20,20,88,"Not Applicable (Not Transported) ",88,Not Applicable (Not Transported),,,,,,,1,
2022,55,550271,Wisconsin,1,1,0,1,1,2,2,25,DANE (25),2780,MADISON,1,1,8,August,2022,2,Monday,14,2:00pm-2:59pm,18,18,0,This section IS NOT on the NHS,2,Urban,4,Minor Arterial,4,City or Municipal Highway Agency,6,Local Street - Municipality,PFLAUM RD,,0,None,43.06236111,43.06236111,-89.296538890,-89.29653889,0,No Special Jurisdiction,9,Pedalcyclist,0,The First Harmful Event was Not a Collision with a Motor Vehicle in Transport,0,No,1,Non-Junction,1,Not an Intersection,0,None,,,1,On Roadway,1,Daylight,,,,,1,Clear,0,No,0000000,Not Applicable,14,2:00pm-2:59pm,20,20,14,2:00pm-2:59pm,26,26,88,"Not Applicable (Not Transported) ",88,Not Applicable (Not Transported),,,,,,,1,
2022,55,550272,Wisconsin,1,1,0,0,0,1,1,9,BROWN (9),0,NOT APPLICABLE,4,4,7,July,2022,2,Monday,5,5:00am-5:59am,0,0,0,This section IS NOT on the NHS,1,Rural,7,Local,3,Town or Township Highway Agency,5,Local Street - Township,TOWER RD,,99998,Not Reported,44.37578333,44.37578333,-88.009138890,-88.00913889,0,No Special Jurisdiction,11,Live Animal,0,The First Harmful Event was Not a Collision with a Motor Vehicle in Transport,0,No,1,Non-Junction,1,Not an Intersection,0,None,,,1,On Roadway,4,Dawn,,,,,1,Clear,0,No,0000000,Not Applicable,99,Unknown,99,Unknown,99,Unknown EMS Scene Arrival Hour,99,Unknown EMS Scene Arrival Minutes,99,Unknown,99,Unknown EMS Hospital Arrival Time,,,,,,,1,
2022,55,550273,Wisconsin,1,1,0,1,1,1,1,139,WINNEBAGO (139),0,NOT APPLICABLE,15,15,5,May,2022,1,Sunday,0,0:00am-0:59am,14,14,0,This section IS NOT on the NHS,1,Rural,4,Minor Arterial,1,State Highway Agency,3,State Highway,SR-76,,99998,Not Reported,44.23020833,44.23020833,-88.544683330,-88.54468333,0,No Special Jurisdiction,8,Pedestrian,0,The First Harmful Event was Not a Collision with a Motor Vehicle in Transport,0,No,1,Non-Junction,1,Not an Intersection,0,None,,,1,On Roadway,2,Dark - Not Lighted,,,,,1,Clear,0,No,0000000,Not Applicable,88,Not Applicable (Not Notified),88,Not Applicable (Not Notified),88,Not Applicable,88,Not Applicable,88,"Not Applicable (Not Transported) ",88,Not Applicable (Not Transported),,,,,,,1,
2022,55,550274,Wisconsin,2,2,0,0,0,2,2,83,OCONTO (83),0,NOT APPLICABLE,3,3,8,August,2022,4,Wednesday,20,8:00pm-8:59pm,44,44,0,This section IS NOT on the NHS,1,Rural,6,Minor Collector,2,County Highway Agency,4,County Road,CR-I FIRESIDE RD,GUELIG RD,0,None,44.92226944,44.92226944,-88.124825000,-88.12482500,0,No Special Jurisdiction,12,Motor Vehicle In-Transport,1,Front-to-Rear,0,No,2,Intersection,2,Four-Way Intersection,0,None,,,1,On Roadway,5,Dusk,,,,,1,Clear,0,No,0000000,Not Applicable,20,8:00pm-8:59pm,48,48,20,8:00pm-8:59pm,54,54,99,Unknown,99,Unknown EMS Hospital Arrival Time,,,,,,,1,
2022,55,550275,Wisconsin,2,2,0,0,0,3,3,63,LA CROSSE (63),2490,LA CROSSE,3,3,8,August,2022,4,Wednesday,14,2:00pm-2:59pm,2,2,0,This section IS NOT on the NHS,2,Urban,4,Minor Arterial,4,City or Municipal Highway Agency,6,Local Street - Municipality,MONITOR ST,SR-35,0,None,43.82983056,43.82983056,-91.239719440,-91.23971944,0,No Special Jurisdiction,12,Motor Vehicle In-Transport,6,Angle,0,No,2,Intersection,3,T-Intersection,0,None,,,1,On Roadway,1,Daylight,,,,,1,Clear,0,No,0000000,Not Applicable,14,2:00pm-2:59pm,2,2,14,2:00pm-2:59pm,8,8,14,2:00pm-2:59pm,55,55,,,,,,,1,
2022,55,550276,Wisconsin,2,2,0,0,0,2,2,101,RACINE (101),3224,MOUNT PLEASANT,4,4,8,August,2022,5,Thursday,6,6:00am-6:59am,33,33,1,This section IS ON the NHS,2,Urban,3,Principal Arterial - Other,1,State Highway Agency,3,State Highway,SR-11,,99998,Not Reported,42.69750278,42.69750278,-87.856641670,-87.85664167,0,No Special Jurisdiction,12,Motor Vehicle In-Transport,6,Angle,0,No,8,Driveway Access Related,1,Not an Intersection,0,None,,,1,On Roadway,1,Daylight,,,,,10,Cloudy,0,No,0000000,Not Applicable,99,Unknown,99,Unknown,99,Unknown EMS Scene Arrival Hour,99,Unknown EMS Scene Arrival Minutes,99,Unknown,99,Unknown EMS Hospital Arrival Time,,,,,,,1,
2022,55,550277,Wisconsin,2,2,0,0,0,4,4,133,WAUKESHA (133),3352,NEW BERLIN,3,3,8,August,2022,4,Wednesday,9,9:00am-9:59am,51,51,0,This section IS NOT on the NHS,2,Urban,4,Minor Arterial,4,City or Municipal Highway Agency,6,Local Street - Municipality,GRANGE AVE W,,0,None,42.94436389,42.94436389,-88.099458330,-88.09945833,0,No Special Jurisdiction,12,Motor Vehicle In-Transport,1,Front-to-Rear,0,No,1,Non-Junction,1,Not an Intersection,0,None,,,1,On Roadway,1,Daylight,,,,,10,Cloudy,0,No,0000000,Not Applicable,9,9:00am-9:59am,52,52,9,9:00am-9:59am,59,59,10,10:00am-10:59am,29,29,,,,,,,1,
2022,55,550278,Wisconsin,1,1,0,1,1,2,2,81,MONROE (81),0,NOT APPLICABLE,1,1,8,August,2022,2,Monday,19,7:00pm-7:59pm,42,42,0,This section IS NOT on the NHS,1,Rural,5,Major Collector,1,State Highway Agency,3,State Highway,SR-71,,99998,Not Reported,44.06506111,44.06506111,-90.891286110,-90.89128611,0,No Special Jurisdiction,8,Pedestrian,0,The First Harmful Event was Not a Collision with a Motor Vehicle in Transport,0,No,1,Non-Junction,1,Not an Intersection,0,None,,,1,On Roadway,1,Daylight,,,,,1,Clear,0,No,0000000,Not Applicable,19,7:00pm-7:59pm,44,44,19,7:00pm-7:59pm,54,54,88,"Not Applicable (Not Transported) ",88,Not Applicable (Not Transported),,,,,,,1,
2022,55,550279,Wisconsin,3,3,0,0,0,5,5,87,OUTAGAMIE (87),3390,NEW LONDON,5,5,8,August,2022,6,Friday,16,4:00pm-4:59pm,24,24,1,This section IS ON the NHS,2,Urban,3,Principal Arterial - Other,1,State Highway Agency,2,U.S. Highway,US-45,,99998,Not Reported,44.38883611,44.38883611,-88.720811110,-88.72081111,0,No Special Jurisdiction,12,Motor Vehicle In-Transport,6,Angle,0,No,1,Non-Junction,1,Not an Intersection,0,None,,,1,On Roadway,1,Daylight,,,,,1,Clear,0,No,0000000,Not Applicable,16,4:00pm-4:59pm,30,30,16,4:00pm-4:59pm,30,30,99,Unknown,99,Unknown EMS Hospital Arrival Time,,,,,,,1,
2022,55,550280,Wisconsin,1,1,0,0,0,1,1,45,GREEN (45),0,NOT APPLICABLE,1,1,8,August,2022,2,Monday,13,1:00pm-1:59pm,6,6,0,This section IS NOT on the NHS,1,Rural,4,Minor Arterial,1,State Highway Agency,3,State Highway,SR-39,,99998,Not Reported,42.84273333,42.84273333,-89.789100000,-89.78910000,0,No Special Jurisdiction,34,Ditch,0,The First Harmful Event was Not a Collision with a Motor Vehicle in Transport,0,No,1,Non-Junction,1,Not an Intersection,0,None,,,4,On Roadside,1,Daylight,,,,,1,Clear,0,No,0000000,Not Applicable,13,1:00pm-1:59pm,22,22,99,Unknown EMS Scene Arrival Hour,99,Unknown EMS Scene Arrival Minutes,99,Unknown,99,Unknown EMS Hospital Arrival Time,,,,,,,1,
2022,55,550281,Wisconsin,2,2,0,0,0,2,2,123,VERNON (123),0,NOT APPLICABLE,3,3,8,August,2022,4,Wednesday,12,12:00pm-12:59pm,38,38,1,This section IS ON the NHS,1,Rural,3,Principal Arterial - Other,1,State Highway Agency,3,State Highway,SR-27,,99998,Not Reported,43.66587500,43.66587500,-90.845572220,-90.84557222,0,No Special Jurisdiction,12,Motor Vehicle In-Transport,1,Front-to-Rear,0,No,1,Non-Junction,1,Not an Intersection,0,None,,,1,On Roadway,1,Daylight,,,,,1,Clear,0,No,0000000,Not Applicable,99,Unknown,99,Unknown,99,Unknown EMS Scene Arrival Hour,99,Unknown EMS Scene Arrival Minutes,88,"Not Applicable (Not Transported) ",88,Not Applicable (Not Transported),,,,,,,1,
2022,55,550282,Wisconsin,1,1,0,0,0,1,1,63,LA CROSSE (63),0,NOT APPLICABLE,8,8,8,August,2022,2,Monday,20,8:00pm-8:59pm,34,34,0,This section IS NOT on the NHS,2,Urban,5,Major Collector,2,County Highway Agency,4,County Road,CR-Z,,0,None,43.93788611,43.93788611,-91.289005560,-91.28900556,0,No Special Jurisdiction,34,Ditch,0,The First Harmful Event was Not a Collision with a Motor Vehicle in Transport,0,No,1,Non-Junction,1,Not an Intersection,0,None,,,4,On Roadside,5,Dusk,,,,,1,Clear,0,No,0000000,Not Applicable,20,8:00pm-8:59pm,34,34,99,Unknown EMS Scene Arrival Hour,99,Unknown EMS Scene Arrival Minutes,88,"Not Applicable (Not Transported) ",88,Not Applicable (Not Transported),,,,,,,1,
2022,55,550283,Wisconsin,1,1,0,0,0,1,1,17,CHIPPEWA (17),0,NOT APPLICABLE,30,30,7,July,2022,7,Saturday,16,4:00pm-4:59pm,48,48,0,This section IS NOT on the NHS,1,Rural,5,Major Collector,2,County Highway Agency,4,County Road,CR-X,,99998,Not Reported,44.92963889,44.92963889,-91.240022220,-91.24002222,0,No Special Jurisdiction,91,Unknown Object Not Fixed,0,The First Harmful Event was Not a Collision with a Motor Vehicle in Transport,0,No,1,Non-Junction,1,Not an Intersection,0,None,,,4,On Roadside,1,Daylight,,,,,10,Cloudy,0,No,0000000,Not Applicable,16,4:00pm-4:59pm,48,48,16,4:00pm-4:59pm,57,57,88,"Not Applicable (Not Transported) ",88,Not Applicable (Not Transported),,,,,,,1,
2022,55,550284,Wisconsin,1,1,0,0,0,1,1,125,VILAS (125),0,NOT APPLICABLE,7,7,8,August,2022,1,Sunday,20,8:00pm-8:59pm,25,25,0,This section IS NOT on the NHS,1,Rural,5,Major Collector,2,County Highway Agency,4,County Road,CR-N,,0,None,45.98613333,45.98613333,-89.497252780,-89.49725278,0,No Special Jurisdiction,42,Tree (Standing Only),0,The First Harmful Event was Not a Collision with a Motor Vehicle in Transport,0,No,1,Non-Junction,1,Not an Intersection,0,None,,,4,On Roadside,5,Dusk,,,,,1,Clear,0,No,0000000,Not Applicable,20,8:00pm-8:59pm,41,41,20,8:00pm-8:59pm,41,41,88,"Not Applicable (Not Transported) ",88,Not Applicable (Not Transported),,,,,,,1,
2022,55,550285,Wisconsin,1,1,0,0,0,1,1,111,SAUK (111),0,NOT APPLICABLE,10,10,8,August,2022,4,Wednesday,16,4:00pm-4:59pm,30,30,0,This section IS NOT on the NHS,1,Rural,7,Local,3,Town or Township Highway Agency,5,Local Street - Township,STONE CHURCH RD,,0,None,43.42530833,43.42530833,-89.975255560,-89.97525556,0,No Special Jurisdiction,43,Other Fixed Object,0,The First Harmful Event was Not a Collision with a Motor Vehicle in Transport,0,No,1,Non-Junction,1,Not an Intersection,4,"Work Zone, Type Unknown",,,4,On Roadside,1,Daylight,,,,,1,Clear,0,No,0000000,Not Applicable,99,Unknown,99,Unknown,99,Unknown EMS Scene Arrival Hour,99,Unknown EMS Scene Arrival Minutes,99,Unknown,99,Unknown EMS Hospital Arrival Time,,,,,,,1,
2022,55,550286,Wisconsin,1,1,0,0,0,1,1,133,WAUKESHA (133),0,NOT APPLICABLE,9,9,8,August,2022,3,Tuesday,4,4:00am-4:59am,54,54,0,This section IS NOT on the NHS,2,Urban,3,Principal Arterial - Other,1,State Highway Agency,3,State Highway,SR-67,,99998,Not Reported,43.00446667,43.00446667,-88.462961110,-88.46296111,0,No Special Jurisdiction,42,Tree (Standing Only),0,The First Harmful Event was Not a Collision with a Motor Vehicle in Transport,0,No,1,Non-Junction,1,Not an Intersection,0,None,,,4,On Roadside,4,Dawn,,,,,5,"Fog, Smog, Smoke",0,No,0000000,Not Applicable,4,4:00am-4:59am,53,53,5,5:00am-5:59am,0,0,88,"Not Applicable (Not Transported) ",88,Not Applicable (Not Transported),,,,,,,1,
2022,55,550287,Wisconsin,1,1,0,0,0,1,1,27,DODGE (27),0,NOT APPLICABLE,9,9,8,August,2022,3,Tuesday,17,5:00pm-5:59pm,18,18,1,This section IS ON the NHS,2,Urban,3,Principal Arterial - Other,1,State Highway Agency,3,State Highway,SR-16,,99998,Not Reported,43.21965556,43.21965556,-88.750216670,-88.75021667,0,No Special Jurisdiction,1,Rollover/Overturn,0,The First Harmful Event was Not a Collision with a Motor Vehicle in Transport,1,Yes,5,Entrance/Exit Ramp Related,1,Not an Intersection,0,None,,,8,Gore,1,Daylight,,,,,1,Clear,0,No,0000000,Not Applicable,17,5:00pm-5:59pm,19,19,17,5:00pm-5:59pm,29,29,88,"Not Applicable (Not Transported) ",88,Not Applicable (Not Transported),,,,,,,1,
2022,55,550288,Wisconsin,1,1,0,0,0,1,1,19,CLARK (19),0,NOT APPLICABLE,27,27,7,July,2022,4,Wednesday,13,1:00pm-1:59pm,15,15,0,This section IS NOT on the NHS,1,Rural,4,Minor Arterial,1,State Highway Agency,2,U.S. Highway,US-12,CR-B,99998,Not Reported,44.53543056,44.53543056,-90.902452780,-90.90245278,0,No Special Jurisdiction,31,"Post, Pole or Other Supports",0,The First Harmful Event was Not a Collision with a Motor Vehicle in Transport,0,No,3,Intersection-Related,2,Four-Way Intersection,0,None,,,4,On Roadside,1,Daylight,,,,,10,Cloudy,0,No,0000000,Not Applicable,99,Unknown,99,Unknown,99,Unknown EMS Scene Arrival Hour,99,Unknown EMS Scene Arrival Minutes,88,"Not Applicable (Not Transported) ",88,Not Applicable (Not Transported),,,,,,,1,
2022,55,550290,Wisconsin,2,2,0,0,0,5,5,39,FOND DU LAC (39),0,NOT APPLICABLE,26,26,7,July,2022,3,Tuesday,16,4:00pm-4:59pm,14,14,0,This section IS NOT on the NHS,1,Rural,5,Major Collector,2,County Highway Agency,4,County Road,CR-RP,CR-N,99998,Not Reported,43.84990556,43.84990556,-88.504236110,-88.50423611,0,No Special Jurisdiction,12,Motor Vehicle In-Transport,6,Angle,0,No,2,Intersection,2,Four-Way Intersection,0,None,,,1,On Roadway,1,Daylight,,,,,1,Clear,0,No,0000000,Not Applicable,16,4:00pm-4:59pm,14,14,16,4:00pm-4:59pm,23,23,99,Unknown,99,Unknown EMS Hospital Arrival Time,,,,,,,1,
2022,55,550291,Wisconsin,2,1,1,0,0,1,1,9,BROWN (9),1330,DE PERE,18,18,6,June,2022,7,Saturday,17,5:00pm-5:59pm,31,31,0,This section IS NOT on the NHS,2,Urban,5,Major Collector,4,City or Municipal Highway Agency,6,Local Street - Municipality,RIDGEWAY DR,,99998,Not Reported,44.44625278,44.44625278,-88.028813890,-88.02881389,0,No Special Jurisdiction,33,Curb,0,The First Harmful Event was Not a Collision with a Motor Vehicle in Transport,0,No,1,Non-Junction,1,Not an Intersection,0,None,,,4,On Roadside,1,Daylight,,,,,1,Clear,0,No,0000000,Not Applicable,17,5:00pm-5:59pm,32,32,17,5:00pm-5:59pm,43,43,88,"Not Applicable (Not Transported) ",88,Not Applicable (Not Transported),,,,,,,1,
2022,55,550292,Wisconsin,1,1,0,1,1,1,1,127,WALWORTH (127),2520,LAKE GENEVA,19,19,7,July,2022,3,Tuesday,7,7:00am-7:59am,29,29,1,This section IS ON the NHS,2,Urban,3,Principal Arterial - Other,2,County Highway Agency,4,County Road,CR-H,,99998,Not Reported,42.60368889,42.60368889,-88.435563890,-88.43556389,0,No Special Jurisdiction,8,Pedestrian,0,The First Harmful Event was Not a Collision with a Motor Vehicle in Transport,0,No,1,Non-Junction,1,Not an Intersection,0,None,,,1,On Roadway,1,Daylight,,,,,1,Clear,0,No,0000000,Not Applicable,99,Unknown,99,Unknown,99,Unknown EMS Scene Arrival Hour,99,Unknown EMS Scene Arrival Minutes,88,"Not Applicable (Not Transported) ",88,Not Applicable (Not Transported),,,,,,,1,
2022,55,550293,Wisconsin,1,1,0,0,0,3,3,15,CALUMET (15),0,NOT APPLICABLE,25,25,7,July,2022,2,Monday,99,Unknown Hours,99,Unknown Minutes,0,This section IS NOT on the NHS,1,Rural,5,Major Collector,2,County Highway Agency,4,County Road,CR-A,,99998,Not Reported,43.92428056,43.92428056,-88.122516670,-88.12251667,0,No Special Jurisdiction,1,Rollover/Overturn,0,The First Harmful Event was Not a Collision with a Motor Vehicle in Transport,0,No,1,Non-Junction,1,Not an Intersection,0,None,,,4,On Roadside,2,Dark - Not Lighted,,,,,1,Clear,0,No,0000000,Not Applicable,2,2:00am-2:59am,40,40,2,2:00am-2:59am,40,40,99,Unknown,99,Unknown EMS Hospital Arrival Time,,,,,,,1,
2022,55,550294,Wisconsin,2,2,0,0,0,2,2,89,OZAUKEE (89),0,NOT APPLICABLE,17,17,8,August,2022,4,Wednesday,1,1:00am-1:59am,48,48,1,This section IS ON the NHS,2,Urban,1,Interstate,1,State Highway Agency,1,Interstate,I-43,,99998,Not Reported,43.29542222,43.29542222,-87.920727780,-87.92072778,0,No Special Jurisdiction,12,Motor Vehicle In-Transport,1,Front-to-Rear,0,No,1,Non-Junction,1,Not an Intersection,4,"Work Zone, Type Unknown",,,1,On Roadway,2,Dark - Not Lighted,,,,,1,Clear,0,No,0000000,Not Applicable,2,2:00am-2:59am,0,0,2,2:00am-2:59am,15,15,2,2:00am-2:59am,39,39,,,,,,,1,
2022,55,550295,Wisconsin,1,1,0,1,1,1,1,35,EAU CLAIRE (35),1470,EAU CLAIRE,23,23,8,August,2022,3,Tuesday,7,7:00am-7:59am,49,49,0,This section IS NOT on the NHS,2,Urban,5,Major Collector,4,City or Municipal Highway Agency,6,Local Street - Municipality,FAIRFAX ST,DAMON ST,0,None,44.77476944,44.77476944,-91.468216670,-91.46821667,0,No Special Jurisdiction,8,Pedestrian,0,The First Harmful Event was Not a Collision with a Motor Vehicle in Transport,1,Yes,3,Intersection-Related,3,T-Intersection,0,None,,,1,On Roadway,1,Daylight,,,,,1,Clear,0,No,0000000,Not Applicable,7,7:00am-7:59am,50,50,7,7:00am-7:59am,56,56,8,8:00am-8:59am,11,11,,,,,,,1,
2022,55,550296,Wisconsin,1,1,0,0,0,1,1,71,MANITOWOC (71),0,NOT APPLICABLE,6,6,8,August,2022,7,Saturday,11,11:00am-11:59am,53,53,1,This section IS ON the NHS,1,Rural,1,Interstate,1,State Highway Agency,1,Interstate,I-43,,99998,Not Reported,44.30201667,44.30201667,-87.782919440,-87.78291944,0,No Special Jurisdiction,34,Ditch,0,The First Harmful Event was Not a Collision with a Motor Vehicle in Transport,0,No,1,Non-Junction,1,Not an Intersection,4,"Work Zone, Type Unknown",,,3,On Median,1,Daylight,,,,,10,Cloudy,0,No,0000000,Not Applicable,11,11:00am-11:59am,57,57,12,12:00pm-12:59pm,13,13,99,Unknown,99,Unknown EMS Hospital Arrival Time,,,,,,,1,
2022,55,550297,Wisconsin,3,3,0,0,0,8,8,127,WALWORTH (127),0,NOT APPLICABLE,14,14,8,August,2022,1,Sunday,17,5:00pm-5:59pm,5,5,0,This section IS NOT on the NHS,1,Rural,4,Minor Arterial,1,State Highway Agency,3,State Highway,SR-11,,99998,Not Reported,42.64411944,42.64411944,-88.722125000,-88.72212500,0,No Special Jurisdiction,12,Motor Vehicle In-Transport,7,Sideswipe - Same Direction,0,No,1,Non-Junction,1,Not an Intersection,0,None,,,1,On Roadway,1,Daylight,,,,,10,Cloudy,0,No,0000000,Not Applicable,17,5:00pm-5:59pm,7,7,17,5:00pm-5:59pm,14,14,99,Unknown,99,Unknown EMS Hospital Arrival Time,,,,,,,1,
2022,55,550298,Wisconsin,2,2,0,0,0,2,2,93,PIERCE (93),0,NOT APPLICABLE,16,16,8,August,2022,3,Tuesday,12,12:00pm-12:59pm,40,40,1,This section IS ON the NHS,1,Rural,3,Principal Arterial - Other,1,State Highway Agency,2,U.S. Highway,US-63,CR-VV,99998,Not Reported,44.59450833,44.59450833,-92.537988890,-92.53798889,0,No Special Jurisdiction,12,Motor Vehicle In-Transport,6,Angle,0,No,2,Intersection,2,Four-Way Intersection,0,None,,,1,On Roadway,1,Daylight,,,,,1,Clear,0,No,0000000,Not Applicable,12,12:00pm-12:59pm,46,46,12,12:00pm-12:59pm,50,50,88,"Not Applicable (Not Transported) ",88,Not Applicable (Not Transported),,,,,,,1,
2022,55,550299,Wisconsin,1,1,0,0,0,1,1,79,MILWAUKEE (79),3475,SOUTH MILWAUKEE,14,14,8,August,2022,1,Sunday,17,5:00pm-5:59pm,58,58,1,This section IS ON the NHS,2,Urban,3,Principal Arterial - Other,2,County Highway Agency,4,County Road,CR-ZZ,ACE INDUSTRIAL RD,0,None,42.93004444,42.93004444,-87.883663890,-87.88366389,0,No Special Jurisdiction,33,Curb,0,The First Harmful Event was Not a Collision with a Motor Vehicle in Transport,1,Yes,3,Intersection-Related,6,Roundabout,0,None,,,4,On Roadside,1,Daylight,,,,,10,Cloudy,0,No,0000000,Not Applicable,17,5:00pm-5:59pm,58,58,18,6:00pm-6:59pm,3,3,88,"Not Applicable (Not Transported) ",88,Not Applicable (Not Transported),,,,,,,1,