caseyear,state,st_case,statename,ve_total,ve_forms,pvh_invl,peds,pernotmvit,permvit,persons,county,countyname,city,cityname,day,dayname,month,monthname,year,day_week,day_weekname,hour,hourname,minute,minutename,nhs,nhsname,rur_urb,rur_urbname,func_sys,func_sysname,rd_owner,rd_ownername,route,routename,tway_id,tway_id2,milept,mileptname,latitude,latitudename,longitud,longitudname,sp_jur,sp_jurname,harm_ev,harm_evname,man_coll,man_collname,reljct1,reljct1name,reljct2,reljct2name,typ_int,typ_intname,wrk_zone,wrk_zonename,road_fnc,road_fncname,rel_road,rel_roadname,lgt_cond,lgt_condname,weather1,weather1name,weather2,weather2name,weather,weathername,sch_bus,sch_busname,rail,railname,not_hour,not_hourname,not_min,not_minname,arr_hour,arr_hourname,arr_min,arr_minname,hosp_hr,hosp_hrname,hosp_mn,hosp_mnname,cf1,cf1name,cf2,cf2name,cf3,cf3name,fatals,drunk_dr
2022,55,550372,Wisconsin,1,1,0,1,1,1,1,79,MILWAUKEE (79),3100,MILWAUKEE,28,28,8,August,2022,1,Sunday,0,0:00am-0:59am,34,34,1,This section IS ON the NHS,2,Urban,3,Principal Arterial - Other,1,State Highway Agency,3,State Highway,SR-145,,99998,Not Reported,43.04583333,43.04583333,-87.918797220,-87.91879722,0,No Special Jurisdiction,8,Pedestrian,0,The First Harmful Event was Not a Collision with a Motor Vehicle in Transport,0,No,1,Non-Junction,1,Not an Intersection,0,None,,,1,On Roadway,3,Dark - Lighted,,,,,1,Clear,0,No,0000000,Not Applicable,99,Unknown,99,Unknown,99,Unknown EMS Scene Arrival Hour,99,Unknown EMS Scene Arrival Minutes,99,Unknown,99,Unknown EMS Hospital Arrival Time,,,,,,,1,
2022,55,550373,Wisconsin,2,2,0,0,0,4,4,117,SHEBOYGAN (117),4330,SHEBOYGAN,29,29,9,September,2022,5,Thursday,16,4:00pm-4:59pm,57,57,1,This section IS ON the NHS,2,Urban,3,Principal Arterial - Other,1,State Highway Agency,3,State Highway,SR-28,,99998,Not Reported,43.74188611,43.74188611,-87.722938890,-87.72293889,0,No Special Jurisdiction,12,Motor Vehicle In-Transport,1,Front-to-Rear,0,No,1,Non-Junction,1,Not an Intersection,0,None,,,1,On Roadway,1,Daylight,,,,,1,Clear,0,No,0000000,Not Applicable,16,4:00pm-4:59pm,59,59,17,5:00pm-5:59pm,0,0,17,5:00pm-5:59pm,0,0,,,,,,,1,
2022,55,550374,Wisconsin,1,1,0,1,1,1,1,79,MILWAUKEE (79),5160,WEST ALLIS,1,1,10,October,2022,7,Saturday,9,9:00am-9:59am,46,46,1,This section IS ON the NHS,2,Urban,3,Principal Arterial - Other,1,State Highway Agency,3,State Highway,SR-59,SIX POINTS CROSSING,99998,Not Reported,43.01670833,43.01670833,-87.994283330,-87.99428333,0,No Special Jurisdiction,9,Pedalcyclist,0,The First Harmful Event was Not a Collision with a Motor Vehicle in Transport,0,No,3,Intersection-Related,3,T-Intersection,0,None,,,1,On Roadway,1,Daylight,,,,,1,Clear,0,No,0000000,Not Applicable,9,9:00am-9:59am,47,47,9,9:00am-9:59am,49,49,10,10:00am-10:59am,7,7,,,,,,,1,
2022,55,550375,Wisconsin,3,1,2,0,0,1,1,79,MILWAUKEE (79),3100,MILWAUKEE,24,24,9,September,2022,7,Saturday,15,3:00pm-3:59pm,29,29,0,This section IS NOT on the NHS,2,Urban,4,Minor Arterial,4,City or Municipal Highway Agency,6,Local Street - Municipality,W HAMPTON AVE,,0,None,43.10474444,43.10474444,-87.988550000,-87.98855000,0,No Special Jurisdiction,14,Parked Motor Vehicle,0,The First Harmful Event was Not a Collision with a Motor Vehicle in Transport,0,No,1,Non-Junction,1,Not an Intersection,0,None,,,7,In Parking Lane/Zone,1,Daylight,,,,,10,Cloudy,0,No,0000000,Not Applicable,99,Unknown,99,Unknown,99,Unknown EMS Scene Arrival Hour,99,Unknown EMS Scene Arrival Minutes,99,Unknown,99,Unknown EMS Hospital Arrival Time,,,,,,,1,
2022,55,550376,Wisconsin,2,2,0,0,0,2,2,25,DANE (25),2780,MADISON,30,30,9,September,2022,6,Friday,19,7:00pm-7:59pm,51,51,1,This section IS ON the NHS,2,Urban,2,Principal Arterial - Other Freeways and Expressways,1,State Highway Agency,2,U.S. Highway,US-12,CR-AB,99998,Not Reported,43.04051111,43.04051111,-89.246933330,-89.24693333,0,No Special Jurisdiction,12,Motor Vehicle In-Transport,6,Angle,0,No,2,Intersection,2,Four-Way Intersection,4,"Work Zone, Type Unknown",,,1,On Roadway,2,Dark - Not Lighted,,,,,1,Clear,0,No,0000000,Not Applicable,99,Unknown,99,Unknown,99,Unknown EMS Scene Arrival Hour,99,Unknown EMS Scene Arrival Minutes,99,Unknown,99,Unknown EMS Hospital Arrival Time,,,,,,,1,
2022,55,550377,Wisconsin,1,1,0,0,0,1,1,25,DANE (25),2780,MADISON,2,2,10,October,2022,1,Sunday,19,7:00pm-7:59pm,10,10,0,This section IS NOT on the NHS,2,Urban,3,Principal Arterial - Other,1,State Highway Agency,2,U.S. Highway,US-151,,99998,Not Reported,43.03540278,43.03540278,-89.395022220,-89.39502222,0,No Special Jurisdiction,35,Embankment,0,The First Harmful Event was Not a Collision with a Motor Vehicle in Transport,1,Yes,5,Entrance/Exit Ramp Related,1,Not an Intersection,0,None,,,8,Gore,3,Dark - Lighted,,,,,1,Clear,0,No,0000000,Not Applicable,19,7:00pm-7:59pm,17,17,19,7:00pm-7:59pm,22,22,19,7:00pm-7:59pm,48,48,,,,,,,1,
2022,55,550378,Wisconsin,1,1,0,0,0,1,1,5,BARRON (5),0,NOT APPLICABLE,8,8,10,October,2022,7,Saturday,9,9:00am-9:59am,15,15,1,This section IS ON the NHS,1,Rural,2,Principal Arterial - Other Freeways and Expressways,1,State Highway Agency,2,U.S. Highway,US-53,,99998,Not Reported,45.44725278,45.44725278,-91.759805560,-91.75980556,0,No Special Jurisdiction,52,Guardrail End,0,The First Harmful Event was Not a Collision with a Motor Vehicle in Transport,0,No,1,Non-Junction,1,Not an Intersection,0,None,,,3,On Median,1,Daylight,,,,,1,Clear,0,No,0000000,Not Applicable,99,Unknown,99,Unknown,99,Unknown EMS Scene Arrival Hour,99,Unknown EMS Scene Arrival Minutes,88,"Not Applicable (Not Transported) ",88,Not Applicable (Not Transported),,,,,,,1,
2022,55,550379,Wisconsin,1,1,0,1,1,4,4,71,MANITOWOC (71),0,NOT APPLICABLE,1,1,10,October,2022,7,Saturday,20,8:00pm-8:59pm,51,51,0,This section IS NOT on the NHS,1,Rural,5,Major Collector,2,County Highway Agency,4,County Road,CR-X,,0,None,43.94976389,43.94976389,-88.024888890,-88.02488889,0,No Special Jurisdiction,8,Pedestrian,0,The First Harmful Event was Not a Collision with a Motor Vehicle in Transport,0,No,1,Non-Junction,1,Not an Intersection,0,None,,,1,On Roadway,2,Dark - Not Lighted,,,,,1,Clear,0,No,0000000,Not Applicable,20,8:00pm-8:59pm,53,53,21,9:00pm-9:59pm,5,5,88,"Not Applicable (Not Transported) ",88,Not Applicable (Not Transported),,,,,,,1,
2022,55,550380,Wisconsin,1,1,0,0,0,2,2,101,RACINE (101),9997,Other,2,2,10,October,2022,1,Sunday,22,10:00pm-10:59pm,16,16,1,This section IS ON the NHS,1,Rural,3,Principal Arterial - Other,1,State Highway Agency,3,State Highway,SR-11,,99998,Not Reported,42.68131944,42.68131944,-88.021191670,-88.02119167,0,No Special Jurisdiction,1,Rollover/Overturn,0,The First Harmful Event was Not a Collision with a Motor Vehicle in Transport,0,No,1,Non-Junction,1,Not an Intersection,0,None,,,4,On Roadside,2,Dark - Not Lighted,,,,,10,Cloudy,0,No,0000000,Not Applicable,22,10:00pm-10:59pm,16,16,22,10:00pm-10:59pm,21,21,88,"Not Applicable (Not Transported) ",88,Not Applicable (Not Transported),,,,,,,1,
2022,55,550381,Wisconsin,2,2,0,0,0,3,3,79,MILWAUKEE (79),3100,MILWAUKEE,12,12,8,August,2022,6,Friday,19,7:00pm-7:59pm,21,21,1,This section IS ON the NHS,2,Urban,3,Principal Arterial - Other,1,State Highway Agency,3,State Highway,SR-145 W FOND DU LAC AVE,SR-145 W CONGRESS ST,99998,Not Reported,43.09712222,43.09712222,-87.985627780,-87.98562778,0,No Special Jurisdiction,12,Motor Vehicle In-Transport,6,Angle,0,No,2,Intersection,2,Four-Way Intersection,0,None,,,1,On Roadway,1,Daylight,,,,,1,Clear,0,No,0000000,Not Applicable,99,Unknown,99,Unknown,99,Unknown EMS Scene Arrival Hour,99,Unknown EMS Scene Arrival Minutes,99,Unknown,99,Unknown EMS Hospital Arrival Time,,,,,,,1,
2022,55,550382,Wisconsin,2,2,0,0,0,3,3,79,MILWAUKEE (79),3100,MILWAUKEE,5,5,10,October,2022,4,Wednesday,20,8:00pm-8:59pm,57,57,1,This section IS ON the NHS,2,Urban,3,Principal Arterial - Other,1,State Highway Agency,3,State Highway,SR-175 W APPLETON AVE,,99998,Not Reported,43.11029167,43.11029167,-88.022738890,-88.02273889,0,No Special Jurisdiction,12,Motor Vehicle In-Transport,7,Sideswipe - Same Direction,0,No,1,Non-Junction,1,Not an Intersection,0,None,,,1,On Roadway,3,Dark - Lighted,,,,,10,Cloudy,0,No,0000000,Not Applicable,99,Unknown,99,Unknown,99,Unknown EMS Scene Arrival Hour,99,Unknown EMS Scene Arrival Minutes,99,Unknown,99,Unknown EMS Hospital Arrival Time,,,,,,,1,
2022,55,550383,Wisconsin,1,1,0,0,0,1,1,83,OCONTO (83),0,NOT APPLICABLE,7,7,10,October,2022,6,Friday,23,11:00pm-11:59pm,9,9,0,This section IS NOT on the NHS,1,Rural,7,Local,3,Town or Township Highway Agency,5,Local Street - Township,OLD 22 RD,,0,None,44.87580000,44.87580000,-88.326013890,-88.32601389,0,No Special Jurisdiction,42,Tree (Standing Only),0,The First Harmful Event was Not a Collision with a Motor Vehicle in Transport,0,No,1,Non-Junction,1,Not an Intersection,0,None,,,4,On Roadside,2,Dark - Not Lighted,,,,,1,Clear,0,No,0000000,Not Applicable,99,Unknown,99,Unknown,99,Unknown EMS Scene Arrival Hour,99,Unknown EMS Scene Arrival Minutes,88,"Not Applicable (Not Transported) ",88,Not Applicable (Not Transported),,,,,,,1,
2022,55,550384,Wisconsin,1,1,0,1,1,1,1,105,ROCK (105),2320,JANESVILLE,28,28,9,September,2022,4,Wednesday,15,3:00pm-3:59pm,17,17,0,This section IS NOT on the NHS,2,Urban,4,Minor Arterial,4,City or Municipal Highway Agency,6,Local Street - Municipality,E MEMORIAL DR,PRAIRIE AVE,0,None,42.69366111,42.69366111,-89.017483330,-89.01748333,0,No Special Jurisdiction,8,Pedestrian,0,The First Harmful Event was Not a Collision with a Motor Vehicle in Transport,0,No,3,Intersection-Related,2,Four-Way Intersection,0,None,,,1,On Roadway,1,Daylight,,,,,10,Cloudy,0,No,0000000,Not Applicable,15,3:00pm-3:59pm,19,19,15,3:00pm-3:59pm,22,22,15,3:00pm-3:59pm,38,38,,,,,,,1,
2022,55,550385,Wisconsin,2,2,0,0,0,2,2,15,CALUMET (15),9997,Other,27,27,9,September,2022,3,Tuesday,7,7:00am-7:59am,35,35,0,This section IS NOT on the NHS,2,Urban,3,Principal Arterial - Other,1,State Highway Agency,3,State Highway,SR-114,STATE PARK RD,99998,Not Reported,44.19622500,44.19622500,-88.303677780,-88.30367778,0,No Special Jurisdiction,12,Motor Vehicle In-Transport,6,Angle,0,No,2,Intersection,2,Four-Way Intersection,0,None,,,1,On Roadway,1,Daylight,,,,,1,Clear,0,No,0000000,Not Applicable,7,7:00am-7:59am,36,36,99,Unknown EMS Scene Arrival Hour,99,Unknown EMS Scene Arrival Minutes,88,"Not Applicable (Not Transported) ",88,Not Applicable (Not Transported),,,,,,,1,
2022,55,550386,Wisconsin,1,1,0,0,0,1,1,25,DANE (25),0,NOT APPLICABLE,2,2,10,October,2022,1,Sunday,21,9:00pm-9:59pm,33,33,0,This section IS NOT on the NHS,1,Rural,4,Minor Arterial,1,State Highway Agency,3,State Highway,SR-19,PROSPECTOR LN,99998,Not Reported,43.17160278,43.17160278,-89.129672220,-89.12967222,0,No Special Jurisdiction,19,Building,0,The First Harmful Event was Not a Collision with a Motor Vehicle in Transport,0,No,3,Intersection-Related,3,T-Intersection,0,None,,,4,On Roadside,2,Dark - Not Lighted,,,,,1,Clear,0,No,0000000,Not Applicable,21,9:00pm-9:59pm,33,33,21,9:00pm-9:59pm,44,44,88,"Not Applicable (Not Transported) ",88,Not Applicable (Not Transported),,,,,,,1,
2022,55,550387,Wisconsin,2,2,0,0,0,2,2,25,DANE (25),0,NOT APPLICABLE,4,4,10,October,2022,3,Tuesday,16,4:00pm-4:59pm,44,44,0,This section IS NOT on the NHS,1,Rural,5,Major Collector,1,State Highway Agency,2,U.S. Highway,US-12,SR-188,99998,Not Reported,43.26282222,43.26282222,-89.711727780,-89.71172778,0,No Special Jurisdiction,12,Motor Vehicle In-Transport,6,Angle,0,No,2,Intersection,2,Four-Way Intersection,0,None,,,1,On Roadway,1,Daylight,,,,,1,Clear,0,No,0000000,Not Applicable,99,Unknown,99,Unknown,99,Unknown EMS Scene Arrival Hour,99,Unknown EMS Scene Arrival Minutes,99,Unknown,99,Unknown EMS Hospital Arrival Time,,,,,,,1,
2022,55,550388,Wisconsin,2,2,0,0,0,2,2,105,ROCK (105),0,NOT APPLICABLE,7,7,10,October,2022,6,Friday,18,6:00pm-6:59pm,13,13,0,This section IS NOT on the NHS,1,Rural,4,Minor Arterial,1,State Highway Agency,3,State Highway,SR-59,,99998,Not Reported,42.80140000,42.80140000,-88.795555560,-88.79555556,0,No Special Jurisdiction,12,Motor Vehicle In-Transport,6,Angle,0,No,1,Non-Junction,1,Not an Intersection,0,None,,,1,On Roadway,5,Dusk,,,,,1,Clear,0,No,0000000,Not Applicable,18,6:00pm-6:59pm,19,19,18,6:00pm-6:59pm,24,24,88,"Not Applicable (Not Transported) ",88,Not Applicable (Not Transported),,,,,,,1,
2022,55,550389,Wisconsin,1,1,0,0,0,2,2,97,PORTAGE (97),0,NOT APPLICABLE,10,10,10,October,2022,2,Monday,10,10:00am-10:59am,21,21,1,This section IS ON the NHS,1,Rural,1,Interstate,1,State Highway Agency,1,Interstate,I-39,,99998,Not Reported,44.57465556,44.57465556,-89.601608330,-89.60160833,0,No Special Jurisdiction,34,Ditch,0,The First Harmful Event was Not a Collision with a Motor Vehicle in Transport,0,No,1,Non-Junction,1,Not an Intersection,0,None,,,4,On Roadside,1,Daylight,,,,,1,Clear,0,No,0000000,Not Applicable,10,10:00am-10:59am,26,26,10,10:00am-10:59am,32,32,11,11:00am-11:59am,38,38,,,,,,,1,
2022,55,550390,Wisconsin,1,1,0,0,0,4,4,5,BARRON (5),0,NOT APPLICABLE,10,10,10,October,2022,2,Monday,19,7:00pm-7:59pm,0,0,0,This section IS NOT on the NHS,1,Rural,6,Minor Collector,3,Town or Township Highway Agency,5,Local Street - Township,16 1/2 AVE,,0,None,45.44441667,45.44441667,-91.750086110,-91.75008611,0,No Special Jurisdiction,34,Ditch,0,The First Harmful Event was Not a Collision with a Motor Vehicle in Transport,0,No,1,Non-Junction,1,Not an Intersection,0,None,,,4,On Roadside,5,Dusk,,,,,1,Clear,0,No,0000000,Not Applicable,99,Unknown,99,Unknown,99,Unknown EMS Scene Arrival Hour,99,Unknown EMS Scene Arrival Minutes,99,Unknown,99,Unknown EMS Hospital Arrival Time,,,,,,,2,
2022,55,550391,Wisconsin,2,2,0,0,0,3,3,127,WALWORTH (127),0,NOT APPLICABLE,3,3,10,October,2022,2,Monday,17,5:00pm-5:59pm,46,46,0,This section IS NOT on the NHS,1,Rural,6,Minor Collector,2,County Highway Agency,4,County Road,CR-C,SALT BOX RD,0,None,42.49251944,42.49251944,-88.746997220,-88.74699722,0,No Special Jurisdiction,12,Motor Vehicle In-Transport,6,Angle,0,No,2,Intersection,3,T-Intersection,0,None,,,1,On Roadway,1,Daylight,,,,,8,Other,0,No,0000000,Not Applicable,99,Unknown,99,Unknown,99,Unknown EMS Scene Arrival Hour,99,Unknown EMS Scene Arrival Minutes,99,Unknown,99,Unknown EMS Hospital Arrival Time,,,,,,,1,
2022,55,550392,Wisconsin,1,1,0,1,1,3,3,79,MILWAUKEE (79),3100,MILWAUKEE,6,6,10,October,2022,5,Thursday,17,5:00pm-5:59pm,55,55,0,This section IS NOT on the NHS,2,Urban,4,Minor Arterial,4,City or Municipal Highway Agency,6,Local Street - Municipality,N 16TH ST,,0,None,43.03155278,43.03155278,-87.932980560,-87.93298056,0,No Special Jurisdiction,33,Curb,0,The First Harmful Event was Not a Collision with a Motor Vehicle in Transport,0,No,1,Non-Junction,1,Not an Intersection,0,None,,,4,On Roadside,1,Daylight,,,,,1,Clear,0,No,0000000,Not Applicable,99,Unknown,99,Unknown,99,Unknown EMS Scene Arrival Hour,99,Unknown EMS Scene Arrival Minutes,99,Unknown,99,Unknown EMS Hospital Arrival Time,,,,,,,3,
2022,55,550393,Wisconsin,2,2,0,0,0,2,2,79,MILWAUKEE (79),3100,MILWAUKEE,11,11,5,May,2022,4,Wednesday,1,1:00am-1:59am,50,50,1,This section IS ON the NHS,2,Urban,1,Interstate,1,State Highway Agency,1,Interstate,I-43,,99998,Not Reported,42.99341667,42.99341667,-87.914997220,-87.91499722,0,No Special Jurisdiction,12,Motor Vehicle In-Transport,2,Front-to-Front,0,No,1,Non-Junction,1,Not an Intersection,0,None,,,1,On Roadway,3,Dark - Lighted,,,,,1,Clear,0,No,0000000,Not Applicable,99,Unknown,99,Unknown,99,Unknown EMS Scene Arrival Hour,99,Unknown EMS Scene Arrival Minutes,88,"Not Applicable (Not Transported) ",88,Not Applicable (Not Transported),,,,,,,2,
2022,55,550394,Wisconsin,2,2,0,0,0,4,4,123,VERNON (123),0,NOT APPLICABLE,26,26,5,May,2022,5,Thursday,14,2:00pm-2:59pm,47,47,0,This section IS NOT on the NHS,1,Rural,5,Major Collector,2,County Highway Agency,4,County Road,CR-V,,99998,Not Reported,43.67468056,43.67468056,-90.456063890,-90.45606389,0,No Special Jurisdiction,12,Motor Vehicle In-Transport,6,Angle,0,No,1,Non-Junction,1,Not an Intersection,0,None,,,4,On Roadside,1,Daylight,,,,,10,Cloudy,0,No,0000000,Not Applicable,14,2:00pm-2:59pm,50,50,15,3:00pm-3:59pm,5,5,15,3:00pm-3:59pm,31,31,,,,,,,1,
2022,55,550395,Wisconsin,3,3,0,0,0,3,3,11,BUFFALO (11),0,NOT APPLICABLE,31,31,5,May,2022,3,Tuesday,15,3:00pm-3:59pm,2,2,1,This section IS ON the NHS,1,Rural,3,Principal Arterial - Other,1,State Highway Agency,3,State Highway,SR-25,,99998,Not Reported,44.38820000,44.38820000,-92.030655560,-92.03065556,0,No Special Jurisdiction,12,Motor Vehicle In-Transport,2,Front-to-Front,0,No,1,Non-Junction,1,Not an Intersection,0,None,,,1,On Roadway,1,Daylight,,,,,1,Clear,0,No,0000000,Not Applicable,15,3:00pm-3:59pm,99,Unknown,15,3:00pm-3:59pm,5,5,15,3:00pm-3:59pm,99,Unknown EMS Hospital Arrival Time,,,,,,,1,
2022,55,550396,Wisconsin,1,1,0,1,1,2,2,101,RACINE (101),3970,RACINE,11,11,9,September,2022,1,Sunday,19,7:00pm-7:59pm,5,5,1,This section IS ON the NHS,2,Urban,3,Principal Arterial - Other,1,State Highway Agency,3,State Highway,SR-20,,99998,Not Reported,42.71430278,42.71430278,-87.803986110,-87.80398611,0,No Special Jurisdiction,8,Pedestrian,0,The First Harmful Event was Not a Collision with a Motor Vehicle in Transport,0,No,1,Non-Junction,1,Not an Intersection,0,None,,,1,On Roadway,3,Dark - Lighted,,,,,2,Rain,0,No,0000000,Not Applicable,19,7:00pm-7:59pm,5,5,19,7:00pm-7:59pm,9,9,19,7:00pm-7:59pm,22,22,,,,,,,1,
2022,55,550397,Wisconsin,1,1,0,0,0,1,1,93,PIERCE (93),0,NOT APPLICABLE,24,24,9,September,2022,7,Saturday,17,5:00pm-5:59pm,21,21,0,This section IS NOT on the NHS,1,Rural,5,Major Collector,2,County Highway Agency,4,County Road,CR-S,,0,None,44.69485556,44.69485556,-92.165700000,-92.16570000,0,No Special Jurisdiction,18,Other Object (not fixed),0,The First Harmful Event was Not a Collision with a Motor Vehicle in Transport,0,No,1,Non-Junction,1,Not an Intersection,0,None,,,1,On Roadway,1,Daylight,,,,,2,Rain,0,No,0000000,Not Applicable,17,5:00pm-5:59pm,21,21,17,5:00pm-5:59pm,34,34,18,6:00pm-6:59pm,49,49,,,,,,,1,
2022,55,550398,Wisconsin,2,2,0,0,0,5,5,25,DANE (25),3140,MONONA,21,21,9,September,2022,4,Wednesday,12,12:00pm-12:59pm,49,49,0,This section IS NOT on the NHS,2,Urban,4,Minor Arterial,2,County Highway Agency,4,County Road,CR-BB MONONA DR,,0,None,43.05570000,43.05570000,-89.325544440,-89.32554444,0,No Special Jurisdiction,12,Motor Vehicle In-Transport,6,Angle,0,No,8,Driveway Access Related,1,Not an Intersection,0,None,,,1,On Roadway,1,Daylight,,,,,10,Cloudy,0,No,0000000,Not Applicable,13,1:00pm-1:59pm,1,1,13,1:00pm-1:59pm,7,7,13,1:00pm-1:59pm,46,46,,,,,,,1,
2022,55,550399,Wisconsin,2,2,0,0,0,2,2,117,SHEBOYGAN (117),0,NOT APPLICABLE,8,8,10,October,2022,7,Saturday,18,6:00pm-6:59pm,42,42,0,This section IS NOT on the NHS,1,Rural,7,Local,2,County Highway Agency,4,County Road,CR-FF,CR-M,0,None,43.84838889,43.84838889,-87.881025000,-87.88102500,0,No Special Jurisdiction,12,Motor Vehicle In-Transport,6,Angle,0,No,2,Intersection,2,Four-Way Intersection,0,None,,,1,On Roadway,2,Dark - Not Lighted,,,,,1,Clear,0,No,0000000,Not Applicable,99,Unknown,99,Unknown,99,Unknown EMS Scene Arrival Hour,99,Unknown EMS Scene Arrival Minutes,99,Unknown,99,Unknown EMS Hospital Arrival Time,,,,,,,1,
2022,55,550401,Wisconsin,1,1,0,0,0,1,1,97,PORTAGE (97),0,NOT APPLICABLE,12,12,10,October,2022,4,Wednesday,8,8:00am-8:59am,35,35,1,This section IS ON the NHS,2,Urban,1,Interstate,1,State Highway Agency,1,Interstate,I-39,,99998,Not Reported,44.55271944,44.55271944,-89.584175000,-89.58417500,0,No Special Jurisdiction,21,Bridge Pier or Support,0,The First Harmful Event was Not a Collision with a Motor Vehicle in Transport,0,No,1,Non-Junction,1,Not an Intersection,0,None,,,3,On Median,1,Daylight,,,,,2,Rain,0,No,0000000,Not Applicable,8,8:00am-8:59am,45,45,8,8:00am-8:59am,50,50,9,9:00am-9:59am,10,10,,,,,,,1,
2022,55,550402,Wisconsin,1,1,0,0,0,3,3,139,WINNEBAGO (139),9997,Other,30,30,5,May,2022,2,Monday,17,5:00pm-5:59pm,42,42,1,This section IS ON the NHS,2,Urban,2,Principal Arterial - Other Freeways and Expressways,1,State Highway Agency,2,U.S. Highway,US-10,,99998,Not Reported,44.22544444,44.22544444,-88.444161110,-88.44416111,0,No Special Jurisdiction,5,Fell/Jumped from Vehicle,0,The First Harmful Event was Not a Collision with a Motor Vehicle in Transport,0,No,1,Non-Junction,1,Not an Intersection,0,None,,,1,On Roadway,6,Dark - Unknown Lighting,,,,,1,Clear,0,No,0000000,Not Applicable,17,5:00pm-5:59pm,43,43,17,5:00pm-5:59pm,48,48,88,"Not Applicable (Not Transported) ",88,Not Applicable (Not Transported),,,,,,,1,
2022,55,550403,Wisconsin,1,1,0,0,0,1,1,31,DOUGLAS (31),0,NOT APPLICABLE,15,15,10,October,2022,7,Saturday,99,Unknown Hours,99,Unknown Minutes,0,This section IS NOT on the NHS,1,Rural,5,Major Collector,1,State Highway Agency,2,U.S. Highway,US-53 BUS,,0,None,46.37703333,46.37703333,-91.820641670,-91.82064167,0,No Special Jurisdiction,34,Ditch,0,The First Harmful Event was Not a Collision with a Motor Vehicle in Transport,0,No,1,Non-Junction,1,Not an Intersection,0,None,,,4,On Roadside,2,Dark - Not Lighted,,,,,1,Clear,0,No,0000000,Not Applicable,21,9:00pm-9:59pm,29,29,21,9:00pm-9:59pm,29,29,88,"Not Applicable (Not Transported) ",88,Not Applicable (Not Transported),,,,,,,1,
2022,55,550404,Wisconsin,1,1,0,1,1,1,1,101,RACINE (101),3970,RACINE,18,18,10,October,2022,3,Tuesday,20,8:00pm-8:59pm,20,20,0,This section IS NOT on the NHS,2,Urban,4,Minor Arterial,4,City or Municipal Highway Agency,6,Local Street - Municipality,N MEMORIAL DR,,0,None,42.73380278,42.73380278,-87.800158330,-87.80015833,0,No Special Jurisdiction,8,Pedestrian,0,The First Harmful Event was Not a Collision with a Motor Vehicle in Transport,0,No,1,Non-Junction,1,Not an Intersection,0,None,,,1,On Roadway,3,Dark - Lighted,,,,,10,Cloudy,0,No,0000000,Not Applicable,20,8:00pm-8:59pm,22,22,20,8:00pm-8:59pm,25,25,20,8:00pm-8:59pm,40,40,,,,,,,1,
2022,55,550405,Wisconsin,3,3,0,0,0,4,4,139,WINNEBAGO (139),3620,OSHKOSH,13,13,10,October,2022,5,Thursday,11,11:00am-11:59am,27,27,1,This section IS ON the NHS,2,Urban,1,Interstate,1,State Highway Agency,1,Interstate,I-41,,99998,Not Reported,44.02176944,44.02176944,-88.581880560,-88.58188056,0,No Special Jurisdiction,12,Motor Vehicle In-Transport,6,Angle,0,No,1,Non-Junction,1,Not an Intersection,0,None,,,1,On Roadway,1,Daylight,,,,,10,Cloudy,0,No,0000000,Not Applicable,99,Unknown,99,Unknown,99,Unknown EMS Scene Arrival Hour,99,Unknown EMS Scene Arrival Minutes,99,Unknown,99,Unknown EMS Hospital Arrival Time,,,,,,,1,
2022,55,550406,Wisconsin,2,2,0,0,0,2,2,133,WAUKESHA (133),5060,WAUKESHA,17,17,10,October,2022,2,Monday,14,2:00pm-2:59pm,33,33,1,This section IS ON the NHS,2,Urban,3,Principal Arterial - Other,2,County Highway Agency,4,County Road,CR-Y,,0,None,42.99773889,42.99773889,-88.208366670,-88.20836667,0,No Special Jurisdiction,12,Motor Vehicle In-Transport,2,Front-to-Front,0,No,1,Non-Junction,1,Not an Intersection,0,None,,,1,On Roadway,1,Daylight,,,,,10,Cloudy,0,No,0000000,Not Applicable,14,2:00pm-2:59pm,34,34,14,2:00pm-2:59pm,39,39,15,3:00pm-3:59pm,16,16,,,,,,,1,
2022,55,550407,Wisconsin,1,1,0,1,1,1,1,79,MILWAUKEE (79),4490,SOUTH MILWAUKEE,19,19,10,October,2022,4,Wednesday,11,11:00am-11:59am,22,22,1,This section IS ON the NHS,2,Urban,3,Principal Arterial - Other,2,County Highway Agency,4,County Road,CR-ZZ,15TH AVE,0,None,42.93001944,42.93001944,-87.870211110,-87.87021111,0,No Special Jurisdiction,9,Pedalcyclist,0,The First Harmful Event was Not a Collision with a Motor Vehicle in Transport,0,No,3,Intersection-Related,2,Four-Way Intersection,0,None,,,1,On Roadway,1,Daylight,,,,,1,Clear,0,No,0000000,Not Applicable,11,11:00am-11:59am,22,22,11,11:00am-11:59am,28,28,88,"Not Applicable (Not Transported) ",88,Not Applicable (Not Transported),,,,,,,1,
2022,55,550408,Wisconsin,2,2,0,0,0,3,3,39,FOND DU LAC (39),0,NOT APPLICABLE,7,7,10,October,2022,6,Friday,12,12:00pm-12:59pm,20,20,1,This section IS ON the NHS,1,Rural,3,Principal Arterial - Other,1,State Highway Agency,3,State Highway,SR-26,,99998,Not Reported,43.79546944,43.79546944,-88.675183330,-88.67518333,0,No Special Jurisdiction,12,Motor Vehicle In-Transport,8,Sideswipe - Opposite Direction,0,No,1,Non-Junction,1,Not an Intersection,0,None,,,1,On Roadway,1,Daylight,,,,,10,Cloudy,0,No,0000000,Not Applicable,12,12:00pm-12:59pm,23,23,12,12:00pm-12:59pm,31,31,13,1:00pm-1:59pm,17,17,,,,,,,1,