caseyear,state,st_case,statename,ve_total,ve_forms,pvh_invl,peds,pernotmvit,permvit,persons,county,countyname,city,cityname,day,dayname,month,monthname,year,day_week,day_weekname,hour,hourname,minute,minutename,nhs,nhsname,rur_urb,rur_urbname,func_sys,func_sysname,rd_owner,rd_ownername,route,routename,tway_id,tway_id2,milept,mileptname,latitude,latitudename,longitud,longitudname,sp_jur,sp_jurname,harm_ev,harm_evname,man_coll,man_collname,reljct1,reljct1name,reljct2,reljct2name,typ_int,typ_intname,wrk_zone,wrk_zonename,road_fnc,road_fncname,rel_road,rel_roadname,lgt_cond,lgt_condname,weather1,weather1name,weather2,weather2name,weather,weathername,sch_bus,sch_busname,rail,railname,not_hour,not_hourname,not_min,not_minname,arr_hour,arr_hourname,arr_min,arr_minname,hosp_hr,hosp_hrname,hosp_mn,hosp_mnname,cf1,cf1name,cf2,cf2name,cf3,cf3name,fatals,drunk_dr
2022,55,550409,Wisconsin,1,1,0,0,0,4,4,39,FOND DU LAC (39),0,NOT APPLICABLE,8,8,10,October,2022,7,Saturday,17,5:00pm-5:59pm,38,38,0,This section IS NOT on the NHS,1,Rural,6,Minor Collector,2,County Highway Agency,4,County Road,CR-GGG,,0,None,43.58466111,43.58466111,-88.170494440,-88.17049444,0,No Special Jurisdiction,30,Utility Pole/Light Support,0,The First Harmful Event was Not a Collision with a Motor Vehicle in Transport,0,No,1,Non-Junction,1,Not an Intersection,0,None,,,4,On Roadside,1,Daylight,,,,,1,Clear,0,No,0000000,Not Applicable,17,5:00pm-5:59pm,40,40,18,6:00pm-6:59pm,0,0,18,6:00pm-6:59pm,27,27,,,,,,,1,
2022,55,550410,Wisconsin,1,1,0,1,1,1,1,79,MILWAUKEE (79),3100,MILWAUKEE,29,29,9,September,2022,5,Thursday,7,7:00am-7:59am,12,12,1,This section IS ON the NHS,2,Urban,3,Principal Arterial - Other,4,City or Municipal Highway Agency,6,Local Street - Municipality,W FOND DU LAC AVE,W SILVER SPRING DR,0,None,43.11948611,43.11948611,-88.013986110,-88.01398611,0,No Special Jurisdiction,9,Pedalcyclist,0,The First Harmful Event was Not a Collision with a Motor Vehicle in Transport,0,No,3,Intersection-Related,2,Four-Way Intersection,0,None,,,1,On Roadway,4,Dawn,,,,,1,Clear,0,No,0000000,Not Applicable,99,Unknown,99,Unknown,99,Unknown EMS Scene Arrival Hour,99,Unknown EMS Scene Arrival Minutes,99,Unknown,99,Unknown EMS Hospital Arrival Time,,,,,,,1,
2022,55,550411,Wisconsin,1,1,0,0,0,1,1,115,SHAWANO (115),0,NOT APPLICABLE,15,15,10,October,2022,7,Saturday,23,11:00pm-11:59pm,20,20,0,This section IS NOT on the NHS,1,Rural,7,Local,3,Town or Township Highway Agency,5,Local Street - Township,MILL RD,,0,None,44.87611111,44.87611111,-88.981483330,-88.98148333,0,No Special Jurisdiction,34,Ditch,0,The First Harmful Event was Not a Collision with a Motor Vehicle in Transport,0,No,1,Non-Junction,1,Not an Intersection,0,None,,,4,On Roadside,3,Dark - Lighted,,,,,2,Rain,0,No,0000000,Not Applicable,8,8:00am-8:59am,33,33,8,8:00am-8:59am,54,54,99,Unknown,99,Unknown EMS Hospital Arrival Time,,,,,,,1,
2022,55,550412,Wisconsin,2,2,0,0,0,2,2,79,MILWAUKEE (79),3100,MILWAUKEE,21,21,10,October,2022,6,Friday,12,12:00pm-12:59pm,50,50,0,This section IS NOT on the NHS,2,Urban,4,Minor Arterial,4,City or Municipal Highway Agency,6,Local Street - Municipality,N TEUTONIA AVE,W CUSTER AVE,0,None,43.11485556,43.11485556,-87.950197220,-87.95019722,0,No Special Jurisdiction,12,Motor Vehicle In-Transport,6,Angle,0,No,2,Intersection,3,T-Intersection,0,None,,,1,On Roadway,1,Daylight,,,,,1,Clear,0,No,0000000,Not Applicable,99,Unknown,99,Unknown,99,Unknown EMS Scene Arrival Hour,99,Unknown EMS Scene Arrival Minutes,88,"Not Applicable (Not Transported) ",88,Not Applicable (Not Transported),,,,,,,1,
2022,55,550413,Wisconsin,1,1,0,0,0,1,1,73,MARATHON (73),0,NOT APPLICABLE,23,23,10,October,2022,1,Sunday,16,4:00pm-4:59pm,47,47,0,This section IS NOT on the NHS,1,Rural,5,Major Collector,2,County Highway Agency,4,County Road,CR-N,,0,None,44.94280000,44.94280000,-89.269566670,-89.26956667,0,No Special Jurisdiction,34,Ditch,0,The First Harmful Event was Not a Collision with a Motor Vehicle in Transport,0,No,1,Non-Junction,1,Not an Intersection,0,None,,,4,On Roadside,1,Daylight,,,,,10,Cloudy,0,No,0000000,Not Applicable,88,Not Applicable (Not Notified),88,Not Applicable (Not Notified),88,Not Applicable,88,Not Applicable,88,"Not Applicable (Not Transported) ",88,Not Applicable (Not Transported),,,,,,,1,
2022,55,550415,Wisconsin,1,1,0,0,0,1,1,79,MILWAUKEE (79),5130,WAUWATOSA,15,15,10,October,2022,7,Saturday,19,7:00pm-7:59pm,3,3,1,This section IS ON the NHS,2,Urban,3,Principal Arterial - Other,4,City or Municipal Highway Agency,6,Local Street - Municipality,NORTH AVE,,0,None,43.06052222,43.06052222,-88.028505560,-88.02850556,0,No Special Jurisdiction,42,Tree (Standing Only),0,The First Harmful Event was Not a Collision with a Motor Vehicle in Transport,0,No,1,Non-Junction,1,Not an Intersection,0,None,,,4,On Roadside,3,Dark - Lighted,,,,,1,Clear,0,No,0000000,Not Applicable,19,7:00pm-7:59pm,3,3,19,7:00pm-7:59pm,9,9,19,7:00pm-7:59pm,31,31,,,,,,,1,
2022,55,550416,Wisconsin,2,1,1,0,0,1,1,35,EAU CLAIRE (35),1470,EAU CLAIRE,25,25,10,October,2022,3,Tuesday,14,2:00pm-2:59pm,57,57,0,This section IS NOT on the NHS,2,Urban,4,Minor Arterial,4,City or Municipal Highway Agency,6,Local Street - Municipality,5TH AVE,,0,None,44.80839444,44.80839444,-91.509805560,-91.50980556,0,No Special Jurisdiction,14,Parked Motor Vehicle,0,The First Harmful Event was Not a Collision with a Motor Vehicle in Transport,0,No,1,Non-Junction,1,Not an Intersection,0,None,,,7,In Parking Lane/Zone,1,Daylight,,,,,10,Cloudy,0,No,0000000,Not Applicable,14,2:00pm-2:59pm,57,57,15,3:00pm-3:59pm,3,3,88,"Not Applicable (Not Transported) ",88,Not Applicable (Not Transported),,,,,,,1,
2022,55,550417,Wisconsin,1,1,0,1,1,2,2,25,DANE (25),2780,MADISON,11,11,10,October,2022,3,Tuesday,18,6:00pm-6:59pm,37,37,0,This section IS NOT on the NHS,2,Urban,5,Major Collector,4,City or Municipal Highway Agency,6,Local Street - Municipality,S HIGH POINT RD,MINERAL POINT RD,0,None,43.06048611,43.06048611,-89.517497220,-89.51749722,0,No Special Jurisdiction,8,Pedestrian,0,The First Harmful Event was Not a Collision with a Motor Vehicle in Transport,0,No,3,Intersection-Related,2,Four-Way Intersection,0,None,,,1,On Roadway,3,Dark - Lighted,,,,,2,Rain,0,No,0000000,Not Applicable,18,6:00pm-6:59pm,39,39,18,6:00pm-6:59pm,46,46,19,7:00pm-7:59pm,20,20,,,,,,,1,
2022,55,550419,Wisconsin,1,1,0,1,1,1,1,79,MILWAUKEE (79),3100,MILWAUKEE,9,9,10,October,2022,1,Sunday,20,8:00pm-8:59pm,19,19,0,This section IS NOT on the NHS,2,Urban,4,Minor Arterial,4,City or Municipal Highway Agency,6,Local Street - Municipality,W GREENFIELD AVE,S 14TH ST,0,None,43.01704444,43.01704444,-87.929247220,-87.92924722,0,No Special Jurisdiction,8,Pedestrian,0,The First Harmful Event was Not a Collision with a Motor Vehicle in Transport,0,No,3,Intersection-Related,2,Four-Way Intersection,0,None,,,1,On Roadway,3,Dark - Lighted,,,,,10,Cloudy,0,No,0000000,Not Applicable,99,Unknown,99,Unknown,99,Unknown EMS Scene Arrival Hour,99,Unknown EMS Scene Arrival Minutes,99,Unknown,99,Unknown EMS Hospital Arrival Time,,,,,,,1,
2022,55,550420,Wisconsin,1,1,0,0,0,1,1,113,SAWYER (113),0,NOT APPLICABLE,19,19,10,October,2022,4,Wednesday,21,9:00pm-9:59pm,33,33,0,This section IS NOT on the NHS,1,Rural,7,Local,3,Town or Township Highway Agency,5,Local Street - Township,GURNO LAKE RD,,0,None,45.90813889,45.90813889,-91.327663890,-91.32766389,3,Indian Reservation,42,Tree (Standing Only),0,The First Harmful Event was Not a Collision with a Motor Vehicle in Transport,0,No,1,Non-Junction,1,Not an Intersection,0,None,,,4,On Roadside,2,Dark - Not Lighted,,,,,1,Clear,0,No,0000000,Not Applicable,21,9:00pm-9:59pm,37,37,21,9:00pm-9:59pm,57,57,88,"Not Applicable (Not Transported) ",88,Not Applicable (Not Transported),,,,,,,1,
2022,55,550421,Wisconsin,2,2,0,0,0,2,2,55,JEFFERSON (55),1760,FORT ATKINSON,21,21,10,October,2022,6,Friday,17,5:00pm-5:59pm,13,13,1,This section IS ON the NHS,2,Urban,3,Principal Arterial - Other,4,City or Municipal Highway Agency,6,Local Street - Municipality,N HIGH AVE,CLOVER LN,0,None,42.93901667,42.93901667,-88.828977780,-88.82897778,0,No Special Jurisdiction,12,Motor Vehicle In-Transport,6,Angle,0,No,2,Intersection,3,T-Intersection,0,None,,,1,On Roadway,1,Daylight,,,,,10,Cloudy,0,No,0000000,Not Applicable,17,5:00pm-5:59pm,13,13,17,5:00pm-5:59pm,19,19,17,5:00pm-5:59pm,41,41,,,,,,,1,
2022,55,550422,Wisconsin,1,1,0,0,0,1,1,31,DOUGLAS (31),0,NOT APPLICABLE,28,28,10,October,2022,6,Friday,18,6:00pm-6:59pm,56,56,0,This section IS NOT on the NHS,1,Rural,5,Major Collector,2,County Highway Agency,4,County Road,CR-T,,0,None,46.20013056,46.20013056,-92.077052780,-92.07705278,0,No Special Jurisdiction,34,Ditch,0,The First Harmful Event was Not a Collision with a Motor Vehicle in Transport,0,No,1,Non-Junction,1,Not an Intersection,0,None,,,4,On Roadside,2,Dark - Not Lighted,,,,,1,Clear,0,No,0000000,Not Applicable,19,7:00pm-7:59pm,11,11,99,Unknown EMS Scene Arrival Hour,97,Officially Cancelled,99,Unknown,97,Officially Canceled,,,,,,,1,
2022,55,550423,Wisconsin,2,2,0,0,0,3,3,59,KENOSHA (59),3795,PLEASANT PRAIRIE,29,29,10,October,2022,7,Saturday,18,6:00pm-6:59pm,27,27,1,This section IS ON the NHS,2,Urban,3,Principal Arterial - Other,1,State Highway Agency,3,State Highway,SR-165,SR-31,99998,Not Reported,42.52307222,42.52307222,-87.891994440,-87.89199444,0,No Special Jurisdiction,12,Motor Vehicle In-Transport,6,Angle,0,No,2,Intersection,2,Four-Way Intersection,0,None,,,1,On Roadway,5,Dusk,,,,,1,Clear,0,No,0000000,Not Applicable,18,6:00pm-6:59pm,30,30,18,6:00pm-6:59pm,38,38,99,Unknown,99,Unknown EMS Hospital Arrival Time,,,,,,,1,
2022,55,550424,Wisconsin,1,1,0,1,1,2,2,79,MILWAUKEE (79),3100,MILWAUKEE,20,20,6,June,2022,2,Monday,3,3:00am-3:59am,47,47,0,This section IS NOT on the NHS,2,Urban,4,Minor Arterial,4,City or Municipal Highway Agency,6,Local Street - Municipality,W ATKINSON AVE,,0,None,43.09767778,43.09767778,-87.947594440,-87.94759444,0,No Special Jurisdiction,8,Pedestrian,0,The First Harmful Event was Not a Collision with a Motor Vehicle in Transport,0,No,1,Non-Junction,1,Not an Intersection,0,None,,,1,On Roadway,3,Dark - Lighted,,,,,1,Clear,0,No,0000000,Not Applicable,99,Unknown,99,Unknown,99,Unknown EMS Scene Arrival Hour,99,Unknown EMS Scene Arrival Minutes,88,"Not Applicable (Not Transported) ",88,Not Applicable (Not Transported),,,,,,,1,
2022,55,550425,Wisconsin,1,1,0,0,0,2,2,79,MILWAUKEE (79),3100,MILWAUKEE,15,15,7,July,2022,6,Friday,0,0:00am-0:59am,16,16,1,This section IS ON the NHS,2,Urban,4,Minor Arterial,1,State Highway Agency,2,U.S. Highway,US-18,E WISCONSIN AVE,99998,Not Reported,43.03843611,43.03843611,-87.906488890,-87.90648889,0,No Special Jurisdiction,43,Other Fixed Object,0,The First Harmful Event was Not a Collision with a Motor Vehicle in Transport,0,No,3,Intersection-Related,2,Four-Way Intersection,0,None,,,12,Pedestrian Refuge Island or Traffic Island,3,Dark - Lighted,,,,,1,Clear,0,No,0000000,Not Applicable,99,Unknown,99,Unknown,99,Unknown EMS Scene Arrival Hour,99,Unknown EMS Scene Arrival Minutes,88,"Not Applicable (Not Transported) ",88,Not Applicable (Not Transported),,,,,,,1,
2022,55,550426,Wisconsin,1,1,0,1,1,1,1,25,DANE (25),2780,MADISON,27,27,10,October,2022,5,Thursday,6,6:00am-6:59am,53,53,1,This section IS ON the NHS,2,Urban,3,Principal Arterial - Other,4,City or Municipal Highway Agency,6,Local Street - Municipality,JOHN NOLEN DR,US-151,0,None,43.06682500,43.06682500,-89.385791670,-89.38579167,0,No Special Jurisdiction,9,Pedalcyclist,0,The First Harmful Event was Not a Collision with a Motor Vehicle in Transport,1,Yes,3,Intersection-Related,7,"Five Point, or More",0,None,,,1,On Roadway,3,Dark - Lighted,,,,,1,Clear,0,No,0000000,Not Applicable,6,6:00am-6:59am,54,54,6,6:00am-6:59am,59,59,7,7:00am-7:59am,15,15,,,,,,,1,
2022,55,550427,Wisconsin,1,1,0,0,0,1,1,95,POLK (95),0,NOT APPLICABLE,1,1,11,November,2022,3,Tuesday,2,2:00am-2:59am,35,35,0,This section IS NOT on the NHS,1,Rural,7,Local,3,Town or Township Highway Agency,5,Local Street - Township,10TH AVE,20TH ST,0,None,45.22407222,45.22407222,-92.198211110,-92.19821111,0,No Special Jurisdiction,1,Rollover/Overturn,0,The First Harmful Event was Not a Collision with a Motor Vehicle in Transport,0,No,3,Intersection-Related,2,Four-Way Intersection,0,None,,,4,On Roadside,2,Dark - Not Lighted,,,,,1,Clear,0,No,0000000,Not Applicable,2,2:00am-2:59am,37,37,2,2:00am-2:59am,51,51,88,"Not Applicable (Not Transported) ",88,Not Applicable (Not Transported),,,,,,,1,
2022,55,550428,Wisconsin,1,1,0,1,1,2,2,79,MILWAUKEE (79),3100,MILWAUKEE,27,27,10,October,2022,5,Thursday,9,9:00am-9:59am,12,12,1,This section IS ON the NHS,2,Urban,3,Principal Arterial - Other,1,State Highway Agency,3,State Highway,SR-181,,99998,Not Reported,43.02721389,43.02721389,-88.017169440,-88.01716944,0,No Special Jurisdiction,8,Pedestrian,0,The First Harmful Event was Not a Collision with a Motor Vehicle in Transport,0,No,1,Non-Junction,1,Not an Intersection,0,None,,,4,On Roadside,1,Daylight,,,,,1,Clear,0,No,0000000,Not Applicable,99,Unknown,99,Unknown,99,Unknown EMS Scene Arrival Hour,99,Unknown EMS Scene Arrival Minutes,99,Unknown,99,Unknown EMS Hospital Arrival Time,,,,,,,1,
2022,55,550429,Wisconsin,1,1,0,0,0,3,3,7,BAYFIELD (7),0,NOT APPLICABLE,23,23,10,October,2022,1,Sunday,21,9:00pm-9:59pm,13,13,1,This section IS ON the NHS,1,Rural,3,Principal Arterial - Other,1,State Highway Agency,2,U.S. Highway,US-2,,99998,Not Reported,46.58565278,46.58565278,-90.929036110,-90.92903611,0,No Special Jurisdiction,42,Tree (Standing Only),0,The First Harmful Event was Not a Collision with a Motor Vehicle in Transport,0,No,1,Non-Junction,1,Not an Intersection,0,None,,,4,On Roadside,2,Dark - Not Lighted,,,,,1,Clear,0,No,0000000,Not Applicable,21,9:00pm-9:59pm,13,13,21,9:00pm-9:59pm,24,24,21,9:00pm-9:59pm,40,40,,,,,,,1,
2022,55,550430,Wisconsin,2,2,0,0,0,6,6,101,RACINE (101),3224,MOUNT PLEASANT,30,30,10,October,2022,1,Sunday,10,10:00am-10:59am,39,39,0,This section IS NOT on the NHS,1,Rural,4,Minor Arterial,2,County Highway Agency,4,County Road,CR-KR,SR-31,0,None,42.66862222,42.66862222,-87.869322220,-87.86932222,0,No Special Jurisdiction,12,Motor Vehicle In-Transport,6,Angle,0,No,2,Intersection,2,Four-Way Intersection,0,None,,,1,On Roadway,1,Daylight,,,,,10,Cloudy,0,No,0000000,Not Applicable,10,10:00am-10:59am,42,42,10,10:00am-10:59am,47,47,11,11:00am-11:59am,7,7,,,,,,,1,
2022,55,550431,Wisconsin,2,2,0,0,0,5,5,79,MILWAUKEE (79),3100,MILWAUKEE,14,14,10,October,2022,6,Friday,23,11:00pm-11:59pm,11,11,1,This section IS ON the NHS,2,Urban,3,Principal Arterial - Other,4,City or Municipal Highway Agency,6,Local Street - Municipality,W HOLT AVE,S 4TH ST,0,None,42.98230556,42.98230556,-87.915788890,-87.91578889,0,No Special Jurisdiction,12,Motor Vehicle In-Transport,6,Angle,1,Yes,2,Intersection,2,Four-Way Intersection,0,None,,,1,On Roadway,3,Dark - Lighted,,,,,10,Cloudy,0,No,0000000,Not Applicable,99,Unknown,99,Unknown,99,Unknown EMS Scene Arrival Hour,99,Unknown EMS Scene Arrival Minutes,99,Unknown,99,Unknown EMS Hospital Arrival Time,,,,,,,1,
2022,55,550432,Wisconsin,1,1,0,0,0,1,1,123,VERNON (123),0,NOT APPLICABLE,25,25,10,October,2022,3,Tuesday,23,11:00pm-11:59pm,0,0,0,This section IS NOT on the NHS,1,Rural,4,Minor Arterial,1,State Highway Agency,3,State Highway,SR-56,,99998,Not Reported,43.53968333,43.53968333,-90.789841670,-90.78984167,0,No Special Jurisdiction,1,Rollover/Overturn,0,The First Harmful Event was Not a Collision with a Motor Vehicle in Transport,0,No,1,Non-Junction,1,Not an Intersection,0,None,,,4,On Roadside,2,Dark - Not Lighted,,,,,1,Clear,0,No,0000000,Not Applicable,23,11:00pm-11:59pm,9,9,23,11:00pm-11:59pm,27,27,23,11:00pm-11:59pm,43,43,,,,,,,1,
2022,55,550433,Wisconsin,2,2,0,0,0,2,2,109,ST CROIX (109),0,NOT APPLICABLE,30,30,10,October,2022,1,Sunday,0,0:00am-0:59am,32,32,1,This section IS ON the NHS,2,Urban,1,Interstate,1,State Highway Agency,1,Interstate,I-94,,99998,Not Reported,44.96395556,44.96395556,-92.679375000,-92.67937500,0,No Special Jurisdiction,12,Motor Vehicle In-Transport,2,Front-to-Front,0,No,1,Non-Junction,1,Not an Intersection,0,None,,,1,On Roadway,3,Dark - Lighted,,,,,1,Clear,0,No,0000000,Not Applicable,99,Unknown,99,Unknown,99,Unknown EMS Scene Arrival Hour,99,Unknown EMS Scene Arrival Minutes,88,"Not Applicable (Not Transported) ",88,Not Applicable (Not Transported),,,,,,,1,
2022,55,550434,Wisconsin,1,1,0,1,1,1,1,79,MILWAUKEE (79),3100,MILWAUKEE,1,1,10,October,2022,7,Saturday,17,5:00pm-5:59pm,30,30,1,This section IS ON the NHS,2,Urban,3,Principal Arterial - Other,1,State Highway Agency,3,State Highway,SR-175,,99998,Not Reported,43.07371944,43.07371944,-87.990369440,-87.99036944,0,No Special Jurisdiction,9,Pedalcyclist,0,The First Harmful Event was Not a Collision with a Motor Vehicle in Transport,0,No,1,Non-Junction,1,Not an Intersection,0,None,,,1,On Roadway,1,Daylight,,,,,1,Clear,0,No,0000000,Not Applicable,99,Unknown,99,Unknown,99,Unknown EMS Scene Arrival Hour,99,Unknown EMS Scene Arrival Minutes,99,Unknown,99,Unknown EMS Hospital Arrival Time,,,,,,,1,
2022,55,550435,Wisconsin,1,1,0,0,0,1,1,71,MANITOWOC (71),2810,MANITOWOC,4,4,11,November,2022,6,Friday,19,7:00pm-7:59pm,55,55,1,This section IS ON the NHS,2,Urban,3,Principal Arterial - Other,1,State Highway Agency,2,U.S. Highway,US-10,MARITIME DR,0,None,44.09266389,44.09266389,-87.660758330,-87.66075833,0,No Special Jurisdiction,23,Bridge Rail (Includes parapet),0,The First Harmful Event was Not a Collision with a Motor Vehicle in Transport,0,No,3,Intersection-Related,3,T-Intersection,0,None,,,4,On Roadside,3,Dark - Lighted,,,,,2,Rain,0,No,0000000,Not Applicable,19,7:00pm-7:59pm,55,55,20,8:00pm-8:59pm,1,1,88,"Not Applicable (Not Transported) ",88,Not Applicable (Not Transported),,,,,,,1,
2022,55,550436,Wisconsin,1,1,0,1,1,1,1,25,DANE (25),2780,MADISON,6,6,8,August,2022,7,Saturday,5,5:00am-5:59am,10,10,1,This section IS ON the NHS,2,Urban,2,Principal Arterial - Other Freeways and Expressways,1,State Highway Agency,2,U.S. Highway,US-12,,99998,Not Reported,43.04763611,43.04763611,-89.293775000,-89.29377500,0,No Special Jurisdiction,8,Pedestrian,0,The First Harmful Event was Not a Collision with a Motor Vehicle in Transport,0,No,1,Non-Junction,1,Not an Intersection,0,None,,,1,On Roadway,3,Dark - Lighted,,,,,1,Clear,0,No,0000000,Not Applicable,99,Unknown,99,Unknown,99,Unknown EMS Scene Arrival Hour,99,Unknown EMS Scene Arrival Minutes,88,"Not Applicable (Not Transported) ",88,Not Applicable (Not Transported),,,,,,,1,
2022,55,550437,Wisconsin,1,1,0,0,0,1,1,39,FOND DU LAC (39),0,NOT APPLICABLE,30,30,10,October,2022,1,Sunday,1,1:00am-1:59am,31,31,0,This section IS NOT on the NHS,1,Rural,7,Local,3,Town or Township Highway Agency,5,Local Street - Township,LAKE MARIA RD,,0,None,43.66201944,43.66201944,-88.817186110,-88.81718611,0,No Special Jurisdiction,23,Bridge Rail (Includes parapet),0,The First Harmful Event was Not a Collision with a Motor Vehicle in Transport,0,No,1,Non-Junction,1,Not an Intersection,0,None,,,4,On Roadside,2,Dark - Not Lighted,,,,,1,Clear,0,No,0000000,Not Applicable,1,1:00am-1:59am,56,56,2,2:00am-2:59am,7,7,88,"Not Applicable (Not Transported) ",88,Not Applicable (Not Transported),,,,,,,1,
2022,55,550438,Wisconsin,1,1,0,0,0,2,2,117,SHEBOYGAN (117),0,NOT APPLICABLE,1,1,11,November,2022,3,Tuesday,18,6:00pm-6:59pm,38,38,0,This section IS NOT on the NHS,1,Rural,7,Local,2,County Highway Agency,4,County Road,CR-FF,,0,None,43.84834722,43.84834722,-87.907786110,-87.90778611,0,No Special Jurisdiction,42,Tree (Standing Only),0,The First Harmful Event was Not a Collision with a Motor Vehicle in Transport,0,No,1,Non-Junction,1,Not an Intersection,0,None,,,5,Outside Trafficway,2,Dark - Not Lighted,,,,,1,Clear,0,No,0000000,Not Applicable,18,6:00pm-6:59pm,47,47,19,7:00pm-7:59pm,3,3,19,7:00pm-7:59pm,53,53,,,,,,,1,
2022,55,550439,Wisconsin,1,1,0,0,0,1,1,21,COLUMBIA (21),0,NOT APPLICABLE,2,2,11,November,2022,4,Wednesday,17,5:00pm-5:59pm,24,24,0,This section IS NOT on the NHS,1,Rural,5,Major Collector,2,County Highway Agency,4,County Road,CR-C,,0,None,43.43400278,43.43400278,-89.244672220,-89.24467222,0,No Special Jurisdiction,11,Live Animal,0,The First Harmful Event was Not a Collision with a Motor Vehicle in Transport,0,No,1,Non-Junction,1,Not an Intersection,0,None,,,1,On Roadway,1,Daylight,,,,,1,Clear,0,No,0000000,Not Applicable,17,5:00pm-5:59pm,24,24,17,5:00pm-5:59pm,32,32,99,Unknown,96,Terminated Transport,,,,,,,1,
2022,55,550440,Wisconsin,1,1,0,0,0,1,1,113,SAWYER (113),0,NOT APPLICABLE,23,23,9,September,2022,6,Friday,22,10:00pm-10:59pm,33,33,0,This section IS NOT on the NHS,1,Rural,7,Local,3,Town or Township Highway Agency,5,Local Street - Township,RIVER RD,,0,None,45.95245833,45.95245833,-91.147691670,-91.14769167,0,No Special Jurisdiction,53,Mail Box,0,The First Harmful Event was Not a Collision with a Motor Vehicle in Transport,0,No,1,Non-Junction,1,Not an Intersection,0,None,,,4,On Roadside,2,Dark - Not Lighted,,,,,10,Cloudy,0,No,0000000,Not Applicable,22,10:00pm-10:59pm,36,36,22,10:00pm-10:59pm,53,53,88,"Not Applicable (Not Transported) ",88,Not Applicable (Not Transported),,,,,,,1,
2022,55,550441,Wisconsin,1,1,0,1,1,1,1,55,JEFFERSON (55),0,NOT APPLICABLE,29,29,10,October,2022,7,Saturday,21,9:00pm-9:59pm,49,49,0,This section IS NOT on the NHS,1,Rural,4,Minor Arterial,2,County Highway Agency,4,County Road,CR-N,,0,None,42.85199722,42.85199722,-88.756891670,-88.75689167,0,No Special Jurisdiction,8,Pedestrian,0,The First Harmful Event was Not a Collision with a Motor Vehicle in Transport,0,No,1,Non-Junction,1,Not an Intersection,0,None,,,1,On Roadway,2,Dark - Not Lighted,,,,,1,Clear,0,No,0000000,Not Applicable,21,9:00pm-9:59pm,51,51,22,10:00pm-10:59pm,99,Unknown EMS Scene Arrival Minutes,22,10:00pm-10:59pm,99,Unknown EMS Hospital Arrival Time,,,,,,,1,
2022,55,550442,Wisconsin,2,2,0,0,0,8,8,87,OUTAGAMIE (87),0,NOT APPLICABLE,26,26,10,October,2022,4,Wednesday,7,7:00am-7:59am,40,40,1,This section IS ON the NHS,1,Rural,3,Principal Arterial - Other,1,State Highway Agency,3,State Highway,SR-54,FRENCH RD,99998,Not Reported,44.50091667,44.50091667,-88.351011110,-88.35101111,0,No Special Jurisdiction,12,Motor Vehicle In-Transport,6,Angle,1,Yes,2,Intersection,3,T-Intersection,0,None,,,1,On Roadway,1,Daylight,,,,,10,Cloudy,0,No,0000000,Not Applicable,99,Unknown,99,Unknown,99,Unknown EMS Scene Arrival Hour,99,Unknown EMS Scene Arrival Minutes,99,Unknown,99,Unknown EMS Hospital Arrival Time,,,,,,,1,
2022,55,550443,Wisconsin,1,1,0,1,1,1,1,109,ST CROIX (109),2220,HUDSON,21,21,6,June,2022,3,Tuesday,22,10:00pm-10:59pm,53,53,1,This section IS ON the NHS,2,Urban,1,Interstate,1,State Highway Agency,1,Interstate,I-94,,99998,Not Reported,44.96280556,44.96280556,-92.739933330,-92.73993333,0,No Special Jurisdiction,8,Pedestrian,0,The First Harmful Event was Not a Collision with a Motor Vehicle in Transport,0,No,1,Non-Junction,1,Not an Intersection,0,None,,,1,On Roadway,3,Dark - Lighted,,,,,1,Clear,0,No,0000000,Not Applicable,99,Unknown,99,Unknown,99,Unknown EMS Scene Arrival Hour,99,Unknown EMS Scene Arrival Minutes,99,Unknown,99,Unknown EMS Hospital Arrival Time,,,,,,,1,
2022,55,550444,Wisconsin,2,2,0,0,0,3,3,79,MILWAUKEE (79),3100,MILWAUKEE,20,20,10,October,2022,5,Thursday,22,10:00pm-10:59pm,22,22,0,This section IS NOT on the NHS,2,Urban,4,Minor Arterial,4,City or Municipal Highway Agency,6,Local Street - Municipality,N 27TH ST,W ROOSEVELT DR,0,None,43.09513056,43.09513056,-87.946883330,-87.94688333,0,No Special Jurisdiction,12,Motor Vehicle In-Transport,6,Angle,0,No,2,Intersection,2,Four-Way Intersection,0,None,,,1,On Roadway,3,Dark - Lighted,,,,,1,Clear,0,No,0000000,Not Applicable,99,Unknown,99,Unknown,99,Unknown EMS Scene Arrival Hour,99,Unknown EMS Scene Arrival Minutes,99,Unknown,99,Unknown EMS Hospital Arrival Time,,,,,,,1,
2022,55,550445,Wisconsin,1,1,0,1,1,1,1,79,MILWAUKEE (79),3100,MILWAUKEE,29,29,10,October,2022,7,Saturday,21,9:00pm-9:59pm,45,45,0,This section IS NOT on the NHS,2,Urban,3,Principal Arterial - Other,4,City or Municipal Highway Agency,6,Local Street - Municipality,E BRADY ST,N WATER ST,0,None,43.05290556,43.05290556,-87.904394440,-87.90439444,0,No Special Jurisdiction,9,Pedalcyclist,0,The First Harmful Event was Not a Collision with a Motor Vehicle in Transport,0,No,2,Intersection,3,T-Intersection,0,None,,,1,On Roadway,3,Dark - Lighted,,,,,1,Clear,0,No,0000000,Not Applicable,99,Unknown,99,Unknown,99,Unknown EMS Scene Arrival Hour,99,Unknown EMS Scene Arrival Minutes,99,Unknown,99,Unknown EMS Hospital Arrival Time,,,,,,,1,