caseyear,state,st_case,statename,ve_total,ve_forms,pvh_invl,peds,pernotmvit,permvit,persons,county,countyname,city,cityname,day,dayname,month,monthname,year,day_week,day_weekname,hour,hourname,minute,minutename,nhs,nhsname,rur_urb,rur_urbname,func_sys,func_sysname,rd_owner,rd_ownername,route,routename,tway_id,tway_id2,milept,mileptname,latitude,latitudename,longitud,longitudname,sp_jur,sp_jurname,harm_ev,harm_evname,man_coll,man_collname,reljct1,reljct1name,reljct2,reljct2name,typ_int,typ_intname,wrk_zone,wrk_zonename,road_fnc,road_fncname,rel_road,rel_roadname,lgt_cond,lgt_condname,weather1,weather1name,weather2,weather2name,weather,weathername,sch_bus,sch_busname,rail,railname,not_hour,not_hourname,not_min,not_minname,arr_hour,arr_hourname,arr_min,arr_minname,hosp_hr,hosp_hrname,hosp_mn,hosp_mnname,cf1,cf1name,cf2,cf2name,cf3,cf3name,fatals,drunk_dr
2022,55,550482,Wisconsin,1,1,0,1,1,1,1,9,BROWN (9),2000,GREEN BAY,27,27,10,October,2022,5,Thursday,19,7:00pm-7:59pm,3,3,0,This section IS NOT on the NHS,2,Urban,4,Minor Arterial,1,State Highway Agency,2,U.S. Highway,US-141 MATHER ST,HARRISON ST,99998,Not Reported,44.52589444,44.52589444,-88.021700000,-88.02170000,0,No Special Jurisdiction,8,Pedestrian,0,The First Harmful Event was Not a Collision with a Motor Vehicle in Transport,0,No,3,Intersection-Related,3,T-Intersection,0,None,,,1,On Roadway,3,Dark - Lighted,,,,,1,Clear,0,No,0000000,Not Applicable,99,Unknown,99,Unknown,99,Unknown EMS Scene Arrival Hour,99,Unknown EMS Scene Arrival Minutes,99,Unknown,99,Unknown EMS Hospital Arrival Time,,,,,,,1,
2022,55,550483,Wisconsin,3,3,0,0,0,6,6,9,BROWN (9),2000,GREEN BAY,30,30,10,October,2022,1,Sunday,19,7:00pm-7:59pm,40,40,1,This section IS ON the NHS,2,Urban,3,Principal Arterial - Other,1,State Highway Agency,3,State Highway,SR-32 MASON ST W,ONEIDA ST S,99998,Not Reported,44.51742778,44.51742778,-88.046241670,-88.04624167,0,No Special Jurisdiction,12,Motor Vehicle In-Transport,6,Angle,0,No,2,Intersection,2,Four-Way Intersection,0,None,,,1,On Roadway,3,Dark - Lighted,,,,,1,Clear,0,No,0000000,Not Applicable,19,7:00pm-7:59pm,40,40,19,7:00pm-7:59pm,44,44,19,7:00pm-7:59pm,52,52,,,,,,,1,
2022,55,550484,Wisconsin,1,1,0,0,0,1,1,97,PORTAGE (97),0,NOT APPLICABLE,5,5,11,November,2022,7,Saturday,5,5:00am-5:59am,47,47,0,This section IS NOT on the NHS,1,Rural,7,Local,3,Town or Township Highway Agency,5,Local Street - Township,FOREST DR,,0,None,44.44266667,44.44266667,-89.599116670,-89.59911667,0,No Special Jurisdiction,42,Tree (Standing Only),0,The First Harmful Event was Not a Collision with a Motor Vehicle in Transport,0,No,1,Non-Junction,1,Not an Intersection,0,None,,,4,On Roadside,2,Dark - Not Lighted,,,,,2,Rain,0,No,0000000,Not Applicable,99,Unknown,99,Unknown,99,Unknown EMS Scene Arrival Hour,99,Unknown EMS Scene Arrival Minutes,88,"Not Applicable (Not Transported) ",88,Not Applicable (Not Transported),,,,,,,1,
2022,55,550485,Wisconsin,2,2,0,0,0,2,2,71,MANITOWOC (71),0,NOT APPLICABLE,8,8,11,November,2022,3,Tuesday,4,4:00am-4:59am,34,34,0,This section IS NOT on the NHS,1,Rural,5,Major Collector,2,County Highway Agency,4,County Road,CR-W,,0,None,44.09256667,44.09256667,-87.977586110,-87.97758611,0,No Special Jurisdiction,12,Motor Vehicle In-Transport,2,Front-to-Front,0,No,1,Non-Junction,1,Not an Intersection,0,None,,,1,On Roadway,2,Dark - Not Lighted,,,,,10,Cloudy,0,No,0000000,Not Applicable,4,4:00am-4:59am,40,40,4,4:00am-4:59am,45,45,99,Unknown,99,Unknown EMS Hospital Arrival Time,,,,,,,1,
2022,55,550486,Wisconsin,1,1,0,0,0,2,2,127,WALWORTH (127),0,NOT APPLICABLE,30,30,10,October,2022,1,Sunday,0,0:00am-0:59am,27,27,0,This section IS NOT on the NHS,1,Rural,5,Major Collector,2,County Highway Agency,4,County Road,CR-P,,0,None,42.70906111,42.70906111,-88.665536110,-88.66553611,0,No Special Jurisdiction,34,Ditch,0,The First Harmful Event was Not a Collision with a Motor Vehicle in Transport,0,No,1,Non-Junction,1,Not an Intersection,0,None,,,4,On Roadside,2,Dark - Not Lighted,,,,,1,Clear,0,No,0000000,Not Applicable,99,Unknown,99,Unknown,99,Unknown EMS Scene Arrival Hour,99,Unknown EMS Scene Arrival Minutes,99,Unknown,99,Unknown EMS Hospital Arrival Time,,,,,,,1,
2022,55,550487,Wisconsin,2,2,0,0,0,2,2,25,DANE (25),0,NOT APPLICABLE,12,12,11,November,2022,7,Saturday,15,3:00pm-3:59pm,47,47,0,This section IS NOT on the NHS,1,Rural,7,Local,3,Town or Township Highway Agency,5,Local Street - Township,ROME CORNERS RD,CTHMM,0,None,42.88163056,42.88163056,-89.368569440,-89.36856944,0,No Special Jurisdiction,12,Motor Vehicle In-Transport,6,Angle,0,No,3,Intersection-Related,2,Four-Way Intersection,0,None,,,1,On Roadway,1,Daylight,,,,,10,Cloudy,0,No,0000000,Not Applicable,15,3:00pm-3:59pm,48,48,99,Unknown EMS Scene Arrival Hour,99,Unknown EMS Scene Arrival Minutes,99,Unknown,99,Unknown EMS Hospital Arrival Time,,,,,,,1,
2022,55,550488,Wisconsin,1,1,0,0,0,3,3,141,WOOD (141),4232,RUDOLPH,13,13,11,November,2022,1,Sunday,13,1:00pm-1:59pm,53,53,0,This section IS NOT on the NHS,1,Rural,7,Local,1,State Highway Agency,3,State Highway,SR-13,,99998,Not Reported,44.50730000,44.50730000,-89.807600000,-89.80760000,0,No Special Jurisdiction,34,Ditch,0,The First Harmful Event was Not a Collision with a Motor Vehicle in Transport,0,No,1,Non-Junction,1,Not an Intersection,0,None,,,4,On Roadside,1,Daylight,,,,,10,Cloudy,0,No,0000000,Not Applicable,13,1:00pm-1:59pm,58,58,14,2:00pm-2:59pm,10,10,15,3:00pm-3:59pm,27,27,,,,,,,1,
2022,55,550489,Wisconsin,1,1,0,0,0,4,4,19,CLARK (19),0,NOT APPLICABLE,14,14,11,November,2022,2,Monday,15,3:00pm-3:59pm,10,10,1,This section IS ON the NHS,1,Rural,3,Principal Arterial - Other,1,State Highway Agency,3,State Highway,SR-13,,99998,Not Reported,45.02043056,45.02043056,-90.315205560,-90.31520556,0,No Special Jurisdiction,35,Embankment,0,The First Harmful Event was Not a Collision with a Motor Vehicle in Transport,0,No,1,Non-Junction,1,Not an Intersection,0,None,,,4,On Roadside,1,Daylight,,,,,4,Snow,0,No,0000000,Not Applicable,15,3:00pm-3:59pm,13,13,15,3:00pm-3:59pm,26,26,99,Unknown,99,Unknown EMS Hospital Arrival Time,,,,,,,1,
2022,55,550490,Wisconsin,2,2,0,0,0,2,2,79,MILWAUKEE (79),2015,GREENFIELD,28,28,10,October,2022,6,Friday,10,10:00am-10:59am,9,9,1,This section IS ON the NHS,2,Urban,3,Principal Arterial - Other,2,County Highway Agency,4,County Road,CR-U S 76TH ST,,0,None,42.95833889,42.95833889,-88.008330560,-88.00833056,0,No Special Jurisdiction,12,Motor Vehicle In-Transport,6,Angle,0,No,1,Non-Junction,1,Not an Intersection,0,None,,,1,On Roadway,1,Daylight,,,,,1,Clear,0,No,0000000,Not Applicable,10,10:00am-10:59am,10,10,10,10:00am-10:59am,14,14,10,10:00am-10:59am,39,39,,,,,,,1,
2022,55,550491,Wisconsin,1,1,0,0,0,1,1,27,DODGE (27),0,NOT APPLICABLE,6,6,11,November,2022,1,Sunday,16,4:00pm-4:59pm,19,19,0,This section IS NOT on the NHS,1,Rural,5,Major Collector,2,County Highway Agency,4,County Road,CR-J,,0,None,43.31411944,43.31411944,-88.818252780,-88.81825278,0,No Special Jurisdiction,32,Culvert,0,The First Harmful Event was Not a Collision with a Motor Vehicle in Transport,0,No,1,Non-Junction,1,Not an Intersection,0,None,,,4,On Roadside,5,Dusk,,,,,1,Clear,0,No,0000000,Not Applicable,99,Unknown,99,Unknown,99,Unknown EMS Scene Arrival Hour,99,Unknown EMS Scene Arrival Minutes,99,Unknown,99,Unknown EMS Hospital Arrival Time,,,,,,,1,
2022,55,550492,Wisconsin,2,1,1,1,1,1,1,111,SAUK (111),0,NOT APPLICABLE,22,22,11,November,2022,3,Tuesday,7,7:00am-7:59am,43,43,0,This section IS NOT on the NHS,1,Rural,4,Minor Arterial,1,State Highway Agency,3,State Highway,SR-23,,99998,Not Reported,43.34876667,43.34876667,-90.069002780,-90.06900278,0,No Special Jurisdiction,14,Parked Motor Vehicle,0,The First Harmful Event was Not a Collision with a Motor Vehicle in Transport,0,No,1,Non-Junction,1,Not an Intersection,4,"Work Zone, Type Unknown",,,2,On Shoulder,1,Daylight,,,,,10,Cloudy,0,No,0000000,Not Applicable,7,7:00am-7:59am,45,45,7,7:00am-7:59am,59,59,88,"Not Applicable (Not Transported) ",88,Not Applicable (Not Transported),,,,,,,1,
2022,55,550493,Wisconsin,2,2,0,0,0,3,3,109,ST CROIX (109),0,NOT APPLICABLE,5,5,11,November,2022,7,Saturday,5,5:00am-5:59am,46,46,1,This section IS ON the NHS,1,Rural,1,Interstate,1,State Highway Agency,1,Interstate,I-94,,150,150,44.94323611,44.94323611,-92.469355560,-92.46935556,0,No Special Jurisdiction,12,Motor Vehicle In-Transport,6,Angle,0,No,1,Non-Junction,1,Not an Intersection,0,None,,,1,On Roadway,2,Dark - Not Lighted,,,,,1,Clear,0,No,0000000,Not Applicable,6,6:00am-6:59am,0,0,7,7:00am-7:59am,20,20,99,Unknown,99,Unknown EMS Hospital Arrival Time,,,,,,,1,
2022,55,550494,Wisconsin,2,2,0,0,0,2,2,87,OUTAGAMIE (87),0,NOT APPLICABLE,15,15,11,November,2022,3,Tuesday,13,1:00pm-1:59pm,45,45,0,This section IS NOT on the NHS,1,Rural,5,Major Collector,2,County Highway Agency,4,County Road,CR-A,CR-S,0,None,44.38775278,44.38775278,-88.455144440,-88.45514444,0,No Special Jurisdiction,12,Motor Vehicle In-Transport,6,Angle,0,No,2,Intersection,2,Four-Way Intersection,0,None,,,1,On Roadway,1,Daylight,,,,,4,Snow,0,No,0000000,Not Applicable,13,1:00pm-1:59pm,45,45,99,Unknown EMS Scene Arrival Hour,99,Unknown EMS Scene Arrival Minutes,14,2:00pm-2:59pm,48,48,,,,,,,1,
2022,55,550495,Wisconsin,1,1,0,0,0,1,1,73,MARATHON (73),9997,Other,14,14,11,November,2022,2,Monday,16,4:00pm-4:59pm,0,0,1,This section IS ON the NHS,1,Rural,2,Principal Arterial - Other Freeways and Expressways,1,State Highway Agency,2,U.S. Highway,US-51,,99998,Not Reported,45.08933056,45.08933056,-89.640688890,-89.64068889,0,No Special Jurisdiction,1,Rollover/Overturn,0,The First Harmful Event was Not a Collision with a Motor Vehicle in Transport,0,No,1,Non-Junction,1,Not an Intersection,0,None,,,3,On Median,1,Daylight,,,,,4,Snow,0,No,0000000,Not Applicable,99,Unknown,99,Unknown,99,Unknown EMS Scene Arrival Hour,99,Unknown EMS Scene Arrival Minutes,99,Unknown,99,Unknown EMS Hospital Arrival Time,,,,,,,1,
2022,55,550496,Wisconsin,1,1,0,0,0,1,1,133,WAUKESHA (133),708,BROOKFIELD,17,17,11,November,2022,5,Thursday,17,5:00pm-5:59pm,4,4,0,This section IS NOT on the NHS,2,Urban,4,Minor Arterial,4,City or Municipal Highway Agency,6,Local Street - Municipality,BROOKFIELD RD,,0,None,43.07158333,43.07158333,-88.145888890,-88.14588889,0,No Special Jurisdiction,10,Railway Vehicle,0,The First Harmful Event was Not a Collision with a Motor Vehicle in Transport,0,No,6,"Railway Grade Crossing ",1,Not an Intersection,0,None,,,1,On Roadway,3,Dark - Lighted,,,,,4,Snow,0,No,390521P,390521P,17,5:00pm-5:59pm,8,8,17,5:00pm-5:59pm,15,15,88,"Not Applicable (Not Transported) ",88,Not Applicable (Not Transported),,,,,,,1,
2022,55,550497,Wisconsin,2,2,0,0,0,2,2,55,JEFFERSON (55),0,NOT APPLICABLE,26,26,11,November,2022,7,Saturday,11,11:00am-11:59am,5,5,1,This section IS ON the NHS,1,Rural,3,Principal Arterial - Other,1,State Highway Agency,3,State Highway,SR-16,CR-SC,99998,Not Reported,43.15905000,43.15905000,-88.632827780,-88.63282778,0,No Special Jurisdiction,12,Motor Vehicle In-Transport,6,Angle,0,No,2,Intersection,3,T-Intersection,0,None,,,1,On Roadway,1,Daylight,,,,,1,Clear,0,No,0000000,Not Applicable,11,11:00am-11:59am,6,6,11,11:00am-11:59am,15,15,11,11:00am-11:59am,58,58,,,,,,,1,
2022,55,550498,Wisconsin,2,2,0,0,0,5,5,59,KENOSHA (59),3795,PLEASANT PRAIRIE,18,18,11,November,2022,6,Friday,20,8:00pm-8:59pm,25,25,0,This section IS NOT on the NHS,2,Urban,5,Major Collector,1,State Highway Agency,3,State Highway,SR-31,CR-SPRINGBROOK RD,99998,Not Reported,42.50163056,42.50163056,-87.887983330,-87.88798333,0,No Special Jurisdiction,12,Motor Vehicle In-Transport,6,Angle,0,No,2,Intersection,2,Four-Way Intersection,0,None,,,1,On Roadway,3,Dark - Lighted,,,,,10,Cloudy,0,No,0000000,Not Applicable,20,8:00pm-8:59pm,35,35,20,8:00pm-8:59pm,38,38,21,9:00pm-9:59pm,2,2,,,,,,,2,
2022,55,550499,Wisconsin,2,2,0,0,0,3,3,21,COLUMBIA (21),0,NOT APPLICABLE,17,17,11,November,2022,5,Thursday,18,6:00pm-6:59pm,30,30,0,This section IS NOT on the NHS,1,Rural,5,Major Collector,2,County Highway Agency,4,County Road,CR-B,,0,None,43.44180000,43.44180000,-89.268919440,-89.26891944,0,No Special Jurisdiction,12,Motor Vehicle In-Transport,6,Angle,0,No,1,Non-Junction,1,Not an Intersection,0,None,,,1,On Roadway,2,Dark - Not Lighted,,,,,4,Snow,0,No,0000000,Not Applicable,99,Unknown,99,Unknown,99,Unknown EMS Scene Arrival Hour,99,Unknown EMS Scene Arrival Minutes,88,"Not Applicable (Not Transported) ",88,Not Applicable (Not Transported),,,,,,,2,
2022,55,550500,Wisconsin,1,1,0,0,0,1,1,27,DODGE (27),0,NOT APPLICABLE,22,22,11,November,2022,3,Tuesday,13,1:00pm-1:59pm,18,18,0,This section IS NOT on the NHS,1,Rural,3,Principal Arterial - Other,1,State Highway Agency,3,State Highway,SR-19,,99998,Not Reported,43.19772778,43.19772778,-88.768436110,-88.76843611,0,No Special Jurisdiction,34,Ditch,0,The First Harmful Event was Not a Collision with a Motor Vehicle in Transport,1,Yes,5,Entrance/Exit Ramp Related,1,Not an Intersection,0,None,,,4,On Roadside,1,Daylight,,,,,10,Cloudy,0,No,0000000,Not Applicable,13,1:00pm-1:59pm,28,28,13,1:00pm-1:59pm,40,40,99,Unknown,99,Unknown EMS Hospital Arrival Time,,,,,,,1,
2022,55,550501,Wisconsin,1,1,0,0,0,4,4,139,WINNEBAGO (139),0,NOT APPLICABLE,23,23,11,November,2022,4,Wednesday,23,11:00pm-11:59pm,2,2,0,This section IS NOT on the NHS,1,Rural,7,Local,3,Town or Township Highway Agency,5,Local Street - Township,GREEN VALLEY RD,,0,None,44.11316667,44.11316667,-88.523977780,-88.52397778,0,No Special Jurisdiction,1,Rollover/Overturn,0,The First Harmful Event was Not a Collision with a Motor Vehicle in Transport,0,No,1,Non-Junction,1,Not an Intersection,0,None,,,2,On Shoulder,2,Dark - Not Lighted,,,,,10,Cloudy,0,No,0000000,Not Applicable,23,11:00pm-11:59pm,10,10,99,Unknown EMS Scene Arrival Hour,99,Unknown EMS Scene Arrival Minutes,99,Unknown,99,Unknown EMS Hospital Arrival Time,,,,,,,1,
2022,55,550502,Wisconsin,1,1,0,1,1,1,1,73,MARATHON (73),0,NOT APPLICABLE,28,28,11,November,2022,2,Monday,17,5:00pm-5:59pm,56,56,0,This section IS NOT on the NHS,1,Rural,5,Major Collector,2,County Highway Agency,4,County Road,CR-J,,0,None,44.99097778,44.99097778,-89.492105560,-89.49210556,0,No Special Jurisdiction,8,Pedestrian,0,The First Harmful Event was Not a Collision with a Motor Vehicle in Transport,0,No,1,Non-Junction,1,Not an Intersection,0,None,,,1,On Roadway,2,Dark - Not Lighted,,,,,10,Cloudy,0,No,0000000,Not Applicable,17,5:00pm-5:59pm,59,59,18,6:00pm-6:59pm,12,12,88,"Not Applicable (Not Transported) ",88,Not Applicable (Not Transported),,,,,,,1,
2022,55,550503,Wisconsin,2,2,0,0,0,2,2,5,BARRON (5),4080,RICE LAKE,29,29,11,November,2022,3,Tuesday,7,7:00am-7:59am,53,53,0,This section IS NOT on the NHS,1,Rural,4,Minor Arterial,1,State Highway Agency,3,State Highway,SR-48,,99998,Not Reported,45.50963889,45.50963889,-91.774950000,-91.77495000,0,No Special Jurisdiction,12,Motor Vehicle In-Transport,6,Angle,0,No,1,Non-Junction,1,Not an Intersection,0,None,,,1,On Roadway,1,Daylight,,,,,4,Snow,0,No,0000000,Not Applicable,7,7:00am-7:59am,57,57,7,7:00am-7:59am,58,58,88,"Not Applicable (Not Transported) ",88,Not Applicable (Not Transported),,,,,,,1,
2022,55,550504,Wisconsin,2,2,0,0,0,4,4,133,WAUKESHA (133),1305,DELAFIELD,4,4,11,November,2022,6,Friday,13,1:00pm-1:59pm,54,54,1,This section IS ON the NHS,2,Urban,1,Interstate,1,State Highway Agency,1,Interstate,I-94,,99998,Not Reported,43.05223889,43.05223889,-88.378458330,-88.37845833,0,No Special Jurisdiction,12,Motor Vehicle In-Transport,7,Sideswipe - Same Direction,1,Yes,18,Through Roadway,1,Not an Intersection,0,None,,,1,On Roadway,1,Daylight,,,,,2,Rain,0,No,0000000,Not Applicable,13,1:00pm-1:59pm,54,54,14,2:00pm-2:59pm,1,1,14,2:00pm-2:59pm,33,33,,,,,,,1,
2022,55,550505,Wisconsin,5,5,0,0,0,11,11,87,OUTAGAMIE (87),170,APPLETON,20,20,11,November,2022,1,Sunday,16,4:00pm-4:59pm,10,10,1,This section IS ON the NHS,1,Rural,1,Interstate,1,State Highway Agency,1,Interstate,I-41,,99998,Not Reported,44.29817500,44.29817500,-88.361577780,-88.36157778,0,No Special Jurisdiction,12,Motor Vehicle In-Transport,1,Front-to-Rear,0,No,1,Non-Junction,1,Not an Intersection,0,None,,,1,On Roadway,1,Daylight,,,,,1,Clear,0,No,0000000,Not Applicable,16,4:00pm-4:59pm,15,15,16,4:00pm-4:59pm,24,24,16,4:00pm-4:59pm,56,56,,,,,,,1,
2022,55,550506,Wisconsin,1,1,0,1,1,1,1,117,SHEBOYGAN (117),4330,SHEBOYGAN,27,27,11,November,2022,1,Sunday,18,6:00pm-6:59pm,20,20,0,This section IS NOT on the NHS,2,Urban,7,Local,4,City or Municipal Highway Agency,6,Local Street - Municipality,NEW YORK AVE,N 9TH ST,0,None,43.75198611,43.75198611,-87.714647220,-87.71464722,0,No Special Jurisdiction,8,Pedestrian,0,The First Harmful Event was Not a Collision with a Motor Vehicle in Transport,1,Yes,3,Intersection-Related,2,Four-Way Intersection,0,None,,,1,On Roadway,3,Dark - Lighted,,,,,10,Cloudy,0,No,0000000,Not Applicable,18,6:00pm-6:59pm,22,22,18,6:00pm-6:59pm,22,22,18,6:00pm-6:59pm,49,49,,,,,,,1,
2022,55,550507,Wisconsin,1,1,0,0,0,1,1,111,SAUK (111),0,NOT APPLICABLE,1,1,12,December,2022,5,Thursday,99,Unknown Hours,99,Unknown Minutes,0,This section IS NOT on the NHS,1,Rural,7,Local,3,Town or Township Highway Agency,5,Local Street - Township,VAN HOOSEN RD,SHADY LANE RD,0,None,43.54693333,43.54693333,-89.664338890,-89.66433889,0,No Special Jurisdiction,34,Ditch,0,The First Harmful Event was Not a Collision with a Motor Vehicle in Transport,0,No,3,Intersection-Related,3,T-Intersection,0,None,,,4,On Roadside,9,Reported as Unknown,,,,,99,Reported as Unknown,0,No,0000000,Not Applicable,7,7:00am-7:59am,19,19,7,7:00am-7:59am,28,28,88,"Not Applicable (Not Transported) ",88,Not Applicable (Not Transported),,,,,,,1,
2022,55,550508,Wisconsin,1,1,0,0,0,1,1,27,DODGE (27),0,NOT APPLICABLE,24,24,11,November,2022,5,Thursday,1,1:00am-1:59am,20,20,0,This section IS NOT on the NHS,1,Rural,6,Minor Collector,2,County Highway Agency,4,County Road,CR-C,,0,None,43.56081111,43.56081111,-88.742236110,-88.74223611,0,No Special Jurisdiction,42,Tree (Standing Only),0,The First Harmful Event was Not a Collision with a Motor Vehicle in Transport,0,No,1,Non-Junction,1,Not an Intersection,0,None,,,4,On Roadside,2,Dark - Not Lighted,,,,,10,Cloudy,0,No,0000000,Not Applicable,99,Unknown,99,Unknown,99,Unknown EMS Scene Arrival Hour,99,Unknown EMS Scene Arrival Minutes,88,"Not Applicable (Not Transported) ",88,Not Applicable (Not Transported),,,,,,,1,
2022,55,550509,Wisconsin,2,2,0,0,0,5,5,23,CRAWFORD (23),0,NOT APPLICABLE,27,27,11,November,2022,1,Sunday,11,11:00am-11:59am,22,22,1,This section IS ON the NHS,1,Rural,3,Principal Arterial - Other,1,State Highway Agency,2,U.S. Highway,US-18,,99998,Not Reported,43.04440556,43.04440556,-91.167088890,-91.16708889,0,No Special Jurisdiction,12,Motor Vehicle In-Transport,2,Front-to-Front,0,No,1,Non-Junction,1,Not an Intersection,0,None,,,1,On Roadway,1,Daylight,,,,,1,Clear,0,No,0000000,Not Applicable,11,11:00am-11:59am,26,26,11,11:00am-11:59am,27,27,99,Unknown,99,Unknown EMS Hospital Arrival Time,,,,,,,2,
2022,55,550510,Wisconsin,2,2,0,0,0,1,1,79,MILWAUKEE (79),3100,MILWAUKEE,18,18,11,November,2022,6,Friday,20,8:00pm-8:59pm,47,47,0,This section IS NOT on the NHS,2,Urban,7,Local,4,City or Municipal Highway Agency,6,Local Street - Municipality,S 2ND ST,,0,None,43.01015556,43.01015556,-87.912555560,-87.91255556,0,No Special Jurisdiction,12,Motor Vehicle In-Transport,7,Sideswipe - Same Direction,0,No,1,Non-Junction,1,Not an Intersection,0,None,,,1,On Roadway,3,Dark - Lighted,,,,,1,Clear,0,No,0000000,Not Applicable,99,Unknown,99,Unknown,99,Unknown EMS Scene Arrival Hour,99,Unknown EMS Scene Arrival Minutes,88,"Not Applicable (Not Transported) ",88,Not Applicable (Not Transported),,,,,,,1,
2022,55,550511,Wisconsin,1,1,0,1,1,0,0,5,BARRON (5),0,NOT APPLICABLE,6,6,10,October,2022,5,Thursday,14,2:00pm-2:59pm,25,25,0,This section IS NOT on the NHS,1,Rural,7,Local,3,Town or Township Highway Agency,5,Local Street - Township,3RD ST,,0,None,45.56125000,45.56125000,-92.092869440,-92.09286944,0,No Special Jurisdiction,8,Pedestrian,0,The First Harmful Event was Not a Collision with a Motor Vehicle in Transport,0,No,1,Non-Junction,1,Not an Intersection,0,None,,,1,On Roadway,1,Daylight,,,,,1,Clear,0,No,0000000,Not Applicable,14,2:00pm-2:59pm,52,52,15,3:00pm-3:59pm,3,3,15,3:00pm-3:59pm,22,22,,,,,,,1,
2022,55,550512,Wisconsin,1,1,0,0,0,8,8,79,MILWAUKEE (79),3100,MILWAUKEE,12,12,10,October,2022,4,Wednesday,5,5:00am-5:59am,20,20,1,This section IS ON the NHS,2,Urban,1,Interstate,1,State Highway Agency,1,Interstate,I-43,,99998,Not Reported,42.96229444,42.96229444,-87.943794440,-87.94379444,0,No Special Jurisdiction,25,Concrete Traffic Barrier,0,The First Harmful Event was Not a Collision with a Motor Vehicle in Transport,1,Yes,5,Entrance/Exit Ramp Related,1,Not an Intersection,0,None,,,4,On Roadside,3,Dark - Lighted,,,,,2,Rain,0,No,0000000,Not Applicable,5,5:00am-5:59am,40,40,5,5:00am-5:59am,42,42,99,Unknown,99,Unknown EMS Hospital Arrival Time,,,,,,,2,
2022,55,550513,Wisconsin,2,2,0,0,0,2,2,135,WAUPACA (135),0,NOT APPLICABLE,22,22,10,October,2022,7,Saturday,9,9:00am-9:59am,42,42,0,This section IS NOT on the NHS,1,Rural,6,Minor Collector,2,County Highway Agency,4,County Road,CR-A,BAGS HILL RD,0,None,44.26522500,44.26522500,-89.046930560,-89.04693056,0,No Special Jurisdiction,12,Motor Vehicle In-Transport,6,Angle,1,Yes,2,Intersection,2,Four-Way Intersection,0,None,,,1,On Roadway,1,Daylight,,,,,1,Clear,0,No,0000000,Not Applicable,9,9:00am-9:59am,44,44,9,9:00am-9:59am,52,52,10,10:00am-10:59am,18,18,,,,,,,1,
2022,55,550514,Wisconsin,1,1,0,0,0,4,4,25,DANE (25),2820,MAPLE BLUFF,20,20,11,November,2022,1,Sunday,9,9:00am-9:59am,7,7,0,This section IS NOT on the NHS,2,Urban,7,Local,4,City or Municipal Highway Agency,6,Local Street - Municipality,WOODLAND CIR,,0,None,43.11254722,43.11254722,-89.367638890,-89.36763889,0,No Special Jurisdiction,42,Tree (Standing Only),0,The First Harmful Event was Not a Collision with a Motor Vehicle in Transport,0,No,1,Non-Junction,1,Not an Intersection,0,None,,,5,Outside Trafficway,1,Daylight,,,,,10,Cloudy,0,No,0000000,Not Applicable,9,9:00am-9:59am,16,16,99,Unknown EMS Scene Arrival Hour,99,Unknown EMS Scene Arrival Minutes,99,Unknown,99,Unknown EMS Hospital Arrival Time,,,,,,,1,
2022,55,550515,Wisconsin,1,1,0,0,0,1,1,79,MILWAUKEE (79),3100,MILWAUKEE,27,27,11,November,2022,1,Sunday,2,2:00am-2:59am,15,15,0,This section IS NOT on the NHS,2,Urban,3,Principal Arterial - Other,1,State Highway Agency,3,State Highway,SR-145 RAMP,,99998,Not Reported,43.11539444,43.11539444,-88.007800000,-88.00780000,0,No Special Jurisdiction,33,Curb,0,The First Harmful Event was Not a Collision with a Motor Vehicle in Transport,1,Yes,5,Entrance/Exit Ramp Related,1,Not an Intersection,0,None,,,4,On Roadside,3,Dark - Lighted,,,,,1,Clear,0,No,0000000,Not Applicable,2,2:00am-2:59am,17,17,2,2:00am-2:59am,22,22,88,"Not Applicable (Not Transported) ",88,Not Applicable (Not Transported),,,,,,,1,
2022,55,550516,Wisconsin,1,1,0,0,0,1,1,71,MANITOWOC (71),4890,TWO RIVERS,31,31,10,October,2022,2,Monday,18,6:00pm-6:59pm,41,41,0,This section IS NOT on the NHS,2,Urban,4,Minor Arterial,2,County Highway Agency,4,County Road,CR-O,22ND ST,0,None,44.15368611,44.15368611,-87.555197220,-87.55519722,0,No Special Jurisdiction,33,Curb,0,The First Harmful Event was Not a Collision with a Motor Vehicle in Transport,0,No,3,Intersection-Related,3,T-Intersection,0,None,,,4,On Roadside,5,Dusk,,,,,1,Clear,0,No,0000000,Not Applicable,18,6:00pm-6:59pm,44,44,18,6:00pm-6:59pm,47,47,19,7:00pm-7:59pm,28,28,,,,,,,1,
2022,55,550517,Wisconsin,1,1,0,1,1,1,1,117,SHEBOYGAN (117),4340,SHEBOYGAN FALLS,1,1,12,December,2022,5,Thursday,17,5:00pm-5:59pm,17,17,1,This section IS ON the NHS,2,Urban,3,Principal Arterial - Other,1,State Highway Agency,3,State Highway,SR-32,,99998,Not Reported,43.74444167,43.74444167,-87.819813890,-87.81981389,0,No Special Jurisdiction,8,Pedestrian,0,The First Harmful Event was Not a Collision with a Motor Vehicle in Transport,0,No,8,Driveway Access Related,1,Not an Intersection,0,None,,,1,On Roadway,2,Dark - Not Lighted,,,,,10,Cloudy,0,No,0000000,Not Applicable,99,Unknown,99,Unknown,99,Unknown EMS Scene Arrival Hour,99,Unknown EMS Scene Arrival Minutes,99,Unknown,99,Unknown EMS Hospital Arrival Time,,,,,,,1,