caseyear,state,st_case,statename,ve_total,ve_forms,pvh_invl,peds,pernotmvit,permvit,persons,county,countyname,city,cityname,day,dayname,month,monthname,year,day_week,day_weekname,hour,hourname,minute,minutename,nhs,nhsname,rur_urb,rur_urbname,func_sys,func_sysname,rd_owner,rd_ownername,route,routename,tway_id,tway_id2,milept,mileptname,latitude,latitudename,longitud,longitudname,sp_jur,sp_jurname,harm_ev,harm_evname,man_coll,man_collname,reljct1,reljct1name,reljct2,reljct2name,typ_int,typ_intname,wrk_zone,wrk_zonename,road_fnc,road_fncname,rel_road,rel_roadname,lgt_cond,lgt_condname,weather1,weather1name,weather2,weather2name,weather,weathername,sch_bus,sch_busname,rail,railname,not_hour,not_hourname,not_min,not_minname,arr_hour,arr_hourname,arr_min,arr_minname,hosp_hr,hosp_hrname,hosp_mn,hosp_mnname,cf1,cf1name,cf2,cf2name,cf3,cf3name,fatals,drunk_dr
2022,55,550518,Wisconsin,3,3,0,0,0,4,4,113,SAWYER (113),0,NOT APPLICABLE,10,10,12,December,2022,7,Saturday,15,3:00pm-3:59pm,21,21,0,This section IS NOT on the NHS,1,Rural,4,Minor Arterial,1,State Highway Agency,3,State Highway,SR-27,,99998,Not Reported,45.92813611,45.92813611,-91.493869440,-91.49386944,0,No Special Jurisdiction,12,Motor Vehicle In-Transport,6,Angle,0,No,1,Non-Junction,1,Not an Intersection,0,None,,,1,On Roadway,1,Daylight,,,,,4,Snow,0,No,0000000,Not Applicable,15,3:00pm-3:59pm,21,21,15,3:00pm-3:59pm,29,29,99,Unknown,99,Unknown EMS Hospital Arrival Time,,,,,,,1,
2022,55,550519,Wisconsin,2,2,0,0,0,2,2,79,MILWAUKEE (79),3100,MILWAUKEE,4,4,12,December,2022,1,Sunday,2,2:00am-2:59am,12,12,1,This section IS ON the NHS,2,Urban,3,Principal Arterial - Other,1,State Highway Agency,3,State Highway,SR-145 FOND DU LAC AVE W,,99998,Not Reported,43.08444722,43.08444722,-87.969147220,-87.96914722,0,No Special Jurisdiction,12,Motor Vehicle In-Transport,1,Front-to-Rear,0,No,1,Non-Junction,1,Not an Intersection,0,None,,,1,On Roadway,3,Dark - Lighted,,,,,1,Clear,0,No,0000000,Not Applicable,99,Unknown,99,Unknown,99,Unknown EMS Scene Arrival Hour,99,Unknown EMS Scene Arrival Minutes,99,Unknown,99,Unknown EMS Hospital Arrival Time,,,,,,,1,
2022,55,550520,Wisconsin,2,2,0,0,0,2,2,73,MARATHON (73),3200,MOSINEE,29,29,11,November,2022,3,Tuesday,1,1:00am-1:59am,20,20,1,This section IS ON the NHS,2,Urban,1,Interstate,1,State Highway Agency,1,Interstate,I-39,,99998,Not Reported,44.79080556,44.79080556,-89.680094440,-89.68009444,0,No Special Jurisdiction,12,Motor Vehicle In-Transport,1,Front-to-Rear,0,No,1,Non-Junction,1,Not an Intersection,0,None,,,1,On Roadway,2,Dark - Not Lighted,,,,,10,Cloudy,0,No,0000000,Not Applicable,1,1:00am-1:59am,24,24,1,1:00am-1:59am,41,41,88,"Not Applicable (Not Transported) ",88,Not Applicable (Not Transported),,,,,,,1,
2022,55,550521,Wisconsin,1,1,0,0,0,1,1,135,WAUPACA (135),5080,WAUPACA,5,5,12,December,2022,2,Monday,12,12:00pm-12:59pm,50,50,1,This section IS ON the NHS,2,Urban,2,Principal Arterial - Other Freeways and Expressways,1,State Highway Agency,2,U.S. Highway,US-10,,99998,Not Reported,44.35394444,44.35394444,-89.112158330,-89.11215833,0,No Special Jurisdiction,34,Ditch,0,The First Harmful Event was Not a Collision with a Motor Vehicle in Transport,1,Yes,5,Entrance/Exit Ramp Related,1,Not an Intersection,0,None,,,4,On Roadside,1,Daylight,,,,,1,Clear,0,No,0000000,Not Applicable,12,12:00pm-12:59pm,58,58,99,Unknown EMS Scene Arrival Hour,97,Officially Cancelled,99,Unknown,97,Officially Canceled,,,,,,,1,
2022,55,550522,Wisconsin,1,1,0,0,0,1,1,25,DANE (25),9997,Other,9,9,12,December,2022,6,Friday,11,11:00am-11:59am,26,26,0,This section IS NOT on the NHS,2,Urban,5,Major Collector,2,County Highway Agency,4,County Road,CR-AB,,0,None,42.96895278,42.96895278,-89.282675000,-89.28267500,0,No Special Jurisdiction,2,Fire/Explosion,0,The First Harmful Event was Not a Collision with a Motor Vehicle in Transport,0,No,1,Non-Junction,1,Not an Intersection,0,None,,,1,On Roadway,1,Daylight,,,,,10,Cloudy,0,No,0000000,Not Applicable,99,Unknown,99,Unknown,99,Unknown EMS Scene Arrival Hour,99,Unknown EMS Scene Arrival Minutes,88,"Not Applicable (Not Transported) ",88,Not Applicable (Not Transported),,,,,,,1,
2022,55,550523,Wisconsin,1,1,0,0,0,1,1,25,DANE (25),2780,MADISON,4,4,12,December,2022,1,Sunday,23,11:00pm-11:59pm,3,3,1,This section IS ON the NHS,2,Urban,3,Principal Arterial - Other,2,County Highway Agency,4,County Road,CR-M N S PLEASANT VIEW RD,,0,None,43.02226944,43.02226944,-89.533358330,-89.53335833,0,No Special Jurisdiction,30,Utility Pole/Light Support,0,The First Harmful Event was Not a Collision with a Motor Vehicle in Transport,0,No,1,Non-Junction,1,Not an Intersection,0,None,,,3,On Median,3,Dark - Lighted,,,,,1,Clear,0,No,0000000,Not Applicable,23,11:00pm-11:59pm,3,3,23,11:00pm-11:59pm,10,10,88,"Not Applicable (Not Transported) ",88,Not Applicable (Not Transported),,,,,,,1,
2022,55,550524,Wisconsin,1,1,0,0,0,1,1,111,SAUK (111),0,NOT APPLICABLE,17,17,12,December,2022,7,Saturday,14,2:00pm-2:59pm,38,38,0,This section IS NOT on the NHS,1,Rural,4,Minor Arterial,1,State Highway Agency,3,State Highway,SR-33,,99998,Not Reported,43.56188056,43.56188056,-90.074036110,-90.07403611,0,No Special Jurisdiction,42,Tree (Standing Only),0,The First Harmful Event was Not a Collision with a Motor Vehicle in Transport,0,No,1,Non-Junction,1,Not an Intersection,0,None,,,4,On Roadside,1,Daylight,,,,,10,Cloudy,0,No,0000000,Not Applicable,99,Unknown,99,Unknown,99,Unknown EMS Scene Arrival Hour,99,Unknown EMS Scene Arrival Minutes,99,Unknown,99,Unknown EMS Hospital Arrival Time,,,,,,,1,
2022,55,550525,Wisconsin,1,1,0,1,1,1,1,93,PIERCE (93),0,NOT APPLICABLE,20,20,12,December,2022,3,Tuesday,17,5:00pm-5:59pm,16,16,0,This section IS NOT on the NHS,1,Rural,4,Minor Arterial,1,State Highway Agency,3,State Highway,SR-35,,99998,Not Reported,44.72728889,44.72728889,-92.756488890,-92.75648889,0,No Special Jurisdiction,8,Pedestrian,0,The First Harmful Event was Not a Collision with a Motor Vehicle in Transport,0,No,1,Non-Junction,1,Not an Intersection,0,None,,,1,On Roadway,2,Dark - Not Lighted,,,,,10,Cloudy,0,No,0000000,Not Applicable,17,5:00pm-5:59pm,24,24,17,5:00pm-5:59pm,35,35,19,7:00pm-7:59pm,8,8,,,,,,,1,
2022,55,550526,Wisconsin,1,1,0,0,0,1,1,87,OUTAGAMIE (87),0,NOT APPLICABLE,5,5,12,December,2022,2,Monday,10,10:00am-10:59am,50,50,1,This section IS ON the NHS,1,Rural,1,Interstate,1,State Highway Agency,1,Interstate,I-41,,99998,Not Reported,44.33626667,44.33626667,-88.204144440,-88.20414444,0,No Special Jurisdiction,35,Embankment,0,The First Harmful Event was Not a Collision with a Motor Vehicle in Transport,0,No,1,Non-Junction,1,Not an Intersection,0,None,,,4,On Roadside,1,Daylight,,,,,1,Clear,0,No,0000000,Not Applicable,11,11:00am-11:59am,1,1,11,11:00am-11:59am,6,6,88,"Not Applicable (Not Transported) ",88,Not Applicable (Not Transported),,,,,,,1,
2022,55,550527,Wisconsin,1,1,0,0,0,2,2,79,MILWAUKEE (79),3100,MILWAUKEE,30,30,11,November,2022,4,Wednesday,19,7:00pm-7:59pm,47,47,1,This section IS ON the NHS,2,Urban,3,Principal Arterial - Other,1,State Highway Agency,3,State Highway,SR-190,,99998,Not Reported,43.08964722,43.08964722,-87.950433330,-87.95043333,0,No Special Jurisdiction,42,Tree (Standing Only),0,The First Harmful Event was Not a Collision with a Motor Vehicle in Transport,0,No,1,Non-Junction,1,Not an Intersection,0,None,,,4,On Roadside,3,Dark - Lighted,,,,,1,Clear,0,No,0000000,Not Applicable,99,Unknown,99,Unknown,99,Unknown EMS Scene Arrival Hour,99,Unknown EMS Scene Arrival Minutes,88,"Not Applicable (Not Transported) ",88,Not Applicable (Not Transported),,,,,,,2,
2022,55,550528,Wisconsin,1,1,0,0,0,1,1,115,SHAWANO (115),9997,Other,14,14,12,December,2022,4,Wednesday,22,10:00pm-10:59pm,0,0,0,This section IS NOT on the NHS,1,Rural,7,Local,3,Town or Township Highway Agency,5,Local Street - Township,E TOWN LINE RD,,0,None,44.76602500,44.76602500,-88.436938890,-88.43693889,0,No Special Jurisdiction,32,Culvert,0,The First Harmful Event was Not a Collision with a Motor Vehicle in Transport,0,No,1,Non-Junction,1,Not an Intersection,0,None,,,4,On Roadside,2,Dark - Not Lighted,,,,,12,Freezing Rain or Drizzle,0,No,0000000,Not Applicable,22,10:00pm-10:59pm,29,29,22,10:00pm-10:59pm,42,42,88,"Not Applicable (Not Transported) ",88,Not Applicable (Not Transported),,,,,,,1,
2022,55,550529,Wisconsin,1,1,0,1,1,1,1,79,MILWAUKEE (79),3100,MILWAUKEE,30,30,9,September,2022,6,Friday,20,8:00pm-8:59pm,2,2,0,This section IS NOT on the NHS,2,Urban,4,Minor Arterial,4,City or Municipal Highway Agency,6,Local Street - Municipality,N TEUTONIA AVE,,0,None,43.09020833,43.09020833,-87.939144440,-87.93914444,0,No Special Jurisdiction,8,Pedestrian,0,The First Harmful Event was Not a Collision with a Motor Vehicle in Transport,0,No,1,Non-Junction,1,Not an Intersection,0,None,,,1,On Roadway,3,Dark - Lighted,,,,,1,Clear,0,No,0000000,Not Applicable,99,Unknown,99,Unknown,99,Unknown EMS Scene Arrival Hour,99,Unknown EMS Scene Arrival Minutes,99,Unknown,99,Unknown EMS Hospital Arrival Time,,,,,,,1,
2022,55,550530,Wisconsin,1,1,0,0,0,5,5,97,PORTAGE (97),0,NOT APPLICABLE,18,18,11,November,2022,6,Friday,7,7:00am-7:59am,4,4,1,This section IS ON the NHS,1,Rural,2,Principal Arterial - Other Freeways and Expressways,1,State Highway Agency,2,U.S. Highway,US-10,,2380,2380,44.46255556,44.46255556,-89.313577780,-89.31357778,0,No Special Jurisdiction,34,Ditch,0,The First Harmful Event was Not a Collision with a Motor Vehicle in Transport,0,No,1,Non-Junction,1,Not an Intersection,0,None,,,4,On Roadside,1,Daylight,,,,,4,Snow,0,No,0000000,Not Applicable,7,7:00am-7:59am,15,15,7,7:00am-7:59am,20,20,88,"Not Applicable (Not Transported) ",88,Not Applicable (Not Transported),,,,,,,1,
2022,55,550531,Wisconsin,1,1,0,1,1,1,1,79,MILWAUKEE (79),3100,MILWAUKEE,30,30,11,November,2022,4,Wednesday,5,5:00am-5:59am,3,3,1,This section IS ON the NHS,2,Urban,3,Principal Arterial - Other,1,State Highway Agency,3,State Highway,SR-241,OKLAHOMA AVE W,99998,Not Reported,42.98870556,42.98870556,-87.948286110,-87.94828611,0,No Special Jurisdiction,8,Pedestrian,0,The First Harmful Event was Not a Collision with a Motor Vehicle in Transport,0,No,3,Intersection-Related,2,Four-Way Intersection,0,None,,,1,On Roadway,3,Dark - Lighted,,,,,1,Clear,0,No,0000000,Not Applicable,99,Unknown,99,Unknown,99,Unknown EMS Scene Arrival Hour,99,Unknown EMS Scene Arrival Minutes,99,Unknown,99,Unknown EMS Hospital Arrival Time,,,,,,,1,
2022,55,550532,Wisconsin,1,1,0,0,0,1,1,103,RICHLAND (103),0,NOT APPLICABLE,15,15,12,December,2022,5,Thursday,1,1:00am-1:59am,59,59,0,This section IS NOT on the NHS,1,Rural,5,Major Collector,26,Private (other than Railroad),4,County Road,CR-Q,,0,None,43.32843056,43.32843056,-90.425016670,-90.42501667,0,No Special Jurisdiction,35,Embankment,0,The First Harmful Event was Not a Collision with a Motor Vehicle in Transport,0,No,1,Non-Junction,1,Not an Intersection,0,None,,,4,On Roadside,2,Dark - Not Lighted,,,,,4,Snow,0,No,0000000,Not Applicable,88,Not Applicable (Not Notified),88,Not Applicable (Not Notified),88,Not Applicable,88,Not Applicable,88,"Not Applicable (Not Transported) ",88,Not Applicable (Not Transported),,,,,,,1,
2022,55,550533,Wisconsin,2,2,0,0,0,2,2,101,RACINE (101),795,CALEDONIA,12,12,12,December,2022,2,Monday,6,6:00am-6:59am,15,15,1,This section IS ON the NHS,2,Urban,3,Principal Arterial - Other,1,State Highway Agency,3,State Highway,SR-32,,99998,Not Reported,42.80619722,42.80619722,-87.827958330,-87.82795833,0,No Special Jurisdiction,12,Motor Vehicle In-Transport,2,Front-to-Front,0,No,1,Non-Junction,1,Not an Intersection,0,None,,,1,On Roadway,2,Dark - Not Lighted,,,,,2,Rain,0,No,0000000,Not Applicable,6,6:00am-6:59am,21,21,6,6:00am-6:59am,25,25,7,7:00am-7:59am,20,20,,,,,,,1,
2022,55,550534,Wisconsin,1,1,0,0,0,2,2,35,EAU CLAIRE (35),0,NOT APPLICABLE,21,21,12,December,2022,4,Wednesday,17,5:00pm-5:59pm,6,6,1,This section IS ON the NHS,2,Urban,1,Interstate,1,State Highway Agency,1,Interstate,I-94,,99998,Not Reported,44.76806389,44.76806389,-91.504566670,-91.50456667,0,No Special Jurisdiction,1,Rollover/Overturn,0,The First Harmful Event was Not a Collision with a Motor Vehicle in Transport,0,No,1,Non-Junction,1,Not an Intersection,0,None,,,3,On Median,1,Daylight,,,,,4,Snow,0,No,0000000,Not Applicable,17,5:00pm-5:59pm,13,13,17,5:00pm-5:59pm,25,25,99,Unknown,99,Unknown EMS Hospital Arrival Time,,,,,,,1,
2022,55,550535,Wisconsin,1,1,0,0,0,1,1,25,DANE (25),0,NOT APPLICABLE,24,24,12,December,2022,7,Saturday,99,Unknown Hours,99,Unknown Minutes,0,This section IS NOT on the NHS,1,Rural,7,Local,3,Town or Township Highway Agency,5,Local Street - Township,HAMMOND RD,,0,None,42.88003889,42.88003889,-89.204188890,-89.20418889,0,No Special Jurisdiction,1,Rollover/Overturn,0,The First Harmful Event was Not a Collision with a Motor Vehicle in Transport,0,No,1,Non-Junction,1,Not an Intersection,0,None,,,4,On Roadside,9,Reported as Unknown,,,,,99,Reported as Unknown,0,No,0000000,Not Applicable,99,Unknown,99,Unknown,99,Unknown EMS Scene Arrival Hour,98,Unknown if Arrived,88,"Not Applicable (Not Transported) ",88,Not Applicable (Not Transported),,,,,,,1,
2022,55,550536,Wisconsin,2,2,0,0,0,2,2,141,WOOD (141),3840,PORT EDWARDS,24,24,12,December,2022,7,Saturday,12,12:00pm-12:59pm,10,10,0,This section IS NOT on the NHS,1,Rural,3,Principal Arterial - Other,1,State Highway Agency,3,State Highway,SR-13,,99998,Not Reported,44.33833333,44.33833333,-89.815691670,-89.81569167,0,No Special Jurisdiction,12,Motor Vehicle In-Transport,1,Front-to-Rear,0,No,1,Non-Junction,1,Not an Intersection,0,None,,,1,On Roadway,1,Daylight,,,,,1,Clear,0,No,0000000,Not Applicable,12,12:00pm-12:59pm,15,15,12,12:00pm-12:59pm,18,18,99,Unknown,99,Unknown EMS Hospital Arrival Time,,,,,,,1,
2022,55,550537,Wisconsin,2,2,0,0,0,5,5,111,SAUK (111),0,NOT APPLICABLE,28,28,12,December,2022,4,Wednesday,21,9:00pm-9:59pm,20,20,1,This section IS ON the NHS,2,Urban,1,Interstate,1,State Highway Agency,1,Interstate,I-90,,99998,Not Reported,43.61773333,43.61773333,-89.805133330,-89.80513333,0,No Special Jurisdiction,12,Motor Vehicle In-Transport,8,Sideswipe - Opposite Direction,0,No,1,Non-Junction,1,Not an Intersection,0,None,,,1,On Roadway,2,Dark - Not Lighted,,,,,10,Cloudy,0,No,0000000,Not Applicable,99,Unknown,99,Unknown,99,Unknown EMS Scene Arrival Hour,99,Unknown EMS Scene Arrival Minutes,99,Unknown,99,Unknown EMS Hospital Arrival Time,,,,,,,1,
2022,55,550538,Wisconsin,1,1,0,0,0,2,2,79,MILWAUKEE (79),3100,MILWAUKEE,10,10,12,December,2022,7,Saturday,3,3:00am-3:59am,6,6,0,This section IS NOT on the NHS,2,Urban,4,Minor Arterial,4,City or Municipal Highway Agency,6,Local Street - Municipality,N 91ST ST,,0,None,43.16827222,43.16827222,-88.024477780,-88.02447778,0,No Special Jurisdiction,42,Tree (Standing Only),0,The First Harmful Event was Not a Collision with a Motor Vehicle in Transport,0,No,1,Non-Junction,1,Not an Intersection,0,None,,,4,On Roadside,3,Dark - Lighted,,,,,2,Rain,0,No,0000000,Not Applicable,99,Unknown,99,Unknown,99,Unknown EMS Scene Arrival Hour,99,Unknown EMS Scene Arrival Minutes,99,Unknown,99,Unknown EMS Hospital Arrival Time,,,,,,,1,
2022,55,550539,Wisconsin,2,2,0,0,0,4,4,79,MILWAUKEE (79),3100,MILWAUKEE,6,6,12,December,2022,3,Tuesday,0,0:00am-0:59am,31,31,0,This section IS NOT on the NHS,2,Urban,4,Minor Arterial,4,City or Municipal Highway Agency,6,Local Street - Municipality,S 13TH ST,W OKLAHOMA AVE,0,None,42.98824167,42.98824167,-87.928794440,-87.92879444,0,No Special Jurisdiction,12,Motor Vehicle In-Transport,6,Angle,0,No,2,Intersection,2,Four-Way Intersection,0,None,,,1,On Roadway,3,Dark - Lighted,,,,,1,Clear,0,No,0000000,Not Applicable,99,Unknown,99,Unknown,99,Unknown EMS Scene Arrival Hour,99,Unknown EMS Scene Arrival Minutes,99,Unknown,99,Unknown EMS Hospital Arrival Time,,,,,,,1,
2022,55,550540,Wisconsin,1,1,0,1,1,1,1,79,MILWAUKEE (79),5270,WHITEFISH BAY,28,28,12,December,2022,4,Wednesday,17,5:00pm-5:59pm,35,35,0,This section IS NOT on the NHS,2,Urban,4,Minor Arterial,1,State Highway Agency,3,State Highway,SR-32,,99998,Not Reported,43.12265000,43.12265000,-87.904327780,-87.90432778,0,No Special Jurisdiction,8,Pedestrian,0,The First Harmful Event was Not a Collision with a Motor Vehicle in Transport,0,No,8,Driveway Access Related,1,Not an Intersection,0,None,,,6,Off Roadway-Location Unknown,3,Dark - Lighted,,,,,10,Cloudy,0,No,0000000,Not Applicable,17,5:00pm-5:59pm,41,41,17,5:00pm-5:59pm,45,45,88,"Not Applicable (Not Transported) ",88,Not Applicable (Not Transported),,,,,,,1,
2022,55,550541,Wisconsin,3,3,0,0,0,4,4,25,DANE (25),4940,VERONA,15,15,12,December,2022,5,Thursday,17,5:00pm-5:59pm,56,56,1,This section IS ON the NHS,2,Urban,3,Principal Arterial - Other,2,County Highway Agency,4,County Road,CR-M,,0,None,42.97301944,42.97301944,-89.524055560,-89.52405556,0,No Special Jurisdiction,12,Motor Vehicle In-Transport,2,Front-to-Front,0,No,1,Non-Junction,1,Not an Intersection,0,None,,,1,On Roadway,2,Dark - Not Lighted,,,,,10,Cloudy,0,No,0000000,Not Applicable,18,6:00pm-6:59pm,99,Unknown,18,6:00pm-6:59pm,99,Unknown EMS Scene Arrival Minutes,18,6:00pm-6:59pm,99,Unknown EMS Hospital Arrival Time,,,,,,,1,
2022,55,550542,Wisconsin,2,2,0,0,0,2,2,127,WALWORTH (127),0,NOT APPLICABLE,21,21,12,December,2022,4,Wednesday,10,10:00am-10:59am,11,11,1,This section IS ON the NHS,1,Rural,2,Principal Arterial - Other Freeways and Expressways,1,State Highway Agency,2,U.S. Highway,US-12,,99998,Not Reported,42.63437222,42.63437222,-88.477313890,-88.47731389,0,No Special Jurisdiction,12,Motor Vehicle In-Transport,6,Angle,0,No,1,Non-Junction,1,Not an Intersection,0,None,,,1,On Roadway,1,Daylight,,,,,10,Cloudy,0,No,0000000,Not Applicable,10,10:00am-10:59am,14,14,10,10:00am-10:59am,19,19,88,"Not Applicable (Not Transported) ",88,Not Applicable (Not Transported),,,,,,,1,
2022,55,550543,Wisconsin,3,3,0,2,2,3,3,79,MILWAUKEE (79),5160,WEST ALLIS,23,23,12,December,2022,6,Friday,9,9:00am-9:59am,4,4,1,This section IS ON the NHS,2,Urban,1,Interstate,1,State Highway Agency,1,Interstate,I-41,,99998,Not Reported,42.99841667,42.99841667,-88.037830560,-88.03783056,0,No Special Jurisdiction,12,Motor Vehicle In-Transport,1,Front-to-Rear,0,No,1,Non-Junction,1,Not an Intersection,0,None,,,1,On Roadway,1,Daylight,,,,,10,Cloudy,0,No,0000000,Not Applicable,9,9:00am-9:59am,8,8,9,9:00am-9:59am,16,16,9,9:00am-9:59am,32,32,,,,,,,1,
2022,55,550544,Wisconsin,1,1,0,0,0,1,1,69,LINCOLN (69),0,NOT APPLICABLE,26,26,12,December,2022,2,Monday,7,7:00am-7:59am,52,52,0,This section IS NOT on the NHS,1,Rural,5,Major Collector,2,County Highway Agency,4,County Road,CR-A,CR-U,0,None,45.50782778,45.50782778,-89.722116670,-89.72211667,0,No Special Jurisdiction,34,Ditch,0,The First Harmful Event was Not a Collision with a Motor Vehicle in Transport,0,No,3,Intersection-Related,3,T-Intersection,0,None,,,4,On Roadside,1,Daylight,,,,,10,Cloudy,0,No,0000000,Not Applicable,7,7:00am-7:59am,55,55,7,7:00am-7:59am,58,58,88,"Not Applicable (Not Transported) ",88,Not Applicable (Not Transported),,,,,,,1,
2022,55,550545,Wisconsin,3,2,1,0,0,4,4,53,JACKSON (53),540,BLACK RIVER FALLS,22,22,12,December,2022,5,Thursday,13,1:00pm-1:59pm,10,10,1,This section IS ON the NHS,2,Urban,1,Interstate,1,State Highway Agency,1,Interstate,I-94,,99998,Not Reported,44.30515278,44.30515278,-90.834283330,-90.83428333,0,No Special Jurisdiction,12,Motor Vehicle In-Transport,9,Rear-to-Side,0,No,1,Non-Junction,1,Not an Intersection,0,None,,,1,On Roadway,1,Daylight,,,,,10,Cloudy,0,No,0000000,Not Applicable,13,1:00pm-1:59pm,99,Unknown,13,1:00pm-1:59pm,12,12,99,Unknown,99,Unknown EMS Hospital Arrival Time,,,,,,,1,
2022,55,550546,Wisconsin,2,2,0,0,0,6,6,67,LANGLADE (67),0,NOT APPLICABLE,29,29,12,December,2022,5,Thursday,21,9:00pm-9:59pm,3,3,0,This section IS NOT on the NHS,1,Rural,6,Minor Collector,2,County Highway Agency,4,County Road,CR-H,LLOYD CREEK RD,0,None,45.26311389,45.26311389,-89.325011110,-89.32501111,0,No Special Jurisdiction,12,Motor Vehicle In-Transport,6,Angle,0,No,2,Intersection,2,Four-Way Intersection,0,None,,,1,On Roadway,2,Dark - Not Lighted,,,,,2,Rain,0,No,0000000,Not Applicable,99,Unknown,99,Unknown,99,Unknown EMS Scene Arrival Hour,99,Unknown EMS Scene Arrival Minutes,99,Unknown,99,Unknown EMS Hospital Arrival Time,,,,,,,1,
2022,55,550547,Wisconsin,2,2,0,0,0,3,3,79,MILWAUKEE (79),4380,SHOREWOOD,14,14,12,December,2022,4,Wednesday,11,11:00am-11:59am,16,16,1,This section IS ON the NHS,2,Urban,3,Principal Arterial - Other,1,State Highway Agency,3,State Highway,SR-190 CAPITOL DR W,,99998,Not Reported,43.08911111,43.08911111,-87.897719440,-87.89771944,0,No Special Jurisdiction,12,Motor Vehicle In-Transport,7,Sideswipe - Same Direction,0,No,1,Non-Junction,1,Not an Intersection,0,None,,,1,On Roadway,1,Daylight,,,,,2,Rain,0,No,0000000,Not Applicable,11,11:00am-11:59am,99,Unknown,99,Unknown EMS Scene Arrival Hour,99,Unknown EMS Scene Arrival Minutes,99,Unknown,99,Unknown EMS Hospital Arrival Time,,,,,,,1,
2022,55,550548,Wisconsin,1,1,0,1,1,1,1,79,MILWAUKEE (79),3100,MILWAUKEE,22,22,12,December,2022,5,Thursday,5,5:00am-5:59am,14,14,1,This section IS ON the NHS,2,Urban,3,Principal Arterial - Other,1,State Highway Agency,3,State Highway,SR-145 W FOND DU LAC AVE,N SHERMAN BLVD,99998,Not Reported,43.08303611,43.08303611,-87.967419440,-87.96741944,0,No Special Jurisdiction,8,Pedestrian,0,The First Harmful Event was Not a Collision with a Motor Vehicle in Transport,0,No,3,Intersection-Related,2,Four-Way Intersection,0,None,,,1,On Roadway,3,Dark - Lighted,,,,,4,Snow,0,No,0000000,Not Applicable,5,5:00am-5:59am,99,Unknown,99,Unknown EMS Scene Arrival Hour,99,Unknown EMS Scene Arrival Minutes,99,Unknown,99,Unknown EMS Hospital Arrival Time,,,,,,,1,
2022,55,550549,Wisconsin,10,10,0,0,0,14,14,79,MILWAUKEE (79),5130,WAUWATOSA,13,13,12,December,2022,3,Tuesday,12,12:00pm-12:59pm,5,5,1,This section IS ON the NHS,2,Urban,3,Principal Arterial - Other,1,State Highway Agency,3,State Highway,SR-100,SR-100,99998,Not Reported,43.03868056,43.03868056,-88.047263890,-88.04726389,0,No Special Jurisdiction,12,Motor Vehicle In-Transport,1,Front-to-Rear,0,No,3,Intersection-Related,2,Four-Way Intersection,0,None,,,1,On Roadway,1,Daylight,,,,,10,Cloudy,0,No,0000000,Not Applicable,12,12:00pm-12:59pm,5,5,12,12:00pm-12:59pm,5,5,12,12:00pm-12:59pm,30,30,,,,,,,3,
2022,55,550550,Wisconsin,2,2,0,0,0,4,4,79,MILWAUKEE (79),3100,MILWAUKEE,25,25,12,December,2022,1,Sunday,1,1:00am-1:59am,41,41,0,This section IS NOT on the NHS,2,Urban,4,Minor Arterial,4,City or Municipal Highway Agency,6,Local Street - Municipality,N 35TH ST,,0,None,43.08381111,43.08381111,-87.957169440,-87.95716944,0,No Special Jurisdiction,12,Motor Vehicle In-Transport,6,Angle,0,No,1,Non-Junction,1,Not an Intersection,0,None,,,1,On Roadway,3,Dark - Lighted,,,,,10,Cloudy,0,No,0000000,Not Applicable,99,Unknown,99,Unknown,99,Unknown EMS Scene Arrival Hour,99,Unknown EMS Scene Arrival Minutes,99,Unknown,99,Unknown EMS Hospital Arrival Time,,,,,,,1,
2022,55,550551,Wisconsin,1,1,0,1,1,1,1,79,MILWAUKEE (79),3100,MILWAUKEE,20,20,10,October,2022,5,Thursday,23,11:00pm-11:59pm,7,7,1,This section IS ON the NHS,2,Urban,3,Principal Arterial - Other,1,State Highway Agency,2,U.S. Highway,US-41,SILVER SPRING DR W,99998,Not Reported,43.11987778,43.11987778,-88.035072220,-88.03507222,0,No Special Jurisdiction,8,Pedestrian,0,The First Harmful Event was Not a Collision with a Motor Vehicle in Transport,0,No,3,Intersection-Related,2,Four-Way Intersection,0,None,,,1,On Roadway,3,Dark - Lighted,,,,,1,Clear,0,No,0000000,Not Applicable,99,Unknown,99,Unknown,99,Unknown EMS Scene Arrival Hour,99,Unknown EMS Scene Arrival Minutes,88,"Not Applicable (Not Transported) ",88,Not Applicable (Not Transported),,,,,,,1,
2022,55,550552,Wisconsin,1,1,0,1,1,1,1,79,MILWAUKEE (79),3100,MILWAUKEE,15,15,10,October,2022,7,Saturday,3,3:00am-3:59am,18,18,1,This section IS ON the NHS,2,Urban,1,Interstate,1,State Highway Agency,1,Interstate,I-43,,99998,Not Reported,43.04174444,43.04174444,-87.925005560,-87.92500556,0,No Special Jurisdiction,8,Pedestrian,0,The First Harmful Event was Not a Collision with a Motor Vehicle in Transport,0,No,1,Non-Junction,1,Not an Intersection,0,None,,,1,On Roadway,3,Dark - Lighted,,,,,1,Clear,0,No,0000000,Not Applicable,88,Not Applicable (Not Notified),88,Not Applicable (Not Notified),88,Not Applicable,88,Not Applicable,88,"Not Applicable (Not Transported) ",88,Not Applicable (Not Transported),,,,,,,1,