caseyear,state,st_case,statename,ve_total,ve_forms,pvh_invl,peds,pernotmvit,permvit,persons,county,countyname,city,cityname,day,dayname,month,monthname,year,day_week,day_weekname,hour,hourname,minute,minutename,nhs,nhsname,rur_urb,rur_urbname,func_sys,func_sysname,rd_owner,rd_ownername,route,routename,tway_id,tway_id2,milept,mileptname,latitude,latitudename,longitud,longitudname,sp_jur,sp_jurname,harm_ev,harm_evname,man_coll,man_collname,reljct1,reljct1name,reljct2,reljct2name,typ_int,typ_intname,wrk_zone,wrk_zonename,road_fnc,road_fncname,rel_road,rel_roadname,lgt_cond,lgt_condname,weather1,weather1name,weather2,weather2name,weather,weathername,sch_bus,sch_busname,rail,railname,not_hour,not_hourname,not_min,not_minname,arr_hour,arr_hourname,arr_min,arr_minname,hosp_hr,hosp_hrname,hosp_mn,hosp_mnname,cf1,cf1name,cf2,cf2name,cf3,cf3name,fatals,drunk_dr
2023,55,550022,Wisconsin,2,2,0,0,0,2,2,85,ONEIDA (85),0,NOT APPLICABLE,26,26,1,January,2023,5,Thursday,17,5:00pm-5:59pm,29,29,0,This Section IS NOT on the NHS,1,Rural,4,Minor Arterial,1,State Highway Agency,3,State Highway,SR-47,NONE,99998,Not Reported,45.73118056,45.73118056,-89.525908330,-89.52590833,0,No Special Jurisdiction,12,Motor Vehicle In-Transport,6,Angle,0,No,2,Intersection,11,Other Intersection Type,0,None,,,1,On Roadway,2,Dark - Not Lighted,,,,,1,Clear,0,No,0000000,Not Applicable,99,Unknown,99,Unknown,99,Unknown EMS Scene Arrival Hour,98,Unknown if Arrived,88,"Not Applicable (Not Transported) ",88,Not Applicable (Not Transported),,,,,,,1,
2023,55,550023,Wisconsin,1,1,0,0,0,1,1,29,DOOR (29),0,NOT APPLICABLE,28,28,1,January,2023,7,Saturday,99,Unknown Hours,99,Unknown Minutes,9,Unknown if This Section Is on the NHS,1,Rural,4,Minor Arterial,1,State Highway Agency,3,State Highway,SR-42,,99998,Not Reported,45.24915000,45.24915000,-87.082166670,-87.08216667,0,No Special Jurisdiction,34,Ditch,0,The First Harmful Event was Not a Collision with a Motor Vehicle in Transport,0,No,1,Non-Junction,1,Not an Intersection,0,None,,,4,On Roadside,2,Dark - Not Lighted,,,,,10,Cloudy,0,No,0000000,Not Applicable,5,5:00am-5:59am,8,8,5,5:00am-5:59am,18,18,88,"Not Applicable (Not Transported) ",88,Not Applicable (Not Transported),,,,,,,1,
2023,55,550024,Wisconsin,1,1,0,0,0,1,1,9,BROWN (9),0,NOT APPLICABLE,3,3,2,February,2023,6,Friday,12,12:00pm-12:59pm,32,32,0,This Section IS NOT on the NHS,1,Rural,7,Local,3,Town or Township Highway Agency,5,Township,TS-GLENMORE RD,,0,None,44.44098056,44.44098056,-87.927761110,-87.92776111,0,No Special Jurisdiction,35,Embankment,0,The First Harmful Event was Not a Collision with a Motor Vehicle in Transport,0,No,1,Non-Junction,1,Not an Intersection,0,None,,,4,On Roadside,1,Daylight,,,,,1,Clear,0,No,0000000,Not Applicable,12,12:00pm-12:59pm,35,35,12,12:00pm-12:59pm,45,45,13,1:00pm-1:59pm,33,33,,,,,,,1,
2023,55,550025,Wisconsin,1,1,0,0,0,1,1,131,WASHINGTON (131),0,NOT APPLICABLE,2,2,2,February,2023,5,Thursday,99,Unknown Hours,99,Unknown Minutes,0,This Section IS NOT on the NHS,1,Rural,7,Local,3,Town or Township Highway Agency,5,Township,TS-TURTLE RD,,0,None,43.37001111,43.37001111,-88.384147220,-88.38414722,0,No Special Jurisdiction,42,Tree (Standing Only),0,The First Harmful Event was Not a Collision with a Motor Vehicle in Transport,0,No,1,Non-Junction,1,Not an Intersection,0,None,,,4,On Roadside,9,Reported as Unknown,,,,,99,Reported as Unknown,0,No,0000000,Not Applicable,8,8:00am-8:59am,32,32,8,8:00am-8:59am,44,44,88,"Not Applicable (Not Transported) ",88,Not Applicable (Not Transported),,,,,,,1,
2023,55,550026,Wisconsin,1,1,0,0,0,3,3,39,FOND DU LAC (39),0,NOT APPLICABLE,21,21,1,January,2023,7,Saturday,3,3:00am-3:59am,20,20,0,This Section IS NOT on the NHS,1,Rural,7,Local,3,Town or Township Highway Agency,5,Township,TS-GOLF COURSE DR,,0,None,43.79059722,43.79059722,-88.336294440,-88.33629444,0,No Special Jurisdiction,42,Tree (Standing Only),0,The First Harmful Event was Not a Collision with a Motor Vehicle in Transport,0,No,1,Non-Junction,1,Not an Intersection,0,None,,,4,On Roadside,2,Dark - Not Lighted,,,,,1,Clear,0,No,0000000,Not Applicable,3,3:00am-3:59am,25,25,3,3:00am-3:59am,38,38,4,4:00am-4:59am,0,0,,,,,,,2,
2023,55,550027,Wisconsin,2,2,0,0,0,3,3,79,MILWAUKEE (79),3100,MILWAUKEE,27,27,1,January,2023,6,Friday,23,11:00pm-11:59pm,33,33,0,This Section IS NOT on the NHS,2,Urban,4,Minor Arterial,4,City or Municipal Highway Agency,6,Municipal,MU-N 35TH ST,,0,None,43.09433056,43.09433056,-87.956958330,-87.95695833,0,No Special Jurisdiction,12,Motor Vehicle In-Transport,2,Front-to-Front,0,No,1,Non-Junction,1,Not an Intersection,0,None,,,1,On Roadway,3,Dark - Lighted,,,,,1,Clear,0,No,0000000,Not Applicable,99,Unknown,99,Unknown,99,Unknown EMS Scene Arrival Hour,99,Unknown EMS Scene Arrival Minutes,99,Unknown,99,Unknown EMS Hospital Arrival Time,,,,,,,1,
2023,55,550028,Wisconsin,4,3,1,0,0,6,6,93,PIERCE (93),0,NOT APPLICABLE,6,6,2,February,2023,2,Monday,19,7:00pm-7:59pm,47,47,0,This Section IS NOT on the NHS,1,Rural,4,Minor Arterial,1,State Highway Agency,3,State Highway,SR-35,,99998,Not Reported,44.72754722,44.72754722,-92.729550000,-92.72955000,0,No Special Jurisdiction,12,Motor Vehicle In-Transport,6,Angle,0,No,1,Non-Junction,1,Not an Intersection,0,None,,,1,On Roadway,2,Dark - Not Lighted,,,,,4,Snow,0,No,0000000,Not Applicable,19,7:00pm-7:59pm,56,56,20,8:00pm-8:59pm,9,9,21,9:00pm-9:59pm,20,20,,,,,,,1,
2023,55,550029,Wisconsin,2,2,0,0,0,5,5,79,MILWAUKEE (79),3100,MILWAUKEE,17,17,1,January,2023,3,Tuesday,11,11:00am-11:59am,43,43,1,This Section IS ON the NHS,2,Urban,3,Other Principal Arterial,4,City or Municipal Highway Agency,6,Municipal,MU-N SHERMAN BLVD,W VILLARD AVE,0,None,43.11197778,43.11197778,-87.966405560,-87.96640556,0,No Special Jurisdiction,12,Motor Vehicle In-Transport,6,Angle,0,No,2,Intersection,2,Four-Way Intersection,0,None,,,1,On Roadway,1,Daylight,,,,,10,Cloudy,0,No,0000000,Not Applicable,99,Unknown,99,Unknown,99,Unknown EMS Scene Arrival Hour,99,Unknown EMS Scene Arrival Minutes,99,Unknown,99,Unknown EMS Hospital Arrival Time,,,,,,,1,
2023,55,550030,Wisconsin,2,2,0,0,0,7,7,79,MILWAUKEE (79),3100,MILWAUKEE,22,22,1,January,2023,1,Sunday,19,7:00pm-7:59pm,26,26,0,This Section IS NOT on the NHS,2,Urban,4,Minor Arterial,1,State Highway Agency,3,State Highway,SR-57,W NORTH AVE,99998,Not Reported,43.06055556,43.06055556,-87.937600000,-87.93760000,0,No Special Jurisdiction,12,Motor Vehicle In-Transport,6,Angle,0,No,2,Intersection,2,Four-Way Intersection,0,None,,,1,On Roadway,3,Dark - Lighted,,,,,10,Cloudy,0,No,0000000,Not Applicable,99,Unknown,99,Unknown,99,Unknown EMS Scene Arrival Hour,99,Unknown EMS Scene Arrival Minutes,99,Unknown,99,Unknown EMS Hospital Arrival Time,,,,,,,1,
2023,55,550031,Wisconsin,2,2,0,0,0,3,3,25,DANE (25),2780,MADISON,5,5,2,February,2023,1,Sunday,18,6:00pm-6:59pm,20,20,0,This Section IS NOT on the NHS,2,Urban,7,Local,2,County Highway Agency,4,County,CR-CV,ANHALT DR,0,None,43.14131667,43.14131667,-89.355166670,-89.35516667,0,No Special Jurisdiction,12,Motor Vehicle In-Transport,1,Front-to-Rear,0,No,3,Intersection-Related,3,T-Intersection,0,None,,,1,On Roadway,3,Dark - Lighted,,,,,1,Clear,0,No,0000000,Not Applicable,18,6:00pm-6:59pm,20,20,18,6:00pm-6:59pm,24,24,18,6:00pm-6:59pm,57,57,,,,,,,1,
2023,55,550032,Wisconsin,2,2,0,0,0,3,3,127,WALWORTH (127),0,NOT APPLICABLE,9,9,2,February,2023,5,Thursday,21,9:00pm-9:59pm,19,19,1,This Section IS ON the NHS,1,Rural,1,Interstate,1,State Highway Agency,1,Interstate,I-43,,99998,Not Reported,42.64455000,42.64455000,-88.593855560,-88.59385556,0,No Special Jurisdiction,12,Motor Vehicle In-Transport,2,Front-to-Front,0,No,1,Non-Junction,1,Not an Intersection,0,None,,,1,On Roadway,2,Dark - Not Lighted,,,,,10,Cloudy,0,No,0000000,Not Applicable,21,9:00pm-9:59pm,19,19,21,9:00pm-9:59pm,28,28,22,10:00pm-10:59pm,9,9,,,,,,,1,
2023,55,550033,Wisconsin,1,1,0,0,0,1,1,139,WINNEBAGO (139),0,NOT APPLICABLE,8,8,2,February,2023,4,Wednesday,2,2:00am-2:59am,0,0,1,This Section IS ON the NHS,1,Rural,2,Other Freeways and Expressways,1,State Highway Agency,2,U.S. Highway,US-10 RAMP,,99998,Not Reported,44.21786389,44.21786389,-88.538369440,-88.53836944,0,No Special Jurisdiction,1,Rollover/Overturn,0,The First Harmful Event was Not a Collision with a Motor Vehicle in Transport,1,Yes,5,Entrance/Exit Ramp Related,1,Not an Intersection,0,None,,,4,On Roadside,2,Dark - Not Lighted,,,,,1,Clear,0,No,0000000,Not Applicable,99,Unknown,99,Unknown,99,Unknown EMS Scene Arrival Hour,99,Unknown EMS Scene Arrival Minutes,99,Unknown,99,Unknown EMS Hospital Arrival Time,,,,,,,1,
2023,55,550034,Wisconsin,1,1,0,0,0,1,1,25,DANE (25),1724,FITCHBURG,12,12,2,February,2023,1,Sunday,19,7:00pm-7:59pm,18,18,1,This Section IS ON the NHS,2,Urban,3,Other Principal Arterial,2,County Highway Agency,4,County,CR-D,CAHILL MAIN,0,None,43.01651111,43.01651111,-89.422480560,-89.42248056,0,No Special Jurisdiction,33,Curb,0,The First Harmful Event was Not a Collision with a Motor Vehicle in Transport,1,Yes,3,Intersection-Related,2,Four-Way Intersection,0,None,,,4,On Roadside,3,Dark - Lighted,,,,,1,Clear,0,No,0000000,Not Applicable,19,7:00pm-7:59pm,18,18,19,7:00pm-7:59pm,23,23,19,7:00pm-7:59pm,49,49,,,,,,,1,
2023,55,550035,Wisconsin,1,1,0,1,1,1,1,103,RICHLAND (103),0,NOT APPLICABLE,7,7,2,February,2023,3,Tuesday,18,6:00pm-6:59pm,44,44,0,This Section IS NOT on the NHS,1,Rural,5,Major Collector,2,County Highway Agency,4,County,CR-B,,0,None,43.27853056,43.27853056,-90.297155560,-90.29715556,0,No Special Jurisdiction,8,Pedestrian,0,The First Harmful Event was Not a Collision with a Motor Vehicle in Transport,0,No,1,Non-Junction,1,Not an Intersection,0,None,,,1,On Roadway,2,Dark - Not Lighted,,,,,1,Clear,0,No,0000000,Not Applicable,18,6:00pm-6:59pm,45,45,18,6:00pm-6:59pm,55,55,99,Unknown,99,Unknown EMS Hospital Arrival Time,,,,,,,1,
2023,55,550036,Wisconsin,2,2,0,0,0,3,3,137,WAUSHARA (137),0,NOT APPLICABLE,5,5,2,February,2023,1,Sunday,12,12:00pm-12:59pm,2,2,1,This Section IS ON the NHS,1,Rural,3,Other Principal Arterial,1,State Highway Agency,3,State Highway,SR-21,22ND AVE,99998,Not Reported,44.05510833,44.05510833,-89.188605560,-89.18860556,0,No Special Jurisdiction,12,Motor Vehicle In-Transport,6,Angle,0,No,2,Intersection,2,Four-Way Intersection,0,None,,,1,On Roadway,1,Daylight,,,,,10,Cloudy,0,No,0000000,Not Applicable,12,12:00pm-12:59pm,5,5,12,12:00pm-12:59pm,16,16,13,1:00pm-1:59pm,34,34,,,,,,,1,
2023,55,550037,Wisconsin,1,1,0,1,1,1,1,79,MILWAUKEE (79),3100,MILWAUKEE,27,27,1,January,2023,6,Friday,21,9:00pm-9:59pm,39,39,0,This Section IS NOT on the NHS,2,Urban,4,Minor Arterial,4,City or Municipal Highway Agency,6,Municipal,MU-W BURLEIGH ST,,0,None,43.07521111,43.07521111,-87.955633330,-87.95563333,0,No Special Jurisdiction,8,Pedestrian,0,The First Harmful Event was Not a Collision with a Motor Vehicle in Transport,0,No,1,Non-Junction,1,Not an Intersection,0,None,,,1,On Roadway,3,Dark - Lighted,,,,,1,Clear,0,No,0000000,Not Applicable,99,Unknown,99,Unknown,99,Unknown EMS Scene Arrival Hour,99,Unknown EMS Scene Arrival Minutes,88,"Not Applicable (Not Transported) ",88,Not Applicable (Not Transported),,,,,,,1,
2023,55,550038,Wisconsin,3,3,0,0,0,9,9,95,POLK (95),0,NOT APPLICABLE,11,11,2,February,2023,7,Saturday,14,2:00pm-2:59pm,57,57,0,This Section IS NOT on the NHS,1,Rural,4,Minor Arterial,1,State Highway Agency,3,State Highway,SR-65,,99998,Not Reported,45.25385833,45.25385833,-92.498830560,-92.49883056,0,No Special Jurisdiction,12,Motor Vehicle In-Transport,6,Angle,0,No,1,Non-Junction,1,Not an Intersection,0,None,,,1,On Roadway,1,Daylight,,,,,1,Clear,0,No,0000000,Not Applicable,15,3:00pm-3:59pm,11,11,15,3:00pm-3:59pm,30,30,16,4:00pm-4:59pm,10,10,,,,,,,1,
2023,55,550039,Wisconsin,2,2,0,0,0,2,2,105,ROCK (105),0,NOT APPLICABLE,17,17,2,February,2023,6,Friday,8,8:00am-8:59am,26,26,1,This Section IS ON the NHS,1,Rural,3,Other Principal Arterial,1,State Highway Agency,3,State Highway,SR-81,,99998,Not Reported,42.55693056,42.55693056,-89.288605560,-89.28860556,0,No Special Jurisdiction,12,Motor Vehicle In-Transport,2,Front-to-Front,0,No,1,Non-Junction,1,Not an Intersection,0,None,,,1,On Roadway,1,Daylight,,,,,10,Cloudy,0,No,0000000,Not Applicable,8,8:00am-8:59am,27,27,8,8:00am-8:59am,41,41,9,9:00am-9:59am,28,28,,,,,,,1,
2023,55,550040,Wisconsin,2,2,0,0,0,2,2,105,ROCK (105),0,NOT APPLICABLE,27,27,1,January,2023,6,Friday,19,7:00pm-7:59pm,7,7,1,This Section IS ON the NHS,1,Rural,1,Interstate,1,State Highway Agency,1,Interstate,I-39,,99998,Not Reported,42.65426667,42.65426667,-88.983444440,-88.98344444,0,No Special Jurisdiction,12,Motor Vehicle In-Transport,1,Front-to-Rear,0,No,1,Non-Junction,1,Not an Intersection,0,None,,,1,On Roadway,2,Dark - Not Lighted,,,,,10,Cloudy,0,No,0000000,Not Applicable,19,7:00pm-7:59pm,9,9,19,7:00pm-7:59pm,19,19,88,"Not Applicable (Not Transported) ",88,Not Applicable (Not Transported),,,,,,,1,
2023,55,550041,Wisconsin,2,2,0,0,0,2,2,73,MARATHON (73),0,NOT APPLICABLE,15,15,2,February,2023,4,Wednesday,10,10:00am-10:59am,16,16,0,This Section IS NOT on the NHS,1,Rural,5,Major Collector,2,County Highway Agency,4,County,CR-A,,0,None,45.04763611,45.04763611,-90.023369440,-90.02336944,0,No Special Jurisdiction,12,Motor Vehicle In-Transport,2,Front-to-Front,0,No,1,Non-Junction,1,Not an Intersection,0,None,,,1,On Roadway,1,Daylight,,,,,2,Rain,0,No,0000000,Not Applicable,10,10:00am-10:59am,19,19,10,10:00am-10:59am,28,28,11,11:00am-11:59am,26,26,,,,,,,1,
2023,55,550042,Wisconsin,2,2,0,0,0,3,3,69,LINCOLN (69),0,NOT APPLICABLE,9,9,2,February,2023,5,Thursday,16,4:00pm-4:59pm,0,0,1,This Section IS ON the NHS,1,Rural,3,Other Principal Arterial,1,State Highway Agency,2,U.S. Highway,US-8,TANNERY RD,99998,Not Reported,45.53238611,45.53238611,-89.755027780,-89.75502778,0,No Special Jurisdiction,12,Motor Vehicle In-Transport,6,Angle,0,No,2,Intersection,2,Four-Way Intersection,0,None,,,1,On Roadway,1,Daylight,,,,,1,Clear,0,No,0000000,Not Applicable,16,4:00pm-4:59pm,4,4,16,4:00pm-4:59pm,10,10,99,Unknown,99,Unknown EMS Hospital Arrival Time,,,,,,,1,
2023,55,550043,Wisconsin,2,2,0,0,0,2,2,133,WAUKESHA (133),970,CHENEQUA,18,18,2,February,2023,7,Saturday,14,2:00pm-2:59pm,33,33,1,This Section IS ON the NHS,2,Urban,2,Other Freeways and Expressways,1,State Highway Agency,3,State Highway,SR-16,,99998,Not Reported,43.10234444,43.10234444,-88.383488890,-88.38348889,0,No Special Jurisdiction,12,Motor Vehicle In-Transport,2,Front-to-Front,0,No,1,Non-Junction,1,Not an Intersection,0,None,,,1,On Roadway,1,Daylight,,,,,1,Clear,0,No,0000000,Not Applicable,14,2:00pm-2:59pm,30,30,14,2:00pm-2:59pm,35,35,99,Unknown,99,Unknown EMS Hospital Arrival Time,,,,,,,1,
2023,55,550044,Wisconsin,1,1,0,0,0,1,1,25,DANE (25),0,NOT APPLICABLE,19,19,2,February,2023,1,Sunday,2,2:00am-2:59am,44,44,0,This Section IS NOT on the NHS,1,Rural,5,Major Collector,2,County Highway Agency,4,County,CR-G,,0,None,42.95909722,42.95909722,-89.640988890,-89.64098889,0,No Special Jurisdiction,34,Ditch,0,The First Harmful Event was Not a Collision with a Motor Vehicle in Transport,0,No,1,Non-Junction,1,Not an Intersection,0,None,,,4,On Roadside,2,Dark - Not Lighted,,,,,1,Clear,0,No,0000000,Not Applicable,99,Unknown,99,Unknown,99,Unknown EMS Scene Arrival Hour,99,Unknown EMS Scene Arrival Minutes,99,Unknown,99,Unknown EMS Hospital Arrival Time,,,,,,,1,
2023,55,550045,Wisconsin,2,2,0,0,0,4,4,79,MILWAUKEE (79),3100,MILWAUKEE,30,30,1,January,2023,2,Monday,12,12:00pm-12:59pm,49,49,0,This Section IS NOT on the NHS,2,Urban,4,Minor Arterial,4,City or Municipal Highway Agency,6,Municipal,MU-W VLIET ST,N 27TH ST,0,None,43.04865278,43.04865278,-87.947883330,-87.94788333,0,No Special Jurisdiction,12,Motor Vehicle In-Transport,6,Angle,0,No,2,Intersection,2,Four-Way Intersection,0,None,,,1,On Roadway,1,Daylight,,,,,10,Cloudy,0,No,0000000,Not Applicable,99,Unknown,99,Unknown,99,Unknown EMS Scene Arrival Hour,99,Unknown EMS Scene Arrival Minutes,99,Unknown,99,Unknown EMS Hospital Arrival Time,,,,,,,1,
2023,55,550046,Wisconsin,2,2,0,0,0,4,4,85,ONEIDA (85),0,NOT APPLICABLE,21,21,2,February,2023,3,Tuesday,11,11:00am-11:59am,52,52,0,This Section IS NOT on the NHS,1,Rural,5,Major Collector,2,County Highway Agency,4,County,CR-A,,0,None,45.77790556,45.77790556,-89.194905560,-89.19490556,0,No Special Jurisdiction,12,Motor Vehicle In-Transport,6,Angle,0,No,1,Non-Junction,1,Not an Intersection,0,None,,,1,On Roadway,1,Daylight,,,,,1,Clear,0,No,0000000,Not Applicable,11,11:00am-11:59am,52,52,11,11:00am-11:59am,56,56,99,Unknown,99,Unknown EMS Hospital Arrival Time,,,,,,,2,
2023,55,550047,Wisconsin,1,1,0,1,1,1,1,79,MILWAUKEE (79),3100,MILWAUKEE,14,14,2,February,2023,3,Tuesday,19,7:00pm-7:59pm,42,42,0,This Section IS NOT on the NHS,2,Urban,5,Major Collector,4,City or Municipal Highway Agency,6,Municipal,MU-N 99TH ST,,0,None,43.15441667,43.15441667,-88.034850000,-88.03485000,0,No Special Jurisdiction,8,Pedestrian,0,The First Harmful Event was Not a Collision with a Motor Vehicle in Transport,0,No,1,Non-Junction,1,Not an Intersection,0,None,,,1,On Roadway,3,Dark - Lighted,,,,,2,Rain,0,No,0000000,Not Applicable,99,Unknown,99,Unknown,99,Unknown EMS Scene Arrival Hour,99,Unknown EMS Scene Arrival Minutes,88,"Not Applicable (Not Transported) ",88,Not Applicable (Not Transported),,,,,,,1,
2023,55,550048,Wisconsin,2,2,0,0,0,2,2,39,FOND DU LAC (39),0,NOT APPLICABLE,19,19,2,February,2023,1,Sunday,17,5:00pm-5:59pm,45,45,1,This Section IS ON the NHS,1,Rural,2,Other Freeways and Expressways,1,State Highway Agency,3,State Highway,SR-26,,99998,Not Reported,43.67191944,43.67191944,-88.682519440,-88.68251944,0,No Special Jurisdiction,12,Motor Vehicle In-Transport,2,Front-to-Front,0,No,1,Non-Junction,1,Not an Intersection,0,None,,,1,On Roadway,2,Dark - Not Lighted,,,,,1,Clear,0,No,0000000,Not Applicable,17,5:00pm-5:59pm,45,45,17,5:00pm-5:59pm,52,52,18,6:00pm-6:59pm,0,0,,,,,,,1,
2023,55,550049,Wisconsin,2,2,0,0,0,3,3,113,SAWYER (113),0,NOT APPLICABLE,28,28,2,February,2023,3,Tuesday,5,5:00am-5:59am,50,50,1,This Section IS ON the NHS,1,Rural,3,Other Principal Arterial,1,State Highway Agency,2,U.S. Highway,US-63,,99998,Not Reported,46.14143056,46.14143056,-91.338966670,-91.33896667,0,No Special Jurisdiction,12,Motor Vehicle In-Transport,2,Front-to-Front,0,No,1,Non-Junction,1,Not an Intersection,0,None,,,1,On Roadway,2,Dark - Not Lighted,,,,,1,Clear,0,No,0000000,Not Applicable,5,5:00am-5:59am,56,56,6,6:00am-6:59am,15,15,6,6:00am-6:59am,56,56,,,,,,,1,
2023,55,550050,Wisconsin,3,3,0,0,0,4,4,25,DANE (25),4720,SUN PRAIRIE,14,14,1,January,2023,7,Saturday,20,8:00pm-8:59pm,40,40,1,This Section IS ON the NHS,1,Rural,2,Other Freeways and Expressways,1,State Highway Agency,2,U.S. Highway,US-151,,99998,Not Reported,43.16477500,43.16477500,-89.263333330,-89.26333333,0,No Special Jurisdiction,12,Motor Vehicle In-Transport,1,Front-to-Rear,1,Yes,18,Through Roadway,1,Not an Intersection,0,None,,,1,On Roadway,2,Dark - Not Lighted,,,,,10,Cloudy,0,No,0000000,Not Applicable,99,Unknown,99,Unknown,99,Unknown EMS Scene Arrival Hour,99,Unknown EMS Scene Arrival Minutes,99,Unknown,99,Unknown EMS Hospital Arrival Time,,,,,,,1,
2023,55,550051,Wisconsin,2,2,0,0,0,2,2,87,OUTAGAMIE (87),0,NOT APPLICABLE,24,24,2,February,2023,6,Friday,17,5:00pm-5:59pm,38,38,0,This Section IS NOT on the NHS,1,Rural,98,Not Reported,2,County Highway Agency,4,County,CR-D,SCHWEITZER RD,0,None,44.50232222,44.50232222,-88.721055560,-88.72105556,0,No Special Jurisdiction,12,Motor Vehicle In-Transport,6,Angle,0,No,2,Intersection,2,Four-Way Intersection,0,None,,,1,On Roadway,5,Dusk,,,,,1,Clear,0,No,0000000,Not Applicable,99,Unknown,99,Unknown,99,Unknown EMS Scene Arrival Hour,99,Unknown EMS Scene Arrival Minutes,99,Unknown,99,Unknown EMS Hospital Arrival Time,,,,,,,1,
2023,55,550052,Wisconsin,2,2,0,0,0,2,2,105,ROCK (105),0,NOT APPLICABLE,5,5,3,March,2023,1,Sunday,7,7:00am-7:59am,10,10,0,This Section IS NOT on the NHS,1,Rural,4,Minor Arterial,1,State Highway Agency,3,State Highway,SR-67,,99998,Not Reported,42.50680000,42.50680000,-88.819288890,-88.81928889,0,No Special Jurisdiction,12,Motor Vehicle In-Transport,6,Angle,0,No,1,Non-Junction,1,Not an Intersection,0,None,,,1,On Roadway,4,Dawn,,,,,10,Cloudy,0,No,0000000,Not Applicable,7,7:00am-7:59am,11,11,7,7:00am-7:59am,24,24,7,7:00am-7:59am,59,59,,,,,,,1,
2023,55,550053,Wisconsin,2,2,0,0,0,4,4,79,MILWAUKEE (79),3100,MILWAUKEE,1,1,1,January,2023,1,Sunday,7,7:00am-7:59am,30,30,1,This Section IS ON the NHS,2,Urban,3,Other Principal Arterial,2,County Highway Agency,4,County,CR-PP,,0,None,43.14846667,43.14846667,-88.034583330,-88.03458333,0,No Special Jurisdiction,12,Motor Vehicle In-Transport,1,Front-to-Rear,0,No,1,Non-Junction,1,Not an Intersection,0,None,,,1,On Roadway,4,Dawn,,,,,10,Cloudy,0,No,0000000,Not Applicable,99,Unknown,99,Unknown,99,Unknown EMS Scene Arrival Hour,99,Unknown EMS Scene Arrival Minutes,99,Unknown,99,Unknown EMS Hospital Arrival Time,,,,,,,1,
2023,55,550054,Wisconsin,1,1,0,0,0,1,1,111,SAUK (111),2515,LAKE DELTON,4,4,3,March,2023,7,Saturday,2,2:00am-2:59am,48,48,0,This Section IS NOT on the NHS,2,Urban,7,Local,4,City or Municipal Highway Agency,0,Not Signed,FRONTAGE RD W,GASSER RD,0,None,43.57575278,43.57575278,-89.778905560,-89.77890556,0,No Special Jurisdiction,33,Curb,0,The First Harmful Event was Not a Collision with a Motor Vehicle in Transport,1,Yes,3,Intersection-Related,2,Four-Way Intersection,0,None,,,4,On Roadside,3,Dark - Lighted,,,,,1,Clear,0,No,0000000,Not Applicable,2,2:00am-2:59am,49,49,2,2:00am-2:59am,55,55,99,Unknown,99,Unknown EMS Hospital Arrival Time,,,,,,,1,
2023,55,550055,Wisconsin,2,2,0,0,0,3,3,79,MILWAUKEE (79),3100,MILWAUKEE,27,27,2,February,2023,2,Monday,23,11:00pm-11:59pm,38,38,0,This Section IS NOT on the NHS,2,Urban,4,Minor Arterial,4,City or Municipal Highway Agency,6,Municipal,MU-W ATKINSON AVE,N 12TH ST,0,None,43.08503056,43.08503056,-87.925963890,-87.92596389,0,No Special Jurisdiction,12,Motor Vehicle In-Transport,6,Angle,0,No,2,Intersection,2,Four-Way Intersection,0,None,,,1,On Roadway,3,Dark - Lighted,,,,,10,Cloudy,0,No,0000000,Not Applicable,99,Unknown,99,Unknown,99,Unknown EMS Scene Arrival Hour,99,Unknown EMS Scene Arrival Minutes,99,Unknown,99,Unknown EMS Hospital Arrival Time,,,,,,,1,
2023,55,550056,Wisconsin,3,1,2,0,0,5,5,101,RACINE (101),3970,RACINE,28,28,2,February,2023,3,Tuesday,22,10:00pm-10:59pm,28,28,0,This Section IS NOT on the NHS,2,Urban,7,Local,4,City or Municipal Highway Agency,6,Municipal,MU-MEAD ST,,0,None,42.70844444,42.70844444,-87.792550000,-87.79255000,0,No Special Jurisdiction,14,Parked Motor Vehicle,0,The First Harmful Event was Not a Collision with a Motor Vehicle in Transport,0,No,1,Non-Junction,1,Not an Intersection,0,None,,,7,In Parking Lane/Zone,3,Dark - Lighted,,,,,1,Clear,0,No,0000000,Not Applicable,22,10:00pm-10:59pm,29,29,22,10:00pm-10:59pm,32,32,22,10:00pm-10:59pm,57,57,,,,,,,1,
2023,55,550057,Wisconsin,2,2,0,0,0,2,2,101,RACINE (101),9997,Other,6,6,3,March,2023,2,Monday,18,6:00pm-6:59pm,0,0,0,This Section IS NOT on the NHS,2,Urban,3,Other Principal Arterial,1,State Highway Agency,2,U.S. Highway,US-45,CR-KR,99998,Not Reported,42.66980833,42.66980833,-88.051641670,-88.05164167,0,No Special Jurisdiction,12,Motor Vehicle In-Transport,6,Angle,0,No,2,Intersection,2,Four-Way Intersection,0,None,,,1,On Roadway,2,Dark - Not Lighted,,,,,10,Cloudy,0,No,0000000,Not Applicable,18,6:00pm-6:59pm,40,40,18,6:00pm-6:59pm,46,46,88,"Not Applicable (Not Transported) ",88,Not Applicable (Not Transported),,,,,,,1,
2023,55,550058,Wisconsin,1,1,0,0,0,3,3,25,DANE (25),2780,MADISON,2,2,3,March,2023,5,Thursday,12,12:00pm-12:59pm,15,15,0,This Section IS NOT on the NHS,2,Urban,4,Minor Arterial,4,City or Municipal Highway Agency,6,Municipal,MU-S GAMMON RD,,0,None,43.04811389,43.04811389,-89.503177780,-89.50317778,0,No Special Jurisdiction,33,Curb,0,The First Harmful Event was Not a Collision with a Motor Vehicle in Transport,0,No,1,Non-Junction,1,Not an Intersection,0,None,,,4,On Roadside,1,Daylight,,,,,1,Clear,0,No,0000000,Not Applicable,12,12:00pm-12:59pm,15,15,12,12:00pm-12:59pm,19,19,99,Unknown,99,Unknown EMS Hospital Arrival Time,,,,,,,1,