caseyear,state,st_case,statename,ve_total,ve_forms,pvh_invl,peds,pernotmvit,permvit,persons,county,countyname,city,cityname,day,dayname,month,monthname,year,day_week,day_weekname,hour,hourname,minute,minutename,nhs,nhsname,rur_urb,rur_urbname,func_sys,func_sysname,rd_owner,rd_ownername,route,routename,tway_id,tway_id2,milept,mileptname,latitude,latitudename,longitud,longitudname,sp_jur,sp_jurname,harm_ev,harm_evname,man_coll,man_collname,reljct1,reljct1name,reljct2,reljct2name,typ_int,typ_intname,wrk_zone,wrk_zonename,road_fnc,road_fncname,rel_road,rel_roadname,lgt_cond,lgt_condname,weather1,weather1name,weather2,weather2name,weather,weathername,sch_bus,sch_busname,rail,railname,not_hour,not_hourname,not_min,not_minname,arr_hour,arr_hourname,arr_min,arr_minname,hosp_hr,hosp_hrname,hosp_mn,hosp_mnname,cf1,cf1name,cf2,cf2name,cf3,cf3name,fatals,drunk_dr
2023,55,550059,Wisconsin,3,3,0,0,0,4,4,79,MILWAUKEE (79),3100,MILWAUKEE,5,5,2,February,2023,1,Sunday,10,10:00am-10:59am,5,5,1,This Section IS ON the NHS,2,Urban,3,Other Principal Arterial,1,State Highway Agency,3,State Highway,SR-190,N 60TH ST,99998,Not Reported,43.09007222,43.09007222,-87.987044440,-87.98704444,0,No Special Jurisdiction,12,Motor Vehicle In-Transport,6,Angle,0,No,2,Intersection,2,Four-Way Intersection,0,None,,,1,On Roadway,1,Daylight,,,,,1,Clear,0,No,0000000,Not Applicable,99,Unknown,99,Unknown,99,Unknown EMS Scene Arrival Hour,99,Unknown EMS Scene Arrival Minutes,88,"Not Applicable (Not Transported) ",88,Not Applicable (Not Transported),,,,,,,1,
2023,55,550060,Wisconsin,1,1,0,0,0,1,1,95,POLK (95),0,NOT APPLICABLE,27,27,2,February,2023,2,Monday,99,Unknown Hours,99,Unknown Minutes,0,This Section IS NOT on the NHS,1,Rural,3,Other Principal Arterial,1,State Highway Agency,3,State Highway,SR-35,,99998,Not Reported,45.28713333,45.28713333,-92.697663890,-92.69766389,0,No Special Jurisdiction,1,Rollover/Overturn,0,The First Harmful Event was Not a Collision with a Motor Vehicle in Transport,0,No,1,Non-Junction,1,Not an Intersection,0,None,,,4,On Roadside,2,Dark - Not Lighted,,,,,4,Snow,0,No,0000000,Not Applicable,5,5:00am-5:59am,13,13,5,5:00am-5:59am,21,21,5,5:00am-5:59am,39,39,,,,,,,1,
2023,55,550061,Wisconsin,1,1,0,1,1,2,2,79,MILWAUKEE (79),3100,MILWAUKEE,1,1,3,March,2023,4,Wednesday,19,7:00pm-7:59pm,21,21,1,This Section IS ON the NHS,2,Urban,3,Other Principal Arterial,1,State Highway Agency,3,State Highway,SR-241,,99998,Not Reported,42.94274722,42.94274722,-87.949233330,-87.94923333,0,No Special Jurisdiction,8,Pedestrian,0,The First Harmful Event was Not a Collision with a Motor Vehicle in Transport,0,No,1,Non-Junction,1,Not an Intersection,0,None,,,1,On Roadway,3,Dark - Lighted,,,,,1,Clear,0,No,0000000,Not Applicable,99,Unknown,99,Unknown,99,Unknown EMS Scene Arrival Hour,98,Unknown if Arrived,88,"Not Applicable (Not Transported) ",88,Not Applicable (Not Transported),,,,,,,1,
2023,55,550062,Wisconsin,2,2,0,0,0,2,2,79,MILWAUKEE (79),2015,GREENFIELD,20,20,1,January,2023,6,Friday,9,9:00am-9:59am,36,36,1,This Section IS ON the NHS,2,Urban,1,Interstate,1,State Highway Agency,1,Interstate,I-41,,99998,Not Reported,42.97369444,42.97369444,-88.038280560,-88.03828056,0,No Special Jurisdiction,12,Motor Vehicle In-Transport,7,Sideswipe - Same Direction,1,Yes,18,Through Roadway,1,Not an Intersection,0,None,,,1,On Roadway,1,Daylight,,,,,10,Cloudy,0,No,0000000,Not Applicable,99,Unknown,99,Unknown,99,Unknown EMS Scene Arrival Hour,99,Unknown EMS Scene Arrival Minutes,99,Unknown,99,Unknown EMS Hospital Arrival Time,,,,,,,1,
2023,55,550063,Wisconsin,2,2,0,0,0,3,3,39,FOND DU LAC (39),0,NOT APPLICABLE,10,10,3,March,2023,6,Friday,4,4:00am-4:59am,7,7,1,This Section IS ON the NHS,1,Rural,1,Interstate,1,State Highway Agency,1,Interstate,I-41,,99998,Not Reported,43.83140278,43.83140278,-88.540419440,-88.54041944,0,No Special Jurisdiction,51,Jackknife (harmful to this vehicle),0,The First Harmful Event was Not a Collision with a Motor Vehicle in Transport,0,No,1,Non-Junction,1,Not an Intersection,0,None,,,1,On Roadway,2,Dark - Not Lighted,,,,,4,Snow,0,No,0000000,Not Applicable,4,4:00am-4:59am,13,13,4,4:00am-4:59am,30,30,5,5:00am-5:59am,14,14,,,,,,,1,
2023,55,550064,Wisconsin,1,1,0,0,0,1,1,133,WAUKESHA (133),0,NOT APPLICABLE,17,17,3,March,2023,6,Friday,99,Unknown Hours,99,Unknown Minutes,1,This Section IS ON the NHS,1,Rural,3,Other Principal Arterial,2,County Highway Agency,4,County,CR-C,,0,None,43.02974167,43.02974167,-88.404105560,-88.40410556,0,No Special Jurisdiction,42,Tree (Standing Only),0,The First Harmful Event was Not a Collision with a Motor Vehicle in Transport,0,No,1,Non-Junction,1,Not an Intersection,0,None,,,4,On Roadside,2,Dark - Not Lighted,,,,,2,Rain,0,No,0000000,Not Applicable,5,5:00am-5:59am,41,41,5,5:00am-5:59am,45,45,6,6:00am-6:59am,37,37,,,,,,,1,
2023,55,550065,Wisconsin,2,2,0,0,0,2,2,81,MONROE (81),0,NOT APPLICABLE,16,16,3,March,2023,5,Thursday,10,10:00am-10:59am,47,47,0,This Section IS NOT on the NHS,1,Rural,4,Minor Arterial,1,State Highway Agency,3,State Highway,SR-131,COUNTY HWY A,99998,Not Reported,43.89748889,43.89748889,-90.489722220,-90.48972222,0,No Special Jurisdiction,12,Motor Vehicle In-Transport,6,Angle,0,No,2,Intersection,2,Four-Way Intersection,0,None,,,1,On Roadway,1,Daylight,,,,,10,Cloudy,0,No,0000000,Not Applicable,88,Not Applicable (Not Notified),88,Not Applicable (Not Notified),88,Not Applicable,88,Not Applicable,88,"Not Applicable (Not Transported) ",88,Not Applicable (Not Transported),,,,,,,1,
2023,55,550066,Wisconsin,1,1,0,1,1,1,1,101,RACINE (101),795,CALEDONIA,25,25,2,February,2023,7,Saturday,0,0:00am-0:59am,17,17,1,This Section IS ON the NHS,2,Urban,3,Other Principal Arterial,1,State Highway Agency,3,State Highway,SR-31,,99998,Not Reported,42.80574167,42.80574167,-87.835819440,-87.83581944,0,No Special Jurisdiction,8,Pedestrian,0,The First Harmful Event was Not a Collision with a Motor Vehicle in Transport,0,No,1,Non-Junction,1,Not an Intersection,0,None,,,1,On Roadway,2,Dark - Not Lighted,,,,,4,Snow,0,No,0000000,Not Applicable,0,0:00am-0:59am,17,17,0,0:00am-0:59am,22,22,99,Unknown,96,Terminated Transport,,,,,,,1,
2023,55,550067,Wisconsin,2,2,0,0,0,6,6,75,MARINETTE (75),0,NOT APPLICABLE,16,16,3,March,2023,5,Thursday,16,4:00pm-4:59pm,3,3,0,This Section IS NOT on the NHS,1,Rural,5,Major Collector,2,County Highway Agency,4,County,CR-X,NEWTON LAKE RD,0,None,45.31208611,45.31208611,-88.123308330,-88.12330833,0,No Special Jurisdiction,12,Motor Vehicle In-Transport,6,Angle,0,No,2,Intersection,2,Four-Way Intersection,0,None,,,1,On Roadway,1,Daylight,,,,,10,Cloudy,0,No,0000000,Not Applicable,16,4:00pm-4:59pm,15,15,16,4:00pm-4:59pm,30,30,17,5:00pm-5:59pm,7,7,,,,,,,1,
2023,55,550068,Wisconsin,1,1,0,0,0,1,1,49,IOWA (49),0,NOT APPLICABLE,15,15,3,March,2023,4,Wednesday,99,Unknown Hours,99,Unknown Minutes,0,This Section IS NOT on the NHS,1,Rural,7,Local,3,Town or Township Highway Agency,99,Unknown/Not Reported,BRENNAN RD,,99998,Not Reported,42.94534722,42.94534722,-90.118425000,-90.11842500,0,No Special Jurisdiction,21,Bridge Pier or Support,0,The First Harmful Event was Not a Collision with a Motor Vehicle in Transport,0,No,1,Non-Junction,1,Not an Intersection,0,None,,,4,On Roadside,9,Reported as Unknown,,,,,1,Clear,0,No,0000000,Not Applicable,9,9:00am-9:59am,11,11,9,9:00am-9:59am,21,21,88,"Not Applicable (Not Transported) ",88,Not Applicable (Not Transported),,,,,,,1,
2023,55,550069,Wisconsin,2,2,0,0,0,3,3,121,TREMPEALEAU (121),0,NOT APPLICABLE,17,17,3,March,2023,6,Friday,8,8:00am-8:59am,0,0,0,This Section IS NOT on the NHS,1,Rural,3,Other Principal Arterial,1,State Highway Agency,2,U.S. Highway,US-53,,99998,Not Reported,44.07127500,44.07127500,-91.313819440,-91.31381944,0,No Special Jurisdiction,12,Motor Vehicle In-Transport,2,Front-to-Front,0,No,1,Non-Junction,1,Not an Intersection,0,None,,,1,On Roadway,1,Daylight,,,,,10,Cloudy,0,No,0000000,Not Applicable,99,Unknown,99,Unknown,99,Unknown EMS Scene Arrival Hour,99,Unknown EMS Scene Arrival Minutes,99,Unknown,99,Unknown EMS Hospital Arrival Time,,,,,,,1,
2023,55,550070,Wisconsin,2,2,0,0,0,2,2,133,WAUKESHA (133),3352,NEW BERLIN,13,13,3,March,2023,2,Monday,10,10:00am-10:59am,55,55,1,This Section IS ON the NHS,2,Urban,3,Other Principal Arterial,2,County Highway Agency,4,County,CR-D,160TH ST S,0,None,42.99541111,42.99541111,-88.113497220,-88.11349722,0,No Special Jurisdiction,12,Motor Vehicle In-Transport,1,Front-to-Rear,1,Yes,3,Intersection-Related,3,T-Intersection,0,None,,,1,On Roadway,1,Daylight,,,,,1,Clear,0,No,0000000,Not Applicable,99,Unknown,99,Unknown,99,Unknown EMS Scene Arrival Hour,99,Unknown EMS Scene Arrival Minutes,99,Unknown,99,Unknown EMS Hospital Arrival Time,,,,,,,1,
2023,55,550072,Wisconsin,1,1,0,0,0,1,1,79,MILWAUKEE (79),3100,MILWAUKEE,12,12,3,March,2023,1,Sunday,15,3:00pm-3:59pm,5,5,1,This Section IS ON the NHS,2,Urban,1,Interstate,1,State Highway Agency,1,Interstate,I-94,,99998,Not Reported,43.03583333,43.03583333,-87.940613890,-87.94061389,0,No Special Jurisdiction,24,Guardrail Face,0,The First Harmful Event was Not a Collision with a Motor Vehicle in Transport,0,No,1,Non-Junction,1,Not an Intersection,0,None,,,4,On Roadside,1,Daylight,,,,,10,Cloudy,0,No,0000000,Not Applicable,15,3:00pm-3:59pm,22,22,15,3:00pm-3:59pm,31,31,88,"Not Applicable (Not Transported) ",88,Not Applicable (Not Transported),,,,,,,1,
2023,55,550073,Wisconsin,1,1,0,0,0,1,1,79,MILWAUKEE (79),4490,SOUTH MILWAUKEE,22,22,3,March,2023,4,Wednesday,3,3:00am-3:59am,17,17,0,This Section IS NOT on the NHS,2,Urban,4,Minor Arterial,1,State Highway Agency,3,State Highway,SR-32,,0,None,42.91629444,42.91629444,-87.859447220,-87.85944722,0,No Special Jurisdiction,33,Curb,0,The First Harmful Event was Not a Collision with a Motor Vehicle in Transport,0,No,1,Non-Junction,1,Not an Intersection,0,None,,,4,On Roadside,3,Dark - Lighted,,,,,10,Cloudy,0,No,0000000,Not Applicable,4,4:00am-4:59am,39,39,4,4:00am-4:59am,47,47,88,"Not Applicable (Not Transported) ",88,Not Applicable (Not Transported),,,,,,,1,
2023,55,550074,Wisconsin,2,2,0,0,0,4,4,15,CALUMET (15),9997,Other,11,11,3,March,2023,7,Saturday,20,8:00pm-8:59pm,4,4,1,This Section IS ON the NHS,2,Urban,3,Other Principal Arterial,1,State Highway Agency,2,U.S. Highway,US-10 SR-114 PLANK RD,ONEIDA RD,99998,Not Reported,44.21204444,44.21204444,-88.404300000,-88.40430000,0,No Special Jurisdiction,12,Motor Vehicle In-Transport,6,Angle,0,No,2,Intersection,2,Four-Way Intersection,0,None,,,1,On Roadway,3,Dark - Lighted,,,,,10,Cloudy,0,No,0000000,Not Applicable,20,8:00pm-8:59pm,10,10,20,8:00pm-8:59pm,16,16,99,Unknown,99,Unknown EMS Hospital Arrival Time,,,,,,,1,
2023,55,550075,Wisconsin,1,1,0,0,0,1,1,25,DANE (25),0,NOT APPLICABLE,17,17,3,March,2023,6,Friday,18,6:00pm-6:59pm,43,43,1,This Section IS ON the NHS,1,Rural,2,Other Freeways and Expressways,1,State Highway Agency,2,U.S. Highway,US-18,,99998,Not Reported,43.00443611,43.00443611,-89.691747220,-89.69174722,0,No Special Jurisdiction,35,Embankment,0,The First Harmful Event was Not a Collision with a Motor Vehicle in Transport,0,No,1,Non-Junction,1,Not an Intersection,0,None,,,4,On Roadside,5,Dusk,,,,,1,Clear,0,No,0000000,Not Applicable,99,Unknown,99,Unknown,99,Unknown EMS Scene Arrival Hour,99,Unknown EMS Scene Arrival Minutes,88,"Not Applicable (Not Transported) ",88,Not Applicable (Not Transported),,,,,,,1,
2023,55,550076,Wisconsin,1,1,0,0,0,1,1,27,DODGE (27),380,BEAVER DAM,19,19,3,March,2023,1,Sunday,0,0:00am-0:59am,26,26,0,This Section IS NOT on the NHS,1,Rural,4,Minor Arterial,1,State Highway Agency,2,U.S. Highway,US-151,CR-B,99998,Not Reported,43.48666944,43.48666944,-88.813516670,-88.81351667,0,No Special Jurisdiction,33,Curb,0,The First Harmful Event was Not a Collision with a Motor Vehicle in Transport,1,Yes,3,Intersection-Related,2,Four-Way Intersection,0,None,,,3,On Median,3,Dark - Lighted,,,,,10,Cloudy,0,No,0000000,Not Applicable,0,0:00am-0:59am,27,27,0,0:00am-0:59am,36,36,1,1:00am-1:59am,3,3,,,,,,,1,
2023,55,550077,Wisconsin,2,2,0,0,0,2,2,51,IRON (51),2230,HURLEY,15,15,3,March,2023,4,Wednesday,13,1:00pm-1:59pm,0,0,0,This Section IS NOT on the NHS,1,Rural,3,Other Principal Arterial,1,State Highway Agency,2,U.S. Highway,US-51,,99998,Not Reported,46.43776944,46.43776944,-90.182511110,-90.18251111,0,No Special Jurisdiction,12,Motor Vehicle In-Transport,2,Front-to-Front,0,No,1,Non-Junction,1,Not an Intersection,0,None,,,1,On Roadway,1,Daylight,,,,,1,Clear,0,No,0000000,Not Applicable,99,Unknown,99,Unknown,99,Unknown EMS Scene Arrival Hour,99,Unknown EMS Scene Arrival Minutes,88,"Not Applicable (Not Transported) ",88,Not Applicable (Not Transported),,,,,,,1,
2023,55,550078,Wisconsin,2,2,0,0,0,6,6,63,LA CROSSE (63),3560,ONALASKA,19,19,3,March,2023,1,Sunday,14,2:00pm-2:59pm,3,3,1,This Section IS ON the NHS,2,Urban,2,Other Freeways and Expressways,1,State Highway Agency,3,State Highway,SR-157,US-53,99998,Not Reported,43.87642500,43.87642500,-91.209875000,-91.20987500,0,No Special Jurisdiction,12,Motor Vehicle In-Transport,1,Front-to-Rear,1,Yes,3,Intersection-Related,11,Other Intersection Type,0,None,,,1,On Roadway,1,Daylight,,,,,1,Clear,0,No,0000000,Not Applicable,99,Unknown,99,Unknown,99,Unknown EMS Scene Arrival Hour,99,Unknown EMS Scene Arrival Minutes,99,Unknown,99,Unknown EMS Hospital Arrival Time,,,,,,,1,
2023,55,550079,Wisconsin,1,1,0,0,0,1,1,39,FOND DU LAC (39),0,NOT APPLICABLE,5,5,3,March,2023,1,Sunday,15,3:00pm-3:59pm,52,52,0,This Section IS NOT on the NHS,1,Rural,5,Major Collector,2,County Highway Agency,4,County,CR-S,,0,None,43.54662778,43.54662778,-88.220538890,-88.22053889,0,No Special Jurisdiction,32,Culvert,0,The First Harmful Event was Not a Collision with a Motor Vehicle in Transport,0,No,1,Non-Junction,1,Not an Intersection,0,None,,,4,On Roadside,1,Daylight,,,,,1,Clear,0,No,0000000,Not Applicable,15,3:00pm-3:59pm,53,53,16,4:00pm-4:59pm,0,0,99,Unknown,99,Unknown EMS Hospital Arrival Time,,,,,,,1,
2023,55,550080,Wisconsin,1,1,0,0,0,1,1,133,WAUKESHA (133),708,BROOKFIELD,24,24,3,March,2023,6,Friday,19,7:00pm-7:59pm,5,5,1,This Section IS ON the NHS,2,Urban,1,Interstate,1,State Highway Agency,1,Interstate,I-94,,99998,Not Reported,43.02428611,43.02428611,-88.109541670,-88.10954167,0,No Special Jurisdiction,42,Tree (Standing Only),0,The First Harmful Event was Not a Collision with a Motor Vehicle in Transport,1,Yes,19,Other location within Interchange Area,1,Not an Intersection,0,None,,,8,Gore,1,Daylight,,,,,1,Clear,0,No,0000000,Not Applicable,19,7:00pm-7:59pm,8,8,19,7:00pm-7:59pm,14,14,88,"Not Applicable (Not Transported) ",88,Not Applicable (Not Transported),,,,,,,1,
2023,55,550081,Wisconsin,1,1,0,1,1,2,2,79,MILWAUKEE (79),3100,MILWAUKEE,2,2,3,March,2023,5,Thursday,14,2:00pm-2:59pm,20,20,1,This Section IS ON the NHS,2,Urban,3,Other Principal Arterial,4,City or Municipal Highway Agency,6,Municipal,MU-S LAYTON BLVD,W GREENFIELD AVE,0,None,43.01688611,43.01688611,-87.947836110,-87.94783611,0,No Special Jurisdiction,8,Pedestrian,0,The First Harmful Event was Not a Collision with a Motor Vehicle in Transport,0,No,3,Intersection-Related,2,Four-Way Intersection,0,None,,,1,On Roadway,1,Daylight,,,,,10,Cloudy,0,No,0000000,Not Applicable,99,Unknown,99,Unknown,99,Unknown EMS Scene Arrival Hour,99,Unknown EMS Scene Arrival Minutes,99,Unknown,99,Unknown EMS Hospital Arrival Time,,,,,,,1,
2023,55,550082,Wisconsin,1,1,0,0,0,1,1,133,WAUKESHA (133),0,NOT APPLICABLE,28,28,3,March,2023,3,Tuesday,19,7:00pm-7:59pm,23,23,0,This Section IS NOT on the NHS,1,Rural,5,Major Collector,2,County Highway Agency,4,County,CR-CW,,0,None,43.17859444,43.17859444,-88.386083330,-88.38608333,0,No Special Jurisdiction,42,Tree (Standing Only),0,The First Harmful Event was Not a Collision with a Motor Vehicle in Transport,0,No,1,Non-Junction,1,Not an Intersection,0,None,,,4,On Roadside,5,Dusk,,,,,10,Cloudy,0,No,0000000,Not Applicable,19,7:00pm-7:59pm,25,25,19,7:00pm-7:59pm,37,37,88,"Not Applicable (Not Transported) ",88,Not Applicable (Not Transported),,,,,,,1,
2023,55,550083,Wisconsin,1,1,0,0,0,1,1,139,WINNEBAGO (139),0,NOT APPLICABLE,30,30,3,March,2023,5,Thursday,15,3:00pm-3:59pm,32,32,0,This Section IS NOT on the NHS,1,Rural,3,Other Principal Arterial,1,State Highway Agency,3,State Highway,SR-21,,99998,Not Reported,44.04773611,44.04773611,-88.770613890,-88.77061389,0,No Special Jurisdiction,32,Culvert,0,The First Harmful Event was Not a Collision with a Motor Vehicle in Transport,0,No,1,Non-Junction,1,Not an Intersection,0,None,,,4,On Roadside,1,Daylight,,,,,10,Cloudy,0,No,0000000,Not Applicable,15,3:00pm-3:59pm,32,32,15,3:00pm-3:59pm,45,45,88,"Not Applicable (Not Transported) ",88,Not Applicable (Not Transported),,,,,,,1,
2023,55,550084,Wisconsin,1,1,0,1,1,3,3,109,ST CROIX (109),0,NOT APPLICABLE,27,27,3,March,2023,2,Monday,0,0:00am-0:59am,45,45,0,This Section IS NOT on the NHS,1,Rural,7,Local,3,Town or Township Highway Agency,5,Township,TS-160TH AVE,,0,None,45.09323333,45.09323333,-92.647050000,-92.64705000,0,No Special Jurisdiction,8,Pedestrian,0,The First Harmful Event was Not a Collision with a Motor Vehicle in Transport,0,No,1,Non-Junction,1,Not an Intersection,0,None,,,1,On Roadway,2,Dark - Not Lighted,,,,,1,Clear,0,No,0000000,Not Applicable,88,Not Applicable (Not Notified),88,Not Applicable (Not Notified),88,Not Applicable,88,Not Applicable,88,"Not Applicable (Not Transported) ",88,Not Applicable (Not Transported),,,,,,,1,
2023,55,550085,Wisconsin,3,3,0,0,0,4,4,133,WAUKESHA (133),5060,WAUKESHA,29,29,3,March,2023,4,Wednesday,20,8:00pm-8:59pm,5,5,1,This Section IS ON the NHS,2,Urban,3,Other Principal Arterial,1,State Highway Agency,2,U.S. Highway,US-18,S WEST AVE,0,None,42.97714444,42.97714444,-88.235700000,-88.23570000,0,No Special Jurisdiction,12,Motor Vehicle In-Transport,6,Angle,0,No,2,Intersection,2,Four-Way Intersection,0,None,,,1,On Roadway,3,Dark - Lighted,,,,,1,Clear,0,No,0000000,Not Applicable,99,Unknown,99,Unknown,99,Unknown EMS Scene Arrival Hour,99,Unknown EMS Scene Arrival Minutes,99,Unknown,99,Unknown EMS Hospital Arrival Time,,,,,,,1,
2023,55,550086,Wisconsin,3,3,0,0,0,4,4,133,WAUKESHA (133),0,NOT APPLICABLE,23,23,3,March,2023,5,Thursday,18,6:00pm-6:59pm,43,43,1,This Section IS ON the NHS,2,Urban,3,Other Principal Arterial,1,State Highway Agency,3,State Highway,SR-190,,99998,Not Reported,43.08330278,43.08330278,-88.178313890,-88.17831389,0,No Special Jurisdiction,12,Motor Vehicle In-Transport,6,Angle,0,No,8,Driveway Access Related,1,Not an Intersection,0,None,,,1,On Roadway,1,Daylight,,,,,1,Clear,0,No,0000000,Not Applicable,18,6:00pm-6:59pm,44,44,18,6:00pm-6:59pm,53,53,19,7:00pm-7:59pm,27,27,,,,,,,1,
2023,55,550087,Wisconsin,1,1,0,0,0,2,2,55,JEFFERSON (55),0,NOT APPLICABLE,1,1,4,April,2023,7,Saturday,20,8:00pm-8:59pm,36,36,0,This Section IS NOT on the NHS,1,Rural,4,Minor Arterial,1,State Highway Agency,3,State Highway,SR-106,,99998,Not Reported,42.88954444,42.88954444,-88.603988890,-88.60398889,0,No Special Jurisdiction,1,Rollover/Overturn,0,The First Harmful Event was Not a Collision with a Motor Vehicle in Transport,0,No,1,Non-Junction,1,Not an Intersection,0,None,,,4,On Roadside,2,Dark - Not Lighted,,,,,1,Clear,0,No,0000000,Not Applicable,20,8:00pm-8:59pm,36,36,20,8:00pm-8:59pm,44,44,88,"Not Applicable (Not Transported) ",88,Not Applicable (Not Transported),,,,,,,2,
2023,55,550088,Wisconsin,1,1,0,0,0,1,1,25,DANE (25),1724,FITCHBURG,1,1,4,April,2023,7,Saturday,99,Unknown Hours,99,Unknown Minutes,1,This Section IS ON the NHS,2,Urban,2,Other Freeways and Expressways,1,State Highway Agency,2,U.S. Highway,US-14,,99998,Not Reported,42.94589722,42.94589722,-89.370758330,-89.37075833,0,No Special Jurisdiction,42,Tree (Standing Only),0,The First Harmful Event was Not a Collision with a Motor Vehicle in Transport,0,No,1,Non-Junction,1,Not an Intersection,0,None,,,3,On Median,9,Reported as Unknown,,,,,99,Reported as Unknown,0,No,0000000,Not Applicable,7,7:00am-7:59am,21,21,7,7:00am-7:59am,30,30,8,8:00am-8:59am,24,24,,,,,,,1,
2023,55,550089,Wisconsin,1,1,0,1,1,1,1,79,MILWAUKEE (79),3100,MILWAUKEE,30,30,3,March,2023,5,Thursday,21,9:00pm-9:59pm,28,28,1,This Section IS ON the NHS,2,Urban,3,Other Principal Arterial,1,State Highway Agency,3,State Highway,SR-190,N 88TH ST,99998,Not Reported,43.08972500,43.08972500,-88.022741670,-88.02274167,0,No Special Jurisdiction,8,Pedestrian,0,The First Harmful Event was Not a Collision with a Motor Vehicle in Transport,0,No,3,Intersection-Related,2,Four-Way Intersection,0,None,,,1,On Roadway,3,Dark - Lighted,,,,,1,Clear,0,No,0000000,Not Applicable,99,Unknown,99,Unknown,99,Unknown EMS Scene Arrival Hour,99,Unknown EMS Scene Arrival Minutes,99,Unknown,99,Unknown EMS Hospital Arrival Time,,,,,,,1,
2023,55,550090,Wisconsin,1,1,0,0,0,1,1,71,MANITOWOC (71),0,NOT APPLICABLE,29,29,3,March,2023,4,Wednesday,9,9:00am-9:59am,27,27,0,This Section IS NOT on the NHS,1,Rural,5,Major Collector,2,County Highway Agency,4,County,CR-V,,0,None,44.24043056,44.24043056,-87.575238890,-87.57523889,0,No Special Jurisdiction,1,Rollover/Overturn,0,The First Harmful Event was Not a Collision with a Motor Vehicle in Transport,0,No,1,Non-Junction,1,Not an Intersection,0,None,,,4,On Roadside,1,Daylight,,,,,10,Cloudy,0,No,0000000,Not Applicable,9,9:00am-9:59am,31,31,9,9:00am-9:59am,42,42,88,"Not Applicable (Not Transported) ",88,Not Applicable (Not Transported),,,,,,,1,
2023,55,550091,Wisconsin,2,2,0,0,0,2,2,49,IOWA (49),0,NOT APPLICABLE,7,7,4,April,2023,6,Friday,6,6:00am-6:59am,4,4,1,This Section IS ON the NHS,1,Rural,3,Other Principal Arterial,1,State Highway Agency,2,U.S. Highway,US-14,,99998,Not Reported,43.16158056,43.16158056,-89.945080560,-89.94508056,0,No Special Jurisdiction,12,Motor Vehicle In-Transport,2,Front-to-Front,0,No,1,Non-Junction,1,Not an Intersection,0,None,,,1,On Roadway,4,Dawn,,,,,1,Clear,0,No,0000000,Not Applicable,6,6:00am-6:59am,6,6,6,6:00am-6:59am,14,14,99,Unknown,99,Unknown EMS Hospital Arrival Time,,,,,,,1,
2023,55,550092,Wisconsin,1,1,0,0,0,2,2,55,JEFFERSON (55),2530,LAKE MILLS,6,6,4,April,2023,5,Thursday,19,7:00pm-7:59pm,23,23,1,This Section IS ON the NHS,1,Rural,1,Interstate,1,State Highway Agency,1,Interstate,I-94,,99998,Not Reported,43.09053611,43.09053611,-88.900666670,-88.90066667,0,No Special Jurisdiction,1,Rollover/Overturn,0,The First Harmful Event was Not a Collision with a Motor Vehicle in Transport,0,No,1,Non-Junction,1,Not an Intersection,0,None,,,3,On Median,1,Daylight,,,,,1,Clear,0,No,0000000,Not Applicable,19,7:00pm-7:59pm,30,30,19,7:00pm-7:59pm,34,34,99,Unknown,99,Unknown EMS Hospital Arrival Time,,,,,,,1,
2023,55,550093,Wisconsin,1,1,0,0,0,1,1,117,SHEBOYGAN (117),0,NOT APPLICABLE,30,30,3,March,2023,5,Thursday,19,7:00pm-7:59pm,54,54,0,This Section IS NOT on the NHS,1,Rural,4,Minor Arterial,1,State Highway Agency,3,State Highway,SR-28,,99998,Not Reported,43.55327500,43.55327500,-88.077211110,-88.07721111,0,No Special Jurisdiction,1,Rollover/Overturn,0,The First Harmful Event was Not a Collision with a Motor Vehicle in Transport,0,No,1,Non-Junction,1,Not an Intersection,0,None,,,4,On Roadside,2,Dark - Not Lighted,,,,,10,Cloudy,0,No,0000000,Not Applicable,19,7:00pm-7:59pm,57,57,99,Unknown EMS Scene Arrival Hour,99,Unknown EMS Scene Arrival Minutes,88,"Not Applicable (Not Transported) ",88,Not Applicable (Not Transported),,,,,,,1,
2023,55,550094,Wisconsin,2,2,0,0,0,2,2,59,KENOSHA (59),2400,KENOSHA,12,12,4,April,2023,4,Wednesday,12,12:00pm-12:59pm,4,4,9,Unknown if This Section Is on the NHS,2,Urban,98,Not Reported,1,State Highway Agency,3,State Highway,SR-31,,99998,Not Reported,42.57028611,42.57028611,-87.886583330,-87.88658333,0,No Special Jurisdiction,1,Rollover/Overturn,0,The First Harmful Event was Not a Collision with a Motor Vehicle in Transport,0,No,8,Driveway Access Related,1,Not an Intersection,4,"Work Zone, Type Unknown",,,1,On Roadway,1,Daylight,,,,,1,Clear,0,No,0000000,Not Applicable,12,12:00pm-12:59pm,4,4,12,12:00pm-12:59pm,13,13,88,"Not Applicable (Not Transported) ",88,Not Applicable (Not Transported),,,,,,,1,
2023,55,550095,Wisconsin,2,2,0,0,0,2,2,25,DANE (25),2780,MADISON,7,7,4,April,2023,6,Friday,2,2:00am-2:59am,46,46,1,This Section IS ON the NHS,1,Rural,1,Interstate,1,State Highway Agency,1,Interstate,I-39,,99998,Not Reported,43.08282500,43.08282500,-89.282908330,-89.28290833,0,No Special Jurisdiction,12,Motor Vehicle In-Transport,2,Front-to-Front,0,No,1,Non-Junction,1,Not an Intersection,0,None,,,1,On Roadway,2,Dark - Not Lighted,,,,,1,Clear,0,No,0000000,Not Applicable,2,2:00am-2:59am,48,48,2,2:00am-2:59am,59,59,99,Unknown,99,Unknown EMS Hospital Arrival Time,,,,,,,1,