caseyear,state,st_case,statename,ve_total,ve_forms,pvh_invl,peds,pernotmvit,permvit,persons,county,countyname,city,cityname,day,dayname,month,monthname,year,day_week,day_weekname,hour,hourname,minute,minutename,nhs,nhsname,rur_urb,rur_urbname,func_sys,func_sysname,rd_owner,rd_ownername,route,routename,tway_id,tway_id2,milept,mileptname,latitude,latitudename,longitud,longitudname,sp_jur,sp_jurname,harm_ev,harm_evname,man_coll,man_collname,reljct1,reljct1name,reljct2,reljct2name,typ_int,typ_intname,wrk_zone,wrk_zonename,road_fnc,road_fncname,rel_road,rel_roadname,lgt_cond,lgt_condname,weather1,weather1name,weather2,weather2name,weather,weathername,sch_bus,sch_busname,rail,railname,not_hour,not_hourname,not_min,not_minname,arr_hour,arr_hourname,arr_min,arr_minname,hosp_hr,hosp_hrname,hosp_mn,hosp_mnname,cf1,cf1name,cf2,cf2name,cf3,cf3name,fatals,drunk_dr
2023,55,550096,Wisconsin,1,1,0,0,0,1,1,131,WASHINGTON (131),0,NOT APPLICABLE,7,7,4,April,2023,6,Friday,0,0:00am-0:59am,13,13,0,This Section IS NOT on the NHS,1,Rural,7,Local,3,Town or Township Highway Agency,5,Township,TS-RIDGE RD,,0,None,43.48486667,43.48486667,-88.240158330,-88.24015833,0,No Special Jurisdiction,32,Culvert,0,The First Harmful Event was Not a Collision with a Motor Vehicle in Transport,0,No,1,Non-Junction,1,Not an Intersection,0,None,,,4,On Roadside,2,Dark - Not Lighted,,,,,10,Cloudy,0,No,0000000,Not Applicable,0,0:00am-0:59am,15,15,0,0:00am-0:59am,35,35,88,"Not Applicable (Not Transported) ",88,Not Applicable (Not Transported),,,,,,,1,
2023,55,550097,Wisconsin,1,1,0,0,0,1,1,127,WALWORTH (127),0,NOT APPLICABLE,10,10,4,April,2023,2,Monday,8,8:00am-8:59am,50,50,1,This Section IS ON the NHS,1,Rural,1,Interstate,1,State Highway Agency,1,Interstate,I-43,,99998,Not Reported,42.81775000,42.81775000,-88.361886110,-88.36188611,0,No Special Jurisdiction,34,Ditch,0,The First Harmful Event was Not a Collision with a Motor Vehicle in Transport,0,No,1,Non-Junction,1,Not an Intersection,0,None,,,4,On Roadside,1,Daylight,,,,,1,Clear,0,No,0000000,Not Applicable,8,8:00am-8:59am,50,50,8,8:00am-8:59am,56,56,88,"Not Applicable (Not Transported) ",88,Not Applicable (Not Transported),,,,,,,1,
2023,55,550098,Wisconsin,1,1,0,1,1,3,3,25,DANE (25),2780,MADISON,15,15,2,February,2023,4,Wednesday,21,9:00pm-9:59pm,27,27,0,This Section IS NOT on the NHS,2,Urban,4,Minor Arterial,4,City or Municipal Highway Agency,6,Municipal,MU-SCHROEDER RD,,0,None,43.04628333,43.04628333,-89.493850000,-89.49385000,0,No Special Jurisdiction,8,Pedestrian,0,The First Harmful Event was Not a Collision with a Motor Vehicle in Transport,1,Yes,99,Reported as Unknown,99,Reported as Unknown,0,None,,,1,On Roadway,3,Dark - Lighted,,,,,1,Clear,0,No,0000000,Not Applicable,21,9:00pm-9:59pm,37,37,99,Unknown EMS Scene Arrival Hour,99,Unknown EMS Scene Arrival Minutes,88,"Not Applicable (Not Transported) ",88,Not Applicable (Not Transported),,,,,,,1,
2023,55,550099,Wisconsin,2,2,0,0,0,3,3,9,BROWN (9),0,NOT APPLICABLE,12,12,4,April,2023,4,Wednesday,21,9:00pm-9:59pm,15,15,0,This Section IS NOT on the NHS,2,Urban,5,Major Collector,4,City or Municipal Highway Agency,6,Municipal,MU-FRENCH RD,,0,None,44.39558333,44.39558333,-88.154550000,-88.15455000,0,No Special Jurisdiction,12,Motor Vehicle In-Transport,2,Front-to-Front,0,No,1,Non-Junction,1,Not an Intersection,0,None,,,1,On Roadway,2,Dark - Not Lighted,,,,,10,Cloudy,0,No,0000000,Not Applicable,21,9:00pm-9:59pm,15,15,99,Unknown EMS Scene Arrival Hour,99,Unknown EMS Scene Arrival Minutes,99,Unknown,99,Unknown EMS Hospital Arrival Time,,,,,,,1,
2023,55,550100,Wisconsin,1,1,0,1,1,1,1,79,MILWAUKEE (79),3100,MILWAUKEE,14,14,4,April,2023,6,Friday,8,8:00am-8:59am,27,27,0,This Section IS NOT on the NHS,2,Urban,4,Minor Arterial,4,City or Municipal Highway Agency,6,Municipal,MU-N 91ST ST,,0,None,43.14962222,43.14962222,-88.025147220,-88.02514722,0,No Special Jurisdiction,8,Pedestrian,0,The First Harmful Event was Not a Collision with a Motor Vehicle in Transport,0,No,1,Non-Junction,1,Not an Intersection,0,None,,,1,On Roadway,1,Daylight,,,,,1,Clear,0,No,0000000,Not Applicable,8,8:00am-8:59am,27,27,99,Unknown EMS Scene Arrival Hour,99,Unknown EMS Scene Arrival Minutes,99,Unknown,99,Unknown EMS Hospital Arrival Time,,,,,,,1,
2023,55,550101,Wisconsin,1,1,0,0,0,1,1,29,DOOR (29),0,NOT APPLICABLE,14,14,4,April,2023,6,Friday,15,3:00pm-3:59pm,45,45,0,This Section IS NOT on the NHS,1,Rural,7,Local,3,Town or Township Highway Agency,5,Township,TS-MILL RD,,0,None,44.72437778,44.72437778,-87.488847220,-87.48884722,0,No Special Jurisdiction,1,Rollover/Overturn,0,The First Harmful Event was Not a Collision with a Motor Vehicle in Transport,0,No,1,Non-Junction,1,Not an Intersection,0,None,,,1,On Roadway,1,Daylight,,,,,1,Clear,0,No,0000000,Not Applicable,15,3:00pm-3:59pm,46,46,15,3:00pm-3:59pm,57,57,16,4:00pm-4:59pm,32,32,,,,,,,1,
2023,55,550102,Wisconsin,3,2,1,0,0,2,2,79,MILWAUKEE (79),3100,MILWAUKEE,4,4,4,April,2023,3,Tuesday,0,0:00am-0:59am,26,26,1,This Section IS ON the NHS,2,Urban,3,Other Principal Arterial,4,City or Municipal Highway Agency,6,Municipal,MU-LAYTON BLVD,W LINCOLN AVE,0,None,43.00316944,43.00316944,-87.948127780,-87.94812778,0,No Special Jurisdiction,12,Motor Vehicle In-Transport,6,Angle,0,No,2,Intersection,2,Four-Way Intersection,0,None,,,1,On Roadway,3,Dark - Lighted,,,,,10,Cloudy,0,No,0000000,Not Applicable,99,Unknown,99,Unknown,99,Unknown EMS Scene Arrival Hour,99,Unknown EMS Scene Arrival Minutes,99,Unknown,99,Unknown EMS Hospital Arrival Time,,,,,,,1,
2023,55,550103,Wisconsin,1,1,0,2,2,2,2,123,VERNON (123),0,NOT APPLICABLE,9,9,4,April,2023,1,Sunday,16,4:00pm-4:59pm,23,23,0,This Section IS NOT on the NHS,1,Rural,7,Local,3,Town or Township Highway Agency,5,Township,TS-SANDHILL RD,,0,None,43.67573056,43.67573056,-90.650677780,-90.65067778,0,No Special Jurisdiction,49,Ridden Animal or Animal Drawn Conveyance,0,The First Harmful Event was Not a Collision with a Motor Vehicle in Transport,0,No,1,Non-Junction,1,Not an Intersection,0,None,,,1,On Roadway,1,Daylight,,,,,1,Clear,0,No,0000000,Not Applicable,16,4:00pm-4:59pm,28,28,16,4:00pm-4:59pm,40,40,88,"Not Applicable (Not Transported) ",88,Not Applicable (Not Transported),,,,,,,1,
2023,55,550104,Wisconsin,2,2,0,0,0,2,2,55,JEFFERSON (55),0,NOT APPLICABLE,12,12,4,April,2023,4,Wednesday,18,6:00pm-6:59pm,25,25,0,This Section IS NOT on the NHS,1,Rural,4,Minor Arterial,1,State Highway Agency,3,State Highway,SR-106,MEHRING RD,99998,Not Reported,42.93255278,42.93255278,-88.660169440,-88.66016944,0,No Special Jurisdiction,12,Motor Vehicle In-Transport,6,Angle,0,No,2,Intersection,2,Four-Way Intersection,0,None,,,1,On Roadway,1,Daylight,,,,,1,Clear,0,No,0000000,Not Applicable,18,6:00pm-6:59pm,26,26,18,6:00pm-6:59pm,29,29,88,"Not Applicable (Not Transported) ",88,Not Applicable (Not Transported),,,,,,,1,
2023,55,550105,Wisconsin,2,2,0,0,0,2,2,27,DODGE (27),0,NOT APPLICABLE,14,14,4,April,2023,6,Friday,18,6:00pm-6:59pm,10,10,1,This Section IS ON the NHS,1,Rural,3,Other Principal Arterial,1,State Highway Agency,3,State Highway,SR-33,,99998,Not Reported,43.44415278,43.44415278,-88.607991670,-88.60799167,0,No Special Jurisdiction,12,Motor Vehicle In-Transport,6,Angle,0,No,8,Driveway Access Related,1,Not an Intersection,0,None,,,1,On Roadway,1,Daylight,,,,,1,Clear,0,No,0000000,Not Applicable,18,6:00pm-6:59pm,11,11,18,6:00pm-6:59pm,20,20,88,"Not Applicable (Not Transported) ",88,Not Applicable (Not Transported),,,,,,,1,
2023,55,550106,Wisconsin,1,1,0,0,0,1,1,39,FOND DU LAC (39),3430,N FOND DU LAC,16,16,4,April,2023,1,Sunday,0,0:00am-0:59am,31,31,0,This Section IS NOT on the NHS,1,Rural,5,Major Collector,3,Town or Township Highway Agency,5,Township,TS-PIONEER RD N,,0,None,43.80721667,43.80721667,-88.495913890,-88.49591389,0,No Special Jurisdiction,1,Rollover/Overturn,0,The First Harmful Event was Not a Collision with a Motor Vehicle in Transport,0,No,1,Non-Junction,1,Not an Intersection,0,None,,,1,On Roadway,3,Dark - Lighted,,,,,10,Cloudy,0,No,0000000,Not Applicable,99,Unknown,99,Unknown,99,Unknown EMS Scene Arrival Hour,99,Unknown EMS Scene Arrival Minutes,99,Unknown,99,Unknown EMS Hospital Arrival Time,,,,,,,1,
2023,55,550107,Wisconsin,1,1,0,0,0,2,2,59,KENOSHA (59),0,NOT APPLICABLE,15,15,4,April,2023,7,Saturday,15,3:00pm-3:59pm,37,37,0,This Section IS NOT on the NHS,1,Rural,6,Minor Collector,2,County Highway Agency,4,County,CR-J,,0,None,42.65672778,42.65672778,-88.188125000,-88.18812500,0,No Special Jurisdiction,1,Rollover/Overturn,0,The First Harmful Event was Not a Collision with a Motor Vehicle in Transport,0,No,1,Non-Junction,1,Not an Intersection,0,None,,,1,On Roadway,1,Daylight,,,,,10,Cloudy,0,No,0000000,Not Applicable,15,3:00pm-3:59pm,38,38,15,3:00pm-3:59pm,44,44,16,4:00pm-4:59pm,0,0,,,,,,,1,
2023,55,550108,Wisconsin,3,3,0,0,0,3,3,25,DANE (25),1260,DANE,17,17,4,April,2023,2,Monday,12,12:00pm-12:59pm,11,11,0,This Section IS NOT on the NHS,2,Urban,4,Minor Arterial,1,State Highway Agency,3,State Highway,SR-113,N MILITARY RD,99998,Not Reported,43.25042222,43.25042222,-89.501583330,-89.50158333,0,No Special Jurisdiction,12,Motor Vehicle In-Transport,6,Angle,0,No,2,Intersection,2,Four-Way Intersection,0,None,,,1,On Roadway,1,Daylight,,,,,10,Cloudy,0,No,0000000,Not Applicable,99,Unknown,99,Unknown,99,Unknown EMS Scene Arrival Hour,99,Unknown EMS Scene Arrival Minutes,88,"Not Applicable (Not Transported) ",88,Not Applicable (Not Transported),,,,,,,1,
2023,55,550109,Wisconsin,2,2,0,0,0,3,3,79,MILWAUKEE (79),3100,MILWAUKEE,10,10,4,April,2023,2,Monday,0,0:00am-0:59am,40,40,1,This Section IS ON the NHS,2,Urban,3,Other Principal Arterial,4,City or Municipal Highway Agency,6,Municipal,MU-W SILVER SPRING DR,CR-E,0,None,43.11951389,43.11951389,-88.025836110,-88.02583611,0,No Special Jurisdiction,12,Motor Vehicle In-Transport,6,Angle,0,No,2,Intersection,2,Four-Way Intersection,0,None,,,1,On Roadway,3,Dark - Lighted,,,,,1,Clear,0,No,0000000,Not Applicable,0,0:00am-0:59am,43,43,99,Unknown EMS Scene Arrival Hour,99,Unknown EMS Scene Arrival Minutes,99,Unknown,99,Unknown EMS Hospital Arrival Time,,,,,,,2,
2023,55,550110,Wisconsin,1,1,0,1,1,3,3,79,MILWAUKEE (79),715,BROWN DEER,11,11,4,April,2023,3,Tuesday,18,6:00pm-6:59pm,52,52,1,This Section IS ON the NHS,2,Urban,3,Other Principal Arterial,1,State Highway Agency,3,State Highway,SR-100,N 60TH ST,99998,Not Reported,43.17760278,43.17760278,-87.984341670,-87.98434167,0,No Special Jurisdiction,8,Pedestrian,0,The First Harmful Event was Not a Collision with a Motor Vehicle in Transport,0,No,3,Intersection-Related,2,Four-Way Intersection,0,None,,,1,On Roadway,1,Daylight,,,,,1,Clear,0,No,0000000,Not Applicable,99,Unknown,99,Unknown,99,Unknown EMS Scene Arrival Hour,99,Unknown EMS Scene Arrival Minutes,99,Unknown,99,Unknown EMS Hospital Arrival Time,,,,,,,1,
2023,55,550111,Wisconsin,2,2,0,0,0,2,2,105,ROCK (105),0,NOT APPLICABLE,23,23,4,April,2023,1,Sunday,5,5:00am-5:59am,57,57,0,This Section IS NOT on the NHS,1,Rural,4,Minor Arterial,2,County Highway Agency,4,County,CR-D,,0,None,42.65597222,42.65597222,-89.062286110,-89.06228611,0,No Special Jurisdiction,12,Motor Vehicle In-Transport,2,Front-to-Front,0,No,1,Non-Junction,1,Not an Intersection,0,None,,,1,On Roadway,4,Dawn,,,,,10,Cloudy,0,No,0000000,Not Applicable,5,5:00am-5:59am,57,57,6,6:00am-6:59am,4,4,6,6:00am-6:59am,29,29,,,,,,,1,
2023,55,550112,Wisconsin,1,1,0,0,0,1,1,77,MARQUETTE (77),0,NOT APPLICABLE,12,12,4,April,2023,4,Wednesday,13,1:00pm-1:59pm,13,13,0,This Section IS NOT on the NHS,1,Rural,5,Major Collector,2,County Highway Agency,4,County,CR-C,,0,None,43.82041667,43.82041667,-89.206311110,-89.20631111,0,No Special Jurisdiction,42,Tree (Standing Only),0,The First Harmful Event was Not a Collision with a Motor Vehicle in Transport,0,No,1,Non-Junction,1,Not an Intersection,0,None,,,5,Outside Trafficway,1,Daylight,,,,,1,Clear,0,No,0000000,Not Applicable,13,1:00pm-1:59pm,15,15,13,1:00pm-1:59pm,25,25,99,Unknown,99,Unknown EMS Hospital Arrival Time,,,,,,,1,
2023,55,550113,Wisconsin,1,1,0,1,1,1,1,111,SAUK (111),3900,PRAIRIE DU SAC,14,14,4,April,2023,6,Friday,14,2:00pm-2:59pm,46,46,0,This Section IS NOT on the NHS,2,Urban,7,Local,4,City or Municipal Highway Agency,6,Municipal,MU-TUMBLEWEED DR,20TH ST,0,None,43.29541667,43.29541667,-89.744922220,-89.74492222,0,No Special Jurisdiction,8,Pedestrian,0,The First Harmful Event was Not a Collision with a Motor Vehicle in Transport,0,No,3,Intersection-Related,3,T-Intersection,0,None,,,1,On Roadway,1,Daylight,,,,,1,Clear,0,No,0000000,Not Applicable,14,2:00pm-2:59pm,47,47,14,2:00pm-2:59pm,53,53,15,3:00pm-3:59pm,11,11,,,,,,,1,
2023,55,550114,Wisconsin,1,1,0,1,1,1,1,9,BROWN (9),2000,GREEN BAY,18,18,4,April,2023,3,Tuesday,13,1:00pm-1:59pm,13,13,1,This Section IS ON the NHS,2,Urban,3,Other Principal Arterial,1,State Highway Agency,3,State Highway,SR-32,15TH AVE,99998,Not Reported,44.51505556,44.51505556,-88.039444440,-88.03944444,0,No Special Jurisdiction,8,Pedestrian,0,The First Harmful Event was Not a Collision with a Motor Vehicle in Transport,0,No,3,Intersection-Related,3,T-Intersection,0,None,,,1,On Roadway,1,Daylight,,,,,1,Clear,0,No,0000000,Not Applicable,13,1:00pm-1:59pm,13,13,13,1:00pm-1:59pm,15,15,13,1:00pm-1:59pm,25,25,,,,,,,1,
2023,55,550115,Wisconsin,2,2,0,0,0,3,3,21,COLUMBIA (21),0,NOT APPLICABLE,19,19,4,April,2023,4,Wednesday,14,2:00pm-2:59pm,17,17,0,This Section IS NOT on the NHS,1,Rural,4,Minor Arterial,1,State Highway Agency,2,U.S. Highway,US-51,,99998,Not Reported,43.36973611,43.36973611,-89.391794440,-89.39179444,0,No Special Jurisdiction,12,Motor Vehicle In-Transport,6,Angle,0,No,1,Non-Junction,1,Not an Intersection,0,None,,,1,On Roadway,1,Daylight,,,,,3,Sleet or Hail,0,No,0000000,Not Applicable,14,2:00pm-2:59pm,20,20,14,2:00pm-2:59pm,37,37,15,3:00pm-3:59pm,34,34,,,,,,,1,
2023,55,550116,Wisconsin,2,2,0,2,2,3,3,79,MILWAUKEE (79),5160,WEST ALLIS,23,23,4,April,2023,1,Sunday,0,0:00am-0:59am,29,29,0,This Section IS NOT on the NHS,2,Urban,4,Minor Arterial,4,City or Municipal Highway Agency,6,Municipal,MU-W BURNHAM ST,S 60TH ST,0,None,43.01021389,43.01021389,-87.987377780,-87.98737778,0,No Special Jurisdiction,12,Motor Vehicle In-Transport,6,Angle,0,No,2,Intersection,2,Four-Way Intersection,0,None,,,1,On Roadway,3,Dark - Lighted,,,,,1,Clear,0,No,0000000,Not Applicable,0,0:00am-0:59am,99,Unknown,0,0:00am-0:59am,51,51,1,1:00am-1:59am,0,0,,,,,,,1,
2023,55,550117,Wisconsin,1,1,0,0,0,3,3,55,JEFFERSON (55),0,NOT APPLICABLE,20,20,3,March,2023,2,Monday,12,12:00pm-12:59pm,34,34,1,This Section IS ON the NHS,1,Rural,3,Other Principal Arterial,1,State Highway Agency,3,State Highway,SR-16,,99998,Not Reported,43.16756667,43.16756667,-88.652325000,-88.65232500,0,No Special Jurisdiction,35,Embankment,0,The First Harmful Event was Not a Collision with a Motor Vehicle in Transport,0,No,1,Non-Junction,1,Not an Intersection,0,None,,,4,On Roadside,1,Daylight,,,,,10,Cloudy,0,No,0000000,Not Applicable,12,12:00pm-12:59pm,35,35,99,Unknown EMS Scene Arrival Hour,99,Unknown EMS Scene Arrival Minutes,99,Unknown,99,Unknown EMS Hospital Arrival Time,,,,,,,1,
2023,55,550118,Wisconsin,1,1,0,0,0,2,2,131,WASHINGTON (131),4440,SLINGER,26,26,4,April,2023,4,Wednesday,19,7:00pm-7:59pm,47,47,1,This Section IS ON the NHS,2,Urban,3,Other Principal Arterial,1,State Highway Agency,3,State Highway,SR-60,BONNIE LN,99998,Not Reported,43.32461944,43.32461944,-88.290438890,-88.29043889,0,No Special Jurisdiction,33,Curb,0,The First Harmful Event was Not a Collision with a Motor Vehicle in Transport,0,No,3,Intersection-Related,2,Four-Way Intersection,0,None,,,4,On Roadside,1,Daylight,,,,,1,Clear,0,No,0000000,Not Applicable,19,7:00pm-7:59pm,51,51,19,7:00pm-7:59pm,54,54,20,8:00pm-8:59pm,36,36,,,,,,,1,
2023,55,550119,Wisconsin,2,2,0,5,5,2,2,117,SHEBOYGAN (117),4330,SHEBOYGAN,12,12,4,April,2023,4,Wednesday,16,4:00pm-4:59pm,48,48,0,This Section IS NOT on the NHS,2,Urban,7,Local,4,City or Municipal Highway Agency,6,Municipal,MU-SAEMANN AVE,N 21ST ST,0,None,43.76432222,43.76432222,-87.733886110,-87.73388611,0,No Special Jurisdiction,12,Motor Vehicle In-Transport,6,Angle,1,Yes,2,Intersection,2,Four-Way Intersection,0,None,,,1,On Roadway,1,Daylight,,,,,1,Clear,0,No,0000000,Not Applicable,16,4:00pm-4:59pm,48,48,16,4:00pm-4:59pm,52,52,99,Unknown,99,Unknown EMS Hospital Arrival Time,,,,,,,1,
2023,55,550120,Wisconsin,2,2,0,0,0,2,2,79,MILWAUKEE (79),3100,MILWAUKEE,23,23,4,April,2023,1,Sunday,0,0:00am-0:59am,6,6,1,This Section IS ON the NHS,2,Urban,3,Other Principal Arterial,1,State Highway Agency,3,State Highway,SR-190,N 68TH ST,0,None,43.09003056,43.09003056,-87.997038890,-87.99703889,0,No Special Jurisdiction,12,Motor Vehicle In-Transport,6,Angle,0,No,2,Intersection,2,Four-Way Intersection,0,None,,,1,On Roadway,3,Dark - Lighted,,,,,1,Clear,0,No,0000000,Not Applicable,99,Unknown,99,Unknown,99,Unknown EMS Scene Arrival Hour,99,Unknown EMS Scene Arrival Minutes,88,"Not Applicable (Not Transported) ",88,Not Applicable (Not Transported),,,,,,,1,
2023,55,550121,Wisconsin,1,1,0,0,0,2,2,5,BARRON (5),0,NOT APPLICABLE,28,28,4,April,2023,6,Friday,22,10:00pm-10:59pm,0,0,0,This Section IS NOT on the NHS,1,Rural,5,Major Collector,2,County Highway Agency,4,County,CR-D,,0,None,45.30946667,45.30946667,-92.117211110,-92.11721111,0,No Special Jurisdiction,42,Tree (Standing Only),0,The First Harmful Event was Not a Collision with a Motor Vehicle in Transport,0,No,1,Non-Junction,1,Not an Intersection,0,None,,,4,On Roadside,2,Dark - Not Lighted,,,,,2,Rain,0,No,0000000,Not Applicable,22,10:00pm-10:59pm,10,10,99,Unknown EMS Scene Arrival Hour,99,Unknown EMS Scene Arrival Minutes,23,11:00pm-11:59pm,0,0,,,,,,,1,
2023,55,550122,Wisconsin,2,2,0,0,0,4,4,11,BUFFALO (11),0,NOT APPLICABLE,10,10,4,April,2023,2,Monday,18,6:00pm-6:59pm,24,24,0,This Section IS NOT on the NHS,1,Rural,6,Minor Collector,2,County Highway Agency,4,County,CR-M,,0,None,44.10617222,44.10617222,-91.639211110,-91.63921111,0,No Special Jurisdiction,12,Motor Vehicle In-Transport,2,Front-to-Front,0,No,1,Non-Junction,1,Not an Intersection,0,None,,,1,On Roadway,1,Daylight,,,,,1,Clear,0,No,0000000,Not Applicable,18,6:00pm-6:59pm,24,24,18,6:00pm-6:59pm,40,40,19,7:00pm-7:59pm,13,13,,,,,,,2,
2023,55,550123,Wisconsin,1,1,0,0,0,1,1,19,CLARK (19),0,NOT APPLICABLE,21,21,4,April,2023,6,Friday,11,11:00am-11:59am,10,10,0,This Section IS NOT on the NHS,1,Rural,7,Local,3,Town or Township Highway Agency,5,Township,TS-CAPITAL RD,,0,None,44.81431667,44.81431667,-90.387130560,-90.38713056,0,No Special Jurisdiction,10,Railway Vehicle,0,The First Harmful Event was Not a Collision with a Motor Vehicle in Transport,0,No,6,"Railway Grade Crossing ",1,Not an Intersection,0,None,,,1,On Roadway,1,Daylight,,,,,10,Cloudy,0,No,689945D,689945D,11,11:00am-11:59am,19,19,11,11:00am-11:59am,38,38,88,"Not Applicable (Not Transported) ",88,Not Applicable (Not Transported),,,,,,,1,
2023,55,550124,Wisconsin,2,2,0,0,0,2,2,35,EAU CLAIRE (35),0,NOT APPLICABLE,26,26,4,April,2023,4,Wednesday,15,3:00pm-3:59pm,49,49,0,This Section IS NOT on the NHS,1,Rural,5,Major Collector,1,State Highway Agency,2,U.S. Highway,US-53,,99998,Not Reported,44.73916389,44.73916389,-91.385258330,-91.38525833,0,No Special Jurisdiction,12,Motor Vehicle In-Transport,2,Front-to-Front,0,No,1,Non-Junction,1,Not an Intersection,0,None,,,1,On Roadway,1,Daylight,,,,,1,Clear,0,No,0000000,Not Applicable,15,3:00pm-3:59pm,49,49,16,4:00pm-4:59pm,0,0,88,"Not Applicable (Not Transported) ",88,Not Applicable (Not Transported),,,,,,,1,
2023,55,550125,Wisconsin,1,1,0,0,0,1,1,73,MARATHON (73),5110,WAUSAU,27,27,4,April,2023,5,Thursday,19,7:00pm-7:59pm,31,31,0,This Section IS NOT on the NHS,2,Urban,5,Major Collector,4,City or Municipal Highway Agency,6,Municipal,MU-S 36TH AVE,STEWART AVE,99998,Not Reported,44.95485556,44.95485556,-89.681047220,-89.68104722,0,No Special Jurisdiction,33,Curb,0,The First Harmful Event was Not a Collision with a Motor Vehicle in Transport,0,No,3,Intersection-Related,3,T-Intersection,0,None,,,4,On Roadside,1,Daylight,,,,,10,Cloudy,0,No,0000000,Not Applicable,19,7:00pm-7:59pm,33,33,19,7:00pm-7:59pm,37,37,88,"Not Applicable (Not Transported) ",88,Not Applicable (Not Transported),,,,,,,1,
2023,55,550126,Wisconsin,1,1,0,0,0,1,1,49,IOWA (49),0,NOT APPLICABLE,4,4,5,May,2023,5,Thursday,99,Unknown Hours,99,Unknown Minutes,1,This Section IS ON the NHS,1,Rural,3,Other Principal Arterial,1,State Highway Agency,3,State Highway,SR-23,,99998,Not Reported,42.88802778,42.88802778,-90.164100000,-90.16410000,0,No Special Jurisdiction,11,Live Animal,0,The First Harmful Event was Not a Collision with a Motor Vehicle in Transport,1,Yes,20,Entrance/Exit Ramp,1,Not an Intersection,0,None,,,1,On Roadway,2,Dark - Not Lighted,,,,,1,Clear,0,No,0000000,Not Applicable,3,3:00am-3:59am,58,58,4,4:00am-4:59am,11,11,88,"Not Applicable (Not Transported) ",88,Not Applicable (Not Transported),,,,,,,1,
2023,55,550127,Wisconsin,2,2,0,0,0,2,2,127,WALWORTH (127),0,NOT APPLICABLE,27,27,4,April,2023,5,Thursday,14,2:00pm-2:59pm,0,0,0,This Section IS NOT on the NHS,1,Rural,6,Minor Collector,3,Town or Township Highway Agency,5,Township,TS-NATURE RD,,0,None,42.83164722,42.83164722,-88.463941670,-88.46394167,0,No Special Jurisdiction,12,Motor Vehicle In-Transport,2,Front-to-Front,0,No,1,Non-Junction,1,Not an Intersection,0,None,,,1,On Roadway,1,Daylight,,,,,1,Clear,0,No,0000000,Not Applicable,14,2:00pm-2:59pm,1,1,14,2:00pm-2:59pm,7,7,15,3:00pm-3:59pm,28,28,,,,,,,1,
2023,55,550128,Wisconsin,2,2,0,0,0,3,3,139,WINNEBAGO (139),3620,OSHKOSH,29,29,4,April,2023,7,Saturday,21,9:00pm-9:59pm,3,3,0,This Section IS NOT on the NHS,2,Urban,7,Local,4,City or Municipal Highway Agency,6,Municipal,MU-ALGOMA BLVD,W NEW YORK AVE,0,None,44.03209444,44.03209444,-88.556263890,-88.55626389,0,No Special Jurisdiction,12,Motor Vehicle In-Transport,6,Angle,0,No,2,Intersection,2,Four-Way Intersection,0,None,,,1,On Roadway,3,Dark - Lighted,,,,,2,Rain,0,No,0000000,Not Applicable,21,9:00pm-9:59pm,7,7,21,9:00pm-9:59pm,13,13,88,"Not Applicable (Not Transported) ",88,Not Applicable (Not Transported),,,,,,,1,
2023,55,550129,Wisconsin,1,1,0,0,0,1,1,115,SHAWANO (115),0,NOT APPLICABLE,27,27,4,April,2023,5,Thursday,0,0:00am-0:59am,10,10,0,This Section IS NOT on the NHS,1,Rural,7,Local,3,Town or Township Highway Agency,5,Township,TS-CYPRESS LN,,0,None,44.82680833,44.82680833,-89.193138890,-89.19313889,0,No Special Jurisdiction,34,Ditch,0,The First Harmful Event was Not a Collision with a Motor Vehicle in Transport,0,No,1,Non-Junction,1,Not an Intersection,0,None,,,4,On Roadside,2,Dark - Not Lighted,,,,,99,Reported as Unknown,0,No,0000000,Not Applicable,99,Unknown,99,Unknown,99,Unknown EMS Scene Arrival Hour,99,Unknown EMS Scene Arrival Minutes,99,Unknown,99,Unknown EMS Hospital Arrival Time,,,,,,,1,
2023,55,550130,Wisconsin,2,2,0,0,0,2,2,31,DOUGLAS (31),4730,SUPERIOR,29,29,4,April,2023,7,Saturday,13,1:00pm-1:59pm,34,34,1,This Section IS ON the NHS,2,Urban,3,Other Principal Arterial,1,State Highway Agency,2,U.S. Highway,US-2,41ST AVE,99998,Not Reported,46.68709444,46.68709444,-92.022416670,-92.02241667,0,No Special Jurisdiction,12,Motor Vehicle In-Transport,1,Front-to-Rear,0,No,3,Intersection-Related,2,Four-Way Intersection,0,None,,,1,On Roadway,1,Daylight,,,,,10,Cloudy,0,No,0000000,Not Applicable,13,1:00pm-1:59pm,35,35,99,Unknown EMS Scene Arrival Hour,99,Unknown EMS Scene Arrival Minutes,88,"Not Applicable (Not Transported) ",88,Not Applicable (Not Transported),,,,,,,1,
2023,55,550131,Wisconsin,2,2,0,0,0,2,2,105,ROCK (105),2320,JANESVILLE,29,29,4,April,2023,7,Saturday,14,2:00pm-2:59pm,12,12,0,This Section IS NOT on the NHS,2,Urban,4,Minor Arterial,4,City or Municipal Highway Agency,6,Municipal,MU-E DELAVAN DR,,0,None,42.66683333,42.66683333,-89.007997220,-89.00799722,0,No Special Jurisdiction,1,Rollover/Overturn,0,The First Harmful Event was Not a Collision with a Motor Vehicle in Transport,0,No,1,Non-Junction,1,Not an Intersection,0,None,,,1,On Roadway,1,Daylight,,,,,10,Cloudy,0,No,0000000,Not Applicable,14,2:00pm-2:59pm,12,12,14,2:00pm-2:59pm,18,18,14,2:00pm-2:59pm,44,44,,,,,,,1,
2023,55,550132,Wisconsin,1,1,0,0,0,1,1,127,WALWORTH (127),9997,Other,8,8,4,April,2023,7,Saturday,0,0:00am-0:59am,2,2,1,This Section IS ON the NHS,2,Urban,2,Other Freeways and Expressways,1,State Highway Agency,2,U.S. Highway,US-12,,99998,Not Reported,42.56137778,42.56137778,-88.355769440,-88.35576944,0,No Special Jurisdiction,1,Rollover/Overturn,0,The First Harmful Event was Not a Collision with a Motor Vehicle in Transport,0,No,1,Non-Junction,1,Not an Intersection,0,None,,,3,On Median,2,Dark - Not Lighted,,,,,1,Clear,0,No,0000000,Not Applicable,99,Unknown,99,Unknown,99,Unknown EMS Scene Arrival Hour,99,Unknown EMS Scene Arrival Minutes,99,Unknown,99,Unknown EMS Hospital Arrival Time,,,,,,,1,