caseyear,state,st_case,statename,ve_total,ve_forms,pvh_invl,peds,pernotmvit,permvit,persons,county,countyname,city,cityname,day,dayname,month,monthname,year,day_week,day_weekname,hour,hourname,minute,minutename,nhs,nhsname,rur_urb,rur_urbname,func_sys,func_sysname,rd_owner,rd_ownername,route,routename,tway_id,tway_id2,milept,mileptname,latitude,latitudename,longitud,longitudname,sp_jur,sp_jurname,harm_ev,harm_evname,man_coll,man_collname,reljct1,reljct1name,reljct2,reljct2name,typ_int,typ_intname,wrk_zone,wrk_zonename,road_fnc,road_fncname,rel_road,rel_roadname,lgt_cond,lgt_condname,weather1,weather1name,weather2,weather2name,weather,weathername,sch_bus,sch_busname,rail,railname,not_hour,not_hourname,not_min,not_minname,arr_hour,arr_hourname,arr_min,arr_minname,hosp_hr,hosp_hrname,hosp_mn,hosp_mnname,cf1,cf1name,cf2,cf2name,cf3,cf3name,fatals,drunk_dr
2023,55,550322,Wisconsin,2,2,0,0,0,2,2,63,LA CROSSE (63),2490,LA CROSSE,1,1,9,September,2023,6,Friday,14,2:00pm-2:59pm,56,56,0,This Section IS NOT on the NHS,2,Urban,5,Major Collector,4,City or Municipal Highway Agency,0,Not Signed,SAINT JAMES ST,,0,None,43.83697778,43.83697778,-91.235258330,-91.23525833,0,No Special Jurisdiction,12,Motor Vehicle In-Transport,6,Angle,0,No,1,Non-Junction,1,Not an Intersection,0,None,,,1,On Roadway,1,Daylight,,,,,1,Clear,0,No,0000000,Not Applicable,99,Unknown,99,Unknown,99,Unknown EMS Scene Arrival Hour,97,Officially Cancelled,99,Unknown,97,Officially Canceled,,,,,,,1,
2023,55,550323,Wisconsin,2,2,0,0,0,2,2,5,BARRON (5),0,NOT APPLICABLE,2,2,9,September,2023,7,Saturday,13,1:00pm-1:59pm,5,5,1,This Section IS ON the NHS,1,Rural,3,Other Principal Arterial,1,State Highway Agency,2,U.S. Highway,US-8 13TH AVE,CR-O 18TH ST,99998,Not Reported,45.39361667,45.39361667,-91.786861110,-91.78686111,0,No Special Jurisdiction,12,Motor Vehicle In-Transport,6,Angle,0,No,2,Intersection,2,Four-Way Intersection,0,None,,,1,On Roadway,1,Daylight,,,,,1,Clear,0,No,0000000,Not Applicable,13,1:00pm-1:59pm,99,Unknown,13,1:00pm-1:59pm,17,17,14,2:00pm-2:59pm,0,0,,,,,,,1,
2023,55,550324,Wisconsin,1,1,0,0,0,1,1,129,WASHBURN (129),0,NOT APPLICABLE,13,13,8,August,2023,1,Sunday,8,8:00am-8:59am,24,24,1,This Section IS ON the NHS,1,Rural,3,Other Principal Arterial,1,State Highway Agency,2,U.S. Highway,US-53,,99998,Not Reported,45.97078889,45.97078889,-91.827266670,-91.82726667,0,No Special Jurisdiction,7,Other Non-Collision,0,The First Harmful Event was Not a Collision with a Motor Vehicle in Transport,0,No,1,Non-Junction,1,Not an Intersection,0,None,,,1,On Roadway,1,Daylight,,,,,1,Clear,0,No,0000000,Not Applicable,8,8:00am-8:59am,24,24,8,8:00am-8:59am,35,35,8,8:00am-8:59am,51,51,,,,,,,1,
2023,55,550325,Wisconsin,1,1,0,0,0,1,1,71,MANITOWOC (71),0,NOT APPLICABLE,1,1,9,September,2023,6,Friday,18,6:00pm-6:59pm,13,13,0,This Section IS NOT on the NHS,1,Rural,7,Local,3,Town or Township Highway Agency,0,Not Signed,MARSHEK RD,,0,None,44.24628611,44.24628611,-87.846961110,-87.84696111,0,No Special Jurisdiction,34,Ditch,0,The First Harmful Event was Not a Collision with a Motor Vehicle in Transport,0,No,1,Non-Junction,1,Not an Intersection,0,None,,,4,On Roadside,5,Dusk,,,,,10,Cloudy,0,No,0000000,Not Applicable,19,7:00pm-7:59pm,11,11,19,7:00pm-7:59pm,19,19,88,"Not Applicable (Not Transported) ",88,Not Applicable (Not Transported),,,,,,,1,
2023,55,550326,Wisconsin,2,2,0,0,0,5,5,79,MILWAUKEE (79),5160,WEST ALLIS,27,27,8,August,2023,1,Sunday,7,7:00am-7:59am,8,8,1,This Section IS ON the NHS,2,Urban,3,Other Principal Arterial,1,State Highway Agency,3,State Highway,SR-100 S 108TH ST,W CLEVELAND AVE,99998,Not Reported,42.99529167,42.99529167,-88.046927780,-88.04692778,0,No Special Jurisdiction,12,Motor Vehicle In-Transport,6,Angle,0,No,2,Intersection,2,Four-Way Intersection,0,None,,,1,On Roadway,1,Daylight,,,,,1,Clear,0,No,0000000,Not Applicable,99,Unknown,99,Unknown,99,Unknown EMS Scene Arrival Hour,99,Unknown EMS Scene Arrival Minutes,99,Unknown,99,Unknown EMS Hospital Arrival Time,,,,,,,1,
2023,55,550327,Wisconsin,1,1,0,0,0,2,2,141,WOOD (141),216,ARPIN,26,26,8,August,2023,7,Saturday,10,10:00am-10:59am,9,9,0,This Section IS NOT on the NHS,1,Rural,7,Local,4,City or Municipal Highway Agency,0,Not Signed,MILL RD,,0,None,44.54494722,44.54494722,-90.029588890,-90.02958889,0,No Special Jurisdiction,7,Other Non-Collision,0,The First Harmful Event was Not a Collision with a Motor Vehicle in Transport,0,No,1,Non-Junction,1,Not an Intersection,0,None,,,1,On Roadway,1,Daylight,,,,,6,Severe Crosswinds,0,No,0000000,Not Applicable,10,10:00am-10:59am,10,10,10,10:00am-10:59am,32,32,11,11:00am-11:59am,15,15,,,,,,,1,
2023,55,550328,Wisconsin,1,1,0,1,1,2,2,79,MILWAUKEE (79),3100,MILWAUKEE,27,27,8,August,2023,1,Sunday,15,3:00pm-3:59pm,14,14,0,This Section IS NOT on the NHS,2,Urban,3,Other Principal Arterial,1,State Highway Agency,3,State Highway,SR-145 W FOND DU LAC AVE,,99998,Not Reported,43.08828611,43.08828611,-87.974375000,-87.97437500,0,No Special Jurisdiction,9,Pedalcyclist,0,The First Harmful Event was Not a Collision with a Motor Vehicle in Transport,0,No,1,Non-Junction,1,Not an Intersection,0,None,,,1,On Roadway,1,Daylight,,,,,1,Clear,0,No,0000000,Not Applicable,99,Unknown,99,Unknown,99,Unknown EMS Scene Arrival Hour,99,Unknown EMS Scene Arrival Minutes,99,Unknown,99,Unknown EMS Hospital Arrival Time,,,,,,,1,
2023,55,550329,Wisconsin,1,1,0,1,1,2,2,87,OUTAGAMIE (87),0,NOT APPLICABLE,6,6,9,September,2023,4,Wednesday,20,8:00pm-8:59pm,15,15,0,This Section IS NOT on the NHS,1,Rural,4,Minor Arterial,1,State Highway Agency,3,State Highway,SR-55,,99998,Not Reported,44.33834167,44.33834167,-88.292002780,-88.29200278,0,No Special Jurisdiction,8,Pedestrian,0,The First Harmful Event was Not a Collision with a Motor Vehicle in Transport,0,No,1,Non-Junction,1,Not an Intersection,0,None,,,1,On Roadway,2,Dark - Not Lighted,,,,,1,Clear,0,No,0000000,Not Applicable,20,8:00pm-8:59pm,19,19,20,8:00pm-8:59pm,99,Unknown EMS Scene Arrival Minutes,88,"Not Applicable (Not Transported) ",88,Not Applicable (Not Transported),,,,,,,1,
2023,55,550330,Wisconsin,1,1,0,0,0,2,2,117,SHEBOYGAN (117),4330,SHEBOYGAN,4,4,9,September,2023,2,Monday,23,11:00pm-11:59pm,24,24,0,This Section IS NOT on the NHS,2,Urban,4,Minor Arterial,4,City or Municipal Highway Agency,0,Not Signed,N 3RD ST,,0,None,43.77361389,43.77361389,-87.706030560,-87.70603056,0,No Special Jurisdiction,1,Rollover/Overturn,0,The First Harmful Event was Not a Collision with a Motor Vehicle in Transport,0,No,1,Non-Junction,1,Not an Intersection,0,None,,,4,On Roadside,3,Dark - Lighted,,,,,1,Clear,0,No,0000000,Not Applicable,23,11:00pm-11:59pm,41,41,23,11:00pm-11:59pm,47,47,0,0:00am-0:59am,13,13,,,,,,,1,
2023,55,550331,Wisconsin,1,1,0,0,0,1,1,95,POLK (95),0,NOT APPLICABLE,10,10,9,September,2023,1,Sunday,4,4:00am-4:59am,50,50,0,This Section IS NOT on the NHS,1,Rural,5,Major Collector,2,County Highway Agency,4,County,CR-E 350TH AVE,,0,None,45.71244167,45.71244167,-92.396105560,-92.39610556,0,No Special Jurisdiction,59,"Traffic Sign Support ",0,The First Harmful Event was Not a Collision with a Motor Vehicle in Transport,0,No,1,Non-Junction,1,Not an Intersection,0,None,,,4,On Roadside,2,Dark - Not Lighted,,,,,10,Cloudy,0,No,0000000,Not Applicable,88,Not Applicable (Not Notified),88,Not Applicable (Not Notified),88,Not Applicable,88,Not Applicable,88,"Not Applicable (Not Transported) ",88,Not Applicable (Not Transported),,,,,,,1,
2023,55,550332,Wisconsin,1,1,0,0,0,2,2,123,VERNON (123),0,NOT APPLICABLE,8,8,9,September,2023,6,Friday,12,12:00pm-12:59pm,0,0,0,This Section IS NOT on the NHS,1,Rural,6,Minor Collector,2,County Highway Agency,4,County,CR-NN,,0,None,43.52218056,43.52218056,-90.894966670,-90.89496667,0,No Special Jurisdiction,42,Tree (Standing Only),0,The First Harmful Event was Not a Collision with a Motor Vehicle in Transport,0,No,1,Non-Junction,1,Not an Intersection,0,None,,,5,Outside Trafficway,1,Daylight,,,,,1,Clear,0,No,0000000,Not Applicable,13,1:00pm-1:59pm,19,19,13,1:00pm-1:59pm,28,28,88,"Not Applicable (Not Transported) ",88,Not Applicable (Not Transported),,,,,,,1,
2023,55,550333,Wisconsin,3,3,0,0,0,4,4,79,MILWAUKEE (79),3100,MILWAUKEE,30,30,8,August,2023,4,Wednesday,14,2:00pm-2:59pm,27,27,0,This Section IS NOT on the NHS,2,Urban,4,Minor Arterial,4,City or Municipal Highway Agency,0,Not Signed,MU-W HAMPTON AVE,,0,None,43.10471944,43.10471944,-87.989133330,-87.98913333,0,No Special Jurisdiction,12,Motor Vehicle In-Transport,1,Front-to-Rear,0,No,1,Non-Junction,1,Not an Intersection,0,None,,,1,On Roadway,1,Daylight,,,,,1,Clear,0,No,0000000,Not Applicable,99,Unknown,99,Unknown,99,Unknown EMS Scene Arrival Hour,99,Unknown EMS Scene Arrival Minutes,99,Unknown,99,Unknown EMS Hospital Arrival Time,,,,,,,1,
2023,55,550335,Wisconsin,2,2,0,0,0,2,2,71,MANITOWOC (71),0,NOT APPLICABLE,10,10,9,September,2023,1,Sunday,5,5:00am-5:59am,23,23,1,This Section IS ON the NHS,1,Rural,3,Other Principal Arterial,1,State Highway Agency,2,U.S. Highway,US-10,,99998,Not Reported,44.14839722,44.14839722,-87.898538890,-87.89853889,0,No Special Jurisdiction,12,Motor Vehicle In-Transport,2,Front-to-Front,0,No,1,Non-Junction,1,Not an Intersection,0,None,,,1,On Roadway,3,Dark - Lighted,,,,,10,Cloudy,0,No,0000000,Not Applicable,5,5:00am-5:59am,27,27,5,5:00am-5:59am,34,34,99,Unknown,99,Unknown EMS Hospital Arrival Time,,,,,,,2,
2023,55,550337,Wisconsin,1,1,0,0,0,1,1,127,WALWORTH (127),0,NOT APPLICABLE,21,21,7,July,2023,6,Friday,19,7:00pm-7:59pm,45,45,0,This Section IS NOT on the NHS,1,Rural,6,Minor Collector,2,County Highway Agency,4,County,CR-O,,0,None,42.77702778,42.77702778,-88.641750000,-88.64175000,0,No Special Jurisdiction,1,Rollover/Overturn,0,The First Harmful Event was Not a Collision with a Motor Vehicle in Transport,0,No,1,Non-Junction,1,Not an Intersection,0,None,,,1,On Roadway,1,Daylight,,,,,1,Clear,0,No,0000000,Not Applicable,99,Unknown,99,Unknown,99,Unknown EMS Scene Arrival Hour,99,Unknown EMS Scene Arrival Minutes,99,Unknown,99,Unknown EMS Hospital Arrival Time,,,,,,,1,
2023,55,550338,Wisconsin,1,1,0,0,0,1,1,43,GRANT (43),0,NOT APPLICABLE,9,9,9,September,2023,7,Saturday,21,9:00pm-9:59pm,4,4,0,This Section IS NOT on the NHS,1,Rural,7,Local,3,Town or Township Highway Agency,0,Not Signed,AIRPORT RD,,0,None,42.77708611,42.77708611,-90.667755560,-90.66775556,0,No Special Jurisdiction,1,Rollover/Overturn,0,The First Harmful Event was Not a Collision with a Motor Vehicle in Transport,0,No,1,Non-Junction,1,Not an Intersection,0,None,,,4,On Roadside,2,Dark - Not Lighted,,,,,1,Clear,0,No,0000000,Not Applicable,21,9:00pm-9:59pm,8,8,21,9:00pm-9:59pm,18,18,21,9:00pm-9:59pm,34,34,,,,,,,1,
2023,55,550339,Wisconsin,2,2,0,1,1,2,2,9,BROWN (9),412,BELLEVUE,31,31,7,July,2023,2,Monday,0,0:00am-0:59am,58,58,1,This Section IS ON the NHS,2,Urban,3,Other Principal Arterial,1,State Highway Agency,2,U.S. Highway,US-141,,99998,Not Reported,44.44481111,44.44481111,-87.925397220,-87.92539722,0,No Special Jurisdiction,8,Pedestrian,0,The First Harmful Event was Not a Collision with a Motor Vehicle in Transport,0,No,1,Non-Junction,1,Not an Intersection,0,None,,,1,On Roadway,2,Dark - Not Lighted,,,,,1,Clear,0,No,0000000,Not Applicable,0,0:00am-0:59am,58,58,1,1:00am-1:59am,6,6,88,"Not Applicable (Not Transported) ",88,Not Applicable (Not Transported),,,,,,,1,
2023,55,550340,Wisconsin,2,2,0,0,0,3,3,55,JEFFERSON (55),0,NOT APPLICABLE,31,31,8,August,2023,5,Thursday,14,2:00pm-2:59pm,22,22,0,This Section IS NOT on the NHS,1,Rural,5,Major Collector,2,County Highway Agency,4,County,CR-D,RANCH RD,0,None,43.09297500,43.09297500,-88.681802780,-88.68180278,0,No Special Jurisdiction,12,Motor Vehicle In-Transport,1,Front-to-Rear,0,No,3,Intersection-Related,2,Four-Way Intersection,0,None,,,1,On Roadway,1,Daylight,,,,,1,Clear,0,No,0000000,Not Applicable,14,2:00pm-2:59pm,23,23,14,2:00pm-2:59pm,32,32,14,2:00pm-2:59pm,58,58,,,,,,,1,
2023,55,550341,Wisconsin,3,3,0,0,0,4,4,1,ADAMS (1),0,NOT APPLICABLE,31,31,8,August,2023,5,Thursday,19,7:00pm-7:59pm,0,0,0,This Section IS NOT on the NHS,1,Rural,4,Minor Arterial,1,State Highway Agency,3,State Highway,SR-13,CR-C,0,None,44.11187500,44.11187500,-89.807950000,-89.80795000,0,No Special Jurisdiction,12,Motor Vehicle In-Transport,6,Angle,0,No,2,Intersection,2,Four-Way Intersection,0,None,,,1,On Roadway,5,Dusk,,,,,1,Clear,0,No,0000000,Not Applicable,19,7:00pm-7:59pm,3,3,19,7:00pm-7:59pm,10,10,20,8:00pm-8:59pm,1,1,,,,,,,1,
2023,55,550342,Wisconsin,1,1,0,0,0,3,3,71,MANITOWOC (71),0,NOT APPLICABLE,6,6,9,September,2023,4,Wednesday,19,7:00pm-7:59pm,50,50,0,This Section IS NOT on the NHS,1,Rural,6,Minor Collector,2,County Highway Agency,4,County,CR-C,SR-67,0,None,44.00818056,44.00818056,-88.023080560,-88.02308056,0,No Special Jurisdiction,34,Ditch,0,The First Harmful Event was Not a Collision with a Motor Vehicle in Transport,0,No,3,Intersection-Related,3,T-Intersection,0,None,,,4,On Roadside,2,Dark - Not Lighted,,,,,10,Cloudy,0,No,0000000,Not Applicable,19,7:00pm-7:59pm,54,54,20,8:00pm-8:59pm,5,5,88,"Not Applicable (Not Transported) ",88,Not Applicable (Not Transported),,,,,,,3,
2023,55,550343,Wisconsin,3,2,1,0,0,2,2,105,ROCK (105),2320,JANESVILLE,16,16,9,September,2023,7,Saturday,14,2:00pm-2:59pm,55,55,0,This Section IS NOT on the NHS,2,Urban,5,Major Collector,4,City or Municipal Highway Agency,0,Not Signed,S GARFIELD AVE,,0,None,42.68572222,42.68572222,-89.012408330,-89.01240833,0,No Special Jurisdiction,14,Parked Motor Vehicle,0,The First Harmful Event was Not a Collision with a Motor Vehicle in Transport,0,No,1,Non-Junction,1,Not an Intersection,0,None,,,7,In Parking Lane/Zone,1,Daylight,,,,,1,Clear,0,No,0000000,Not Applicable,99,Unknown,99,Unknown,99,Unknown EMS Scene Arrival Hour,99,Unknown EMS Scene Arrival Minutes,99,Unknown,99,Unknown EMS Hospital Arrival Time,,,,,,,1,
2023,55,550344,Wisconsin,2,2,0,0,0,10,10,79,MILWAUKEE (79),3100,MILWAUKEE,13,13,8,August,2023,1,Sunday,23,11:00pm-11:59pm,25,25,0,This Section IS NOT on the NHS,2,Urban,3,Other Principal Arterial,4,City or Municipal Highway Agency,0,Not Signed,N 68TH ST,W SILVER SPRING DR,0,None,43.11958889,43.11958889,-87.996072220,-87.99607222,0,No Special Jurisdiction,12,Motor Vehicle In-Transport,6,Angle,0,No,2,Intersection,2,Four-Way Intersection,0,None,,,1,On Roadway,3,Dark - Lighted,,,,,1,Clear,0,No,0000000,Not Applicable,23,11:00pm-11:59pm,27,27,99,Unknown EMS Scene Arrival Hour,99,Unknown EMS Scene Arrival Minutes,99,Unknown,99,Unknown EMS Hospital Arrival Time,,,,,,,1,
2023,55,550345,Wisconsin,1,1,0,0,0,1,1,133,WAUKESHA (133),0,NOT APPLICABLE,16,16,9,September,2023,7,Saturday,99,Unknown Hours,99,Unknown Minutes,1,This Section IS ON the NHS,2,Urban,3,Other Principal Arterial,2,County Highway Agency,4,County,CR-C,,0,None,43.03159722,43.03159722,-88.404022220,-88.40402222,0,No Special Jurisdiction,1,Rollover/Overturn,0,The First Harmful Event was Not a Collision with a Motor Vehicle in Transport,0,No,1,Non-Junction,1,Not an Intersection,0,None,,,4,On Roadside,2,Dark - Not Lighted,,,,,1,Clear,0,No,0000000,Not Applicable,3,3:00am-3:59am,39,39,3,3:00am-3:59am,44,44,4,4:00am-4:59am,5,5,,,,,,,1,
2023,55,550346,Wisconsin,1,1,0,0,0,1,1,133,WAUKESHA (133),5060,WAUKESHA,17,17,9,September,2023,1,Sunday,8,8:00am-8:59am,22,22,1,This Section IS ON the NHS,2,Urban,1,Interstate,1,State Highway Agency,1,Interstate,I-94,,99998,Not Reported,43.04558889,43.04558889,-88.266202780,-88.26620278,0,No Special Jurisdiction,1,Rollover/Overturn,0,The First Harmful Event was Not a Collision with a Motor Vehicle in Transport,0,No,1,Non-Junction,1,Not an Intersection,0,None,,,4,On Roadside,1,Daylight,,,,,2,Rain,0,No,0000000,Not Applicable,99,Unknown,99,Unknown,99,Unknown EMS Scene Arrival Hour,99,Unknown EMS Scene Arrival Minutes,99,Unknown,99,Unknown EMS Hospital Arrival Time,,,,,,,1,
2023,55,550347,Wisconsin,1,1,0,1,1,2,2,79,MILWAUKEE (79),3100,MILWAUKEE,1,1,9,September,2023,6,Friday,18,6:00pm-6:59pm,29,29,0,This Section IS NOT on the NHS,2,Urban,4,Minor Arterial,4,City or Municipal Highway Agency,0,Not Signed,W LAPHAM BLVD,SR-38 S 6TH ST,0,None,43.01424444,43.01424444,-87.918577780,-87.91857778,0,No Special Jurisdiction,8,Pedestrian,0,The First Harmful Event was Not a Collision with a Motor Vehicle in Transport,0,No,3,Intersection-Related,2,Four-Way Intersection,0,None,,,1,On Roadway,1,Daylight,,,,,1,Clear,0,No,0000000,Not Applicable,99,Unknown,99,Unknown,99,Unknown EMS Scene Arrival Hour,99,Unknown EMS Scene Arrival Minutes,99,Unknown,99,Unknown EMS Hospital Arrival Time,,,,,,,1,
2023,55,550348,Wisconsin,2,2,0,0,0,2,2,79,MILWAUKEE (79),3100,MILWAUKEE,8,8,9,September,2023,6,Friday,20,8:00pm-8:59pm,24,24,0,This Section IS NOT on the NHS,2,Urban,4,Minor Arterial,4,City or Municipal Highway Agency,0,Not Signed,S MUSKEGO AVE,,0,None,43.01072500,43.01072500,-87.939575000,-87.93957500,0,No Special Jurisdiction,12,Motor Vehicle In-Transport,6,Angle,0,No,8,Driveway Access Related,1,Not an Intersection,0,None,,,1,On Roadway,3,Dark - Lighted,,,,,1,Clear,0,No,0000000,Not Applicable,99,Unknown,99,Unknown,99,Unknown EMS Scene Arrival Hour,99,Unknown EMS Scene Arrival Minutes,88,"Not Applicable (Not Transported) ",88,Not Applicable (Not Transported),,,,,,,1,
2023,55,550349,Wisconsin,2,2,0,0,0,2,2,79,MILWAUKEE (79),5160,WEST ALLIS,14,14,9,September,2023,5,Thursday,17,5:00pm-5:59pm,41,41,0,This Section IS NOT on the NHS,2,Urban,4,Minor Arterial,4,City or Municipal Highway Agency,0,Not Signed,S 92ND ST,W ARTHUR PL,0,None,42.99998056,42.99998056,-88.027158330,-88.02715833,0,No Special Jurisdiction,12,Motor Vehicle In-Transport,6,Angle,0,No,2,Intersection,3,T-Intersection,0,None,,,1,On Roadway,1,Daylight,,,,,1,Clear,0,No,0000000,Not Applicable,17,5:00pm-5:59pm,41,41,17,5:00pm-5:59pm,46,46,88,"Not Applicable (Not Transported) ",88,Not Applicable (Not Transported),,,,,,,1,
2023,55,550350,Wisconsin,3,3,0,0,0,9,9,45,GREEN (45),0,NOT APPLICABLE,16,16,9,September,2023,7,Saturday,22,10:00pm-10:59pm,0,0,0,This Section IS NOT on the NHS,2,Urban,4,Minor Arterial,1,State Highway Agency,3,State Highway,SR-81,CR-N,99998,Not Reported,42.62120278,42.62120278,-89.660830560,-89.66083056,0,No Special Jurisdiction,12,Motor Vehicle In-Transport,6,Angle,0,No,2,Intersection,2,Four-Way Intersection,0,None,,,1,On Roadway,2,Dark - Not Lighted,,,,,10,Cloudy,0,No,0000000,Not Applicable,22,10:00pm-10:59pm,4,4,22,10:00pm-10:59pm,14,14,22,10:00pm-10:59pm,41,41,,,,,,,1,
2023,55,550351,Wisconsin,1,1,0,0,0,1,1,25,DANE (25),2780,MADISON,16,16,9,September,2023,7,Saturday,19,7:00pm-7:59pm,32,32,0,This Section IS NOT on the NHS,2,Urban,4,Minor Arterial,4,City or Municipal Highway Agency,0,Not Signed,S WHITNEY WAY,,0,None,43.04151111,43.04151111,-89.477611110,-89.47761111,0,No Special Jurisdiction,33,Curb,0,The First Harmful Event was Not a Collision with a Motor Vehicle in Transport,0,No,1,Non-Junction,1,Not an Intersection,0,None,,,3,On Median,3,Dark - Lighted,,,,,1,Clear,0,No,0000000,Not Applicable,19,7:00pm-7:59pm,32,32,19,7:00pm-7:59pm,37,37,20,8:00pm-8:59pm,9,9,,,,,,,1,
2023,55,550352,Wisconsin,1,1,0,0,0,1,1,25,DANE (25),2780,MADISON,19,19,9,September,2023,3,Tuesday,21,9:00pm-9:59pm,50,50,1,This Section IS ON the NHS,2,Urban,2,Other Freeways and Expressways,1,State Highway Agency,3,State Highway,SR-30,,99998,Not Reported,43.10433056,43.10433056,-89.296569440,-89.29656944,0,No Special Jurisdiction,1,Rollover/Overturn,0,The First Harmful Event was Not a Collision with a Motor Vehicle in Transport,0,No,1,Non-Junction,1,Not an Intersection,0,None,,,1,On Roadway,3,Dark - Lighted,,,,,1,Clear,0,No,0000000,Not Applicable,21,9:00pm-9:59pm,51,51,21,9:00pm-9:59pm,55,55,22,10:00pm-10:59pm,31,31,,,,,,,1,
2023,55,550353,Wisconsin,1,1,0,1,1,1,1,79,MILWAUKEE (79),3100,MILWAUKEE,31,31,8,August,2023,5,Thursday,20,8:00pm-8:59pm,45,45,0,This Section IS NOT on the NHS,2,Urban,5,Major Collector,4,City or Municipal Highway Agency,0,Not Signed,W CONGRESS ST,W 37TH ST,0,None,43.09713611,43.09713611,-87.959350000,-87.95935000,0,No Special Jurisdiction,9,Pedalcyclist,0,The First Harmful Event was Not a Collision with a Motor Vehicle in Transport,0,No,3,Intersection-Related,3,T-Intersection,0,None,,,1,On Roadway,3,Dark - Lighted,,,,,1,Clear,0,No,0000000,Not Applicable,99,Unknown,99,Unknown,99,Unknown EMS Scene Arrival Hour,99,Unknown EMS Scene Arrival Minutes,88,"Not Applicable (Not Transported) ",88,Not Applicable (Not Transported),,,,,,,1,
2023,55,550354,Wisconsin,1,1,0,0,0,1,1,113,SAWYER (113),0,NOT APPLICABLE,16,16,7,July,2023,1,Sunday,13,1:00pm-1:59pm,53,53,0,This Section IS NOT on the NHS,1,Rural,4,Minor Arterial,1,State Highway Agency,3,State Highway,SR-48,,99998,Not Reported,45.67652778,45.67652778,-91.253752780,-91.25375278,0,No Special Jurisdiction,34,Ditch,0,The First Harmful Event was Not a Collision with a Motor Vehicle in Transport,0,No,1,Non-Junction,1,Not an Intersection,0,None,,,4,On Roadside,1,Daylight,,,,,1,Clear,0,No,0000000,Not Applicable,13,1:00pm-1:59pm,56,56,14,2:00pm-2:59pm,10,10,88,"Not Applicable (Not Transported) ",88,Not Applicable (Not Transported),,,,,,,1,
2023,55,550355,Wisconsin,1,1,0,0,0,1,1,27,DODGE (27),0,NOT APPLICABLE,22,22,9,September,2023,6,Friday,16,4:00pm-4:59pm,47,47,1,This Section IS ON the NHS,1,Rural,3,Other Principal Arterial,1,State Highway Agency,3,State Highway,SR-26,,99998,Not Reported,43.52700278,43.52700278,-88.707019440,-88.70701944,0,No Special Jurisdiction,42,Tree (Standing Only),0,The First Harmful Event was Not a Collision with a Motor Vehicle in Transport,0,No,1,Non-Junction,1,Not an Intersection,0,None,,,4,On Roadside,1,Daylight,,,,,1,Clear,0,No,0000000,Not Applicable,16,4:00pm-4:59pm,48,48,17,5:00pm-5:59pm,5,5,88,"Not Applicable (Not Transported) ",88,Not Applicable (Not Transported),,,,,,,1,
2023,55,550356,Wisconsin,1,1,0,1,1,2,2,51,IRON (51),0,NOT APPLICABLE,23,23,9,September,2023,7,Saturday,6,6:00am-6:59am,18,18,1,This Section IS ON the NHS,1,Rural,3,Other Principal Arterial,1,State Highway Agency,2,U.S. Highway,US-51,,99998,Not Reported,46.18387222,46.18387222,-90.118413890,-90.11841389,0,No Special Jurisdiction,9,Pedalcyclist,0,The First Harmful Event was Not a Collision with a Motor Vehicle in Transport,0,No,1,Non-Junction,1,Not an Intersection,0,None,,,1,On Roadway,2,Dark - Not Lighted,,,,,2,Rain,0,No,0000000,Not Applicable,6,6:00am-6:59am,18,18,6,6:00am-6:59am,37,37,7,7:00am-7:59am,19,19,,,,,,,1,
2023,55,550357,Wisconsin,1,1,0,0,0,1,1,73,MARATHON (73),0,NOT APPLICABLE,27,27,9,September,2023,4,Wednesday,20,8:00pm-8:59pm,53,53,0,This Section IS NOT on the NHS,1,Rural,5,Major Collector,2,County Highway Agency,4,County,CR-B,,0,None,44.86986944,44.86986944,-89.807419440,-89.80741944,0,No Special Jurisdiction,32,Culvert,0,The First Harmful Event was Not a Collision with a Motor Vehicle in Transport,0,No,1,Non-Junction,1,Not an Intersection,0,None,,,4,On Roadside,2,Dark - Not Lighted,,,,,10,Cloudy,0,No,0000000,Not Applicable,88,Not Applicable (Not Notified),88,Not Applicable (Not Notified),88,Not Applicable,88,Not Applicable,88,"Not Applicable (Not Transported) ",88,Not Applicable (Not Transported),,,,,,,1,
2023,55,550358,Wisconsin,2,2,0,0,0,3,3,95,POLK (95),0,NOT APPLICABLE,29,29,8,August,2023,3,Tuesday,16,4:00pm-4:59pm,55,55,1,This Section IS ON the NHS,1,Rural,3,Other Principal Arterial,1,State Highway Agency,3,State Highway,SR-35,,99998,Not Reported,45.23775000,45.23775000,-92.697511110,-92.69751111,0,No Special Jurisdiction,12,Motor Vehicle In-Transport,6,Angle,0,No,8,Driveway Access Related,1,Not an Intersection,0,None,,,1,On Roadway,1,Daylight,,,,,1,Clear,0,No,0000000,Not Applicable,99,Unknown,99,Unknown,99,Unknown EMS Scene Arrival Hour,99,Unknown EMS Scene Arrival Minutes,99,Unknown,99,Unknown EMS Hospital Arrival Time,,,,,,,1,
2023,55,550359,Wisconsin,1,1,0,0,0,1,1,97,PORTAGE (97),0,NOT APPLICABLE,29,29,9,September,2023,6,Friday,23,11:00pm-11:59pm,20,20,0,This Section IS NOT on the NHS,1,Rural,5,Major Collector,2,County Highway Agency,4,County,CR-W,,0,None,44.30556389,44.30556389,-89.473369440,-89.47336944,0,No Special Jurisdiction,11,Live Animal,0,The First Harmful Event was Not a Collision with a Motor Vehicle in Transport,0,No,1,Non-Junction,1,Not an Intersection,0,None,,,1,On Roadway,2,Dark - Not Lighted,,,,,1,Clear,0,No,0000000,Not Applicable,23,11:00pm-11:59pm,21,21,23,11:00pm-11:59pm,32,32,88,"Not Applicable (Not Transported) ",88,Not Applicable (Not Transported),,,,,,,1,