caseyear,state,st_case,statename,ve_total,ve_forms,pvh_invl,peds,pernotmvit,permvit,persons,county,countyname,city,cityname,day,dayname,month,monthname,year,day_week,day_weekname,hour,hourname,minute,minutename,nhs,nhsname,rur_urb,rur_urbname,func_sys,func_sysname,rd_owner,rd_ownername,route,routename,tway_id,tway_id2,milept,mileptname,latitude,latitudename,longitud,longitudname,sp_jur,sp_jurname,harm_ev,harm_evname,man_coll,man_collname,reljct1,reljct1name,reljct2,reljct2name,typ_int,typ_intname,wrk_zone,wrk_zonename,road_fnc,road_fncname,rel_road,rel_roadname,lgt_cond,lgt_condname,weather1,weather1name,weather2,weather2name,weather,weathername,sch_bus,sch_busname,rail,railname,not_hour,not_hourname,not_min,not_minname,arr_hour,arr_hourname,arr_min,arr_minname,hosp_hr,hosp_hrname,hosp_mn,hosp_mnname,cf1,cf1name,cf2,cf2name,cf3,cf3name,fatals,drunk_dr
2023,55,550360,Wisconsin,1,1,0,1,1,1,1,79,MILWAUKEE (79),3100,MILWAUKEE,11,11,9,September,2023,2,Monday,2,2:00am-2:59am,30,30,1,This Section IS ON the NHS,2,Urban,3,Other Principal Arterial,4,City or Municipal Highway Agency,0,Not Signed,W SILVER SPRING DR,,0,None,43.11946111,43.11946111,-87.991477780,-87.99147778,0,No Special Jurisdiction,8,Pedestrian,0,The First Harmful Event was Not a Collision with a Motor Vehicle in Transport,0,No,1,Non-Junction,1,Not an Intersection,0,None,,,1,On Roadway,6,Dark - Unknown Lighting,,,,,2,Rain,0,No,0000000,Not Applicable,99,Unknown,99,Unknown,99,Unknown EMS Scene Arrival Hour,99,Unknown EMS Scene Arrival Minutes,88,"Not Applicable (Not Transported) ",88,Not Applicable (Not Transported),,,,,,,1,
2023,55,550361,Wisconsin,3,3,0,0,0,5,5,95,POLK (95),0,NOT APPLICABLE,13,13,9,September,2023,4,Wednesday,17,5:00pm-5:59pm,15,15,1,This Section IS ON the NHS,1,Rural,3,Other Principal Arterial,1,State Highway Agency,2,U.S. Highway,US-8,,99998,Not Reported,45.39561389,45.39561389,-92.221647220,-92.22164722,0,No Special Jurisdiction,12,Motor Vehicle In-Transport,2,Front-to-Front,0,No,1,Non-Junction,1,Not an Intersection,0,None,,,1,On Roadway,1,Daylight,,,,,1,Clear,0,No,0000000,Not Applicable,99,Unknown,99,Unknown,99,Unknown EMS Scene Arrival Hour,99,Unknown EMS Scene Arrival Minutes,99,Unknown,99,Unknown EMS Hospital Arrival Time,,,,,,,3,
2023,55,550362,Wisconsin,2,2,0,0,0,3,3,15,CALUMET (15),0,NOT APPLICABLE,14,14,9,September,2023,5,Thursday,7,7:00am-7:59am,22,22,0,This Section IS NOT on the NHS,1,Rural,7,Local,3,Town or Township Highway Agency,0,Not Signed,FOUNDRY RD,PLYMOUTH TRL,0,None,43.92071944,43.92071944,-88.102516670,-88.10251667,0,No Special Jurisdiction,12,Motor Vehicle In-Transport,6,Angle,0,No,2,Intersection,2,Four-Way Intersection,0,None,,,1,On Roadway,1,Daylight,,,,,10,Cloudy,0,No,0000000,Not Applicable,7,7:00am-7:59am,29,29,7,7:00am-7:59am,37,37,8,8:00am-8:59am,57,57,,,,,,,1,
2023,55,550363,Wisconsin,2,2,0,0,0,3,3,101,RACINE (101),3970,RACINE,16,16,9,September,2023,7,Saturday,17,5:00pm-5:59pm,1,1,0,This Section IS NOT on the NHS,2,Urban,5,Major Collector,4,City or Municipal Highway Agency,0,Not Signed,CARLISLE AVE,,0,None,42.74451111,42.74451111,-87.803219440,-87.80321944,0,No Special Jurisdiction,12,Motor Vehicle In-Transport,6,Angle,0,No,8,Driveway Access Related,1,Not an Intersection,0,None,,,1,On Roadway,1,Daylight,,,,,1,Clear,0,No,0000000,Not Applicable,17,5:00pm-5:59pm,2,2,17,5:00pm-5:59pm,4,4,17,5:00pm-5:59pm,37,37,,,,,,,1,
2023,55,550364,Wisconsin,2,2,0,0,0,3,3,109,ST CROIX (109),0,NOT APPLICABLE,23,23,9,September,2023,7,Saturday,17,5:00pm-5:59pm,26,26,0,This Section IS NOT on the NHS,1,Rural,5,Major Collector,2,County Highway Agency,4,County,CR-D,CR-DD,0,None,45.03216667,45.03216667,-92.257836110,-92.25783611,0,No Special Jurisdiction,12,Motor Vehicle In-Transport,6,Angle,0,No,2,Intersection,2,Four-Way Intersection,0,None,,,1,On Roadway,1,Daylight,,,,,10,Cloudy,0,No,0000000,Not Applicable,17,5:00pm-5:59pm,29,29,17,5:00pm-5:59pm,34,34,18,6:00pm-6:59pm,13,13,,,,,,,1,
2023,55,550365,Wisconsin,2,2,0,0,0,3,3,101,RACINE (101),9997,Other,24,24,9,September,2023,1,Sunday,9,9:00am-9:59am,7,7,0,This Section IS NOT on the NHS,1,Rural,7,Local,1,State Highway Agency,3,State Highway,SR-K,W FRONTAGE RD,0,None,42.77876944,42.77876944,-87.957505560,-87.95750556,0,No Special Jurisdiction,12,Motor Vehicle In-Transport,6,Angle,0,No,2,Intersection,2,Four-Way Intersection,0,None,,,1,On Roadway,1,Daylight,,,,,1,Clear,0,No,0000000,Not Applicable,9,9:00am-9:59am,8,8,9,9:00am-9:59am,20,20,99,Unknown,99,Unknown EMS Hospital Arrival Time,,,,,,,1,
2023,55,550366,Wisconsin,3,3,0,0,0,3,3,87,OUTAGAMIE (87),0,NOT APPLICABLE,28,28,9,September,2023,5,Thursday,5,5:00am-5:59am,45,45,0,This Section IS NOT on the NHS,1,Rural,5,Major Collector,2,County Highway Agency,4,County,CR-S,CR-EE,0,None,44.38684167,44.38684167,-88.374633330,-88.37463333,0,No Special Jurisdiction,12,Motor Vehicle In-Transport,6,Angle,0,No,2,Intersection,2,Four-Way Intersection,0,None,,,1,On Roadway,2,Dark - Not Lighted,,,,,10,Cloudy,0,No,0000000,Not Applicable,5,5:00am-5:59am,0,0,6,6:00am-6:59am,0,0,99,Unknown,99,Unknown EMS Hospital Arrival Time,,,,,,,1,
2023,55,550367,Wisconsin,1,1,0,1,1,1,1,25,DANE (25),2780,MADISON,29,29,9,September,2023,6,Friday,23,11:00pm-11:59pm,7,7,1,This Section IS ON the NHS,2,Urban,2,Other Freeways and Expressways,1,State Highway Agency,2,U.S. Highway,US-12,,99998,Not Reported,43.04665000,43.04665000,-89.474316670,-89.47431667,0,No Special Jurisdiction,8,Pedestrian,0,The First Harmful Event was Not a Collision with a Motor Vehicle in Transport,0,No,1,Non-Junction,1,Not an Intersection,0,None,,,1,On Roadway,3,Dark - Lighted,,,,,1,Clear,0,No,0000000,Not Applicable,23,11:00pm-11:59pm,11,11,23,11:00pm-11:59pm,21,21,88,"Not Applicable (Not Transported) ",88,Not Applicable (Not Transported),,,,,,,1,
2023,55,550368,Wisconsin,1,1,0,0,0,2,2,121,TREMPEALEAU (121),0,NOT APPLICABLE,14,14,8,August,2023,2,Monday,8,8:00am-8:59am,30,30,1,This Section IS ON the NHS,1,Rural,1,Interstate,1,State Highway Agency,1,Interstate,I-94,,99998,Not Reported,44.55023056,44.55023056,-91.165861110,-91.16586111,0,No Special Jurisdiction,31,"Post, Pole or Other Supports",0,The First Harmful Event was Not a Collision with a Motor Vehicle in Transport,0,No,1,Non-Junction,1,Not an Intersection,1,Construction,,,4,On Roadside,1,Daylight,,,,,2,Rain,0,No,0000000,Not Applicable,8,8:00am-8:59am,34,34,8,8:00am-8:59am,38,38,99,Unknown,99,Unknown EMS Hospital Arrival Time,,,,,,,1,
2023,55,550369,Wisconsin,1,1,0,0,0,1,1,79,MILWAUKEE (79),3100,MILWAUKEE,30,30,9,September,2023,7,Saturday,20,8:00pm-8:59pm,5,5,0,This Section IS NOT on the NHS,2,Urban,4,Minor Arterial,1,State Highway Agency,3,State Highway,SR-190 W CAPITOL DR,,99998,Not Reported,43.08948611,43.08948611,-87.937338890,-87.93733889,0,No Special Jurisdiction,33,Curb,0,The First Harmful Event was Not a Collision with a Motor Vehicle in Transport,0,No,1,Non-Junction,1,Not an Intersection,0,None,,,4,On Roadside,3,Dark - Lighted,,,,,1,Clear,0,No,0000000,Not Applicable,99,Unknown,99,Unknown,99,Unknown EMS Scene Arrival Hour,99,Unknown EMS Scene Arrival Minutes,99,Unknown,99,Unknown EMS Hospital Arrival Time,,,,,,,1,
2023,55,550370,Wisconsin,1,1,0,0,0,1,1,25,DANE (25),2770,MCFARLAND,19,19,5,May,2023,6,Friday,9,9:00am-9:59am,51,51,0,This Section IS NOT on the NHS,2,Urban,7,Local,4,City or Municipal Highway Agency,6,Municipal,MU-FARWELL ST,,0,None,43.01356389,43.01356389,-89.303658330,-89.30365833,0,No Special Jurisdiction,1,Rollover/Overturn,0,The First Harmful Event was Not a Collision with a Motor Vehicle in Transport,0,No,8,Driveway Access Related,1,Not an Intersection,0,None,,,4,On Roadside,1,Daylight,,,,,10,Cloudy,0,No,0000000,Not Applicable,10,10:00am-10:59am,0,0,10,10:00am-10:59am,4,4,99,Unknown,99,Unknown EMS Hospital Arrival Time,,,,,,,1,
2023,55,550371,Wisconsin,2,2,0,0,0,2,2,7,BAYFIELD (7),0,NOT APPLICABLE,31,31,5,May,2023,4,Wednesday,4,4:00am-4:59am,9,9,1,This Section IS ON the NHS,1,Rural,3,Other Principal Arterial,1,State Highway Agency,2,U.S. Highway,US-2,,99998,Not Reported,46.53130833,46.53130833,-91.089919440,-91.08991944,0,No Special Jurisdiction,12,Motor Vehicle In-Transport,2,Front-to-Front,0,No,1,Non-Junction,1,Not an Intersection,0,None,,,1,On Roadway,4,Dawn,,,,,1,Clear,0,No,0000000,Not Applicable,4,4:00am-4:59am,9,9,4,4:00am-4:59am,25,25,88,"Not Applicable (Not Transported) ",88,Not Applicable (Not Transported),,,,,,,1,
2023,55,550372,Wisconsin,1,1,0,0,0,1,1,103,RICHLAND (103),0,NOT APPLICABLE,9,9,9,September,2023,7,Saturday,14,2:00pm-2:59pm,25,25,0,This Section IS NOT on the NHS,1,Rural,7,Local,3,Town or Township Highway Agency,0,Not Signed,SPANGLER RIDGE RD,,0,None,43.50577500,43.50577500,-90.500575000,-90.50057500,0,No Special Jurisdiction,1,Rollover/Overturn,0,The First Harmful Event was Not a Collision with a Motor Vehicle in Transport,0,No,1,Non-Junction,1,Not an Intersection,0,None,,,1,On Roadway,1,Daylight,,,,,1,Clear,0,No,0000000,Not Applicable,14,2:00pm-2:59pm,40,40,15,3:00pm-3:59pm,11,11,99,Unknown,99,Unknown EMS Hospital Arrival Time,,,,,,,1,
2023,55,550373,Wisconsin,1,1,0,0,0,1,1,111,SAUK (111),0,NOT APPLICABLE,1,1,10,October,2023,1,Sunday,17,5:00pm-5:59pm,41,41,0,This Section IS NOT on the NHS,1,Rural,5,Major Collector,2,County Highway Agency,4,County,CR-G,,0,None,43.61005278,43.61005278,-90.245925000,-90.24592500,0,No Special Jurisdiction,34,Ditch,0,The First Harmful Event was Not a Collision with a Motor Vehicle in Transport,0,No,1,Non-Junction,1,Not an Intersection,0,None,,,4,On Roadside,1,Daylight,,,,,1,Clear,0,No,0000000,Not Applicable,17,5:00pm-5:59pm,45,45,17,5:00pm-5:59pm,56,56,99,Unknown,99,Unknown EMS Hospital Arrival Time,,,,,,,1,
2023,55,550374,Wisconsin,1,1,0,0,0,1,1,95,POLK (95),0,NOT APPLICABLE,8,8,9,September,2023,6,Friday,17,5:00pm-5:59pm,38,38,0,This Section IS NOT on the NHS,1,Rural,6,Minor Collector,2,County Highway Agency,4,County,CR-D,,0,None,45.35994167,45.35994167,-92.219530560,-92.21953056,0,No Special Jurisdiction,34,Ditch,0,The First Harmful Event was Not a Collision with a Motor Vehicle in Transport,0,No,1,Non-Junction,1,Not an Intersection,0,None,,,4,On Roadside,1,Daylight,,,,,1,Clear,0,No,0000000,Not Applicable,99,Unknown,99,Unknown,99,Unknown EMS Scene Arrival Hour,99,Unknown EMS Scene Arrival Minutes,99,Unknown,99,Unknown EMS Hospital Arrival Time,,,,,,,1,
2023,55,550375,Wisconsin,2,2,0,0,0,4,4,65,LAFAYETTE (65),0,NOT APPLICABLE,26,26,9,September,2023,3,Tuesday,13,1:00pm-1:59pm,54,54,1,This Section IS ON the NHS,1,Rural,3,Other Principal Arterial,1,State Highway Agency,3,State Highway,SR-11,,99998,Not Reported,42.56644444,42.56644444,-89.975280560,-89.97528056,0,No Special Jurisdiction,12,Motor Vehicle In-Transport,8,Sideswipe - Opposite Direction,0,No,1,Non-Junction,1,Not an Intersection,0,None,,,1,On Roadway,1,Daylight,,,,,10,Cloudy,0,No,0000000,Not Applicable,13,1:00pm-1:59pm,55,55,14,2:00pm-2:59pm,0,0,99,Unknown,99,Unknown EMS Hospital Arrival Time,,,,,,,2,
2023,55,550376,Wisconsin,2,2,0,0,0,2,2,39,FOND DU LAC (39),0,NOT APPLICABLE,29,29,9,September,2023,6,Friday,6,6:00am-6:59am,43,43,1,This Section IS ON the NHS,2,Urban,3,Other Principal Arterial,1,State Highway Agency,3,State Highway,SR-23,CR-T,99998,Not Reported,43.78490000,43.78490000,-88.502702780,-88.50270278,0,No Special Jurisdiction,12,Motor Vehicle In-Transport,11,"Other ",1,Yes,2,Intersection,2,Four-Way Intersection,0,None,,,1,On Roadway,1,Daylight,,,,,5,"Fog, Smog, Smoke",0,No,0000000,Not Applicable,99,Unknown,99,Unknown,99,Unknown EMS Scene Arrival Hour,99,Unknown EMS Scene Arrival Minutes,88,"Not Applicable (Not Transported) ",88,Not Applicable (Not Transported),,,,,,,1,
2023,55,550377,Wisconsin,1,1,0,0,0,1,1,137,WAUSHARA (137),0,NOT APPLICABLE,3,3,9,September,2023,1,Sunday,17,5:00pm-5:59pm,34,34,0,This Section IS NOT on the NHS,1,Rural,7,Local,2,County Highway Agency,4,County,CR-CC,,0,None,43.99556667,43.99556667,-89.561636110,-89.56163611,0,No Special Jurisdiction,1,Rollover/Overturn,0,The First Harmful Event was Not a Collision with a Motor Vehicle in Transport,0,No,1,Non-Junction,1,Not an Intersection,0,None,,,4,On Roadside,1,Daylight,,,,,1,Clear,0,No,0000000,Not Applicable,99,Unknown,99,Unknown,99,Unknown EMS Scene Arrival Hour,99,Unknown EMS Scene Arrival Minutes,99,Unknown,99,Unknown EMS Hospital Arrival Time,,,,,,,1,
2023,55,550378,Wisconsin,2,2,0,0,0,2,2,127,WALWORTH (127),2520,LAKE GENEVA,1,1,10,October,2023,1,Sunday,12,12:00pm-12:59pm,57,57,1,This Section IS ON the NHS,2,Urban,3,Other Principal Arterial,2,County Highway Agency,4,County,CR-H INTERCHANGE NORTH,MINAHAN RD,99998,Not Reported,42.60551667,42.60551667,-88.428200000,-88.42820000,0,No Special Jurisdiction,12,Motor Vehicle In-Transport,6,Angle,0,No,2,Intersection,3,T-Intersection,0,None,,,1,On Roadway,1,Daylight,,,,,1,Clear,0,No,0000000,Not Applicable,12,12:00pm-12:59pm,57,57,13,1:00pm-1:59pm,0,0,88,"Not Applicable (Not Transported) ",88,Not Applicable (Not Transported),,,,,,,1,
2023,55,550379,Wisconsin,1,1,0,0,0,3,3,13,BURNETT (13),0,NOT APPLICABLE,4,4,10,October,2023,4,Wednesday,2,2:00am-2:59am,49,49,0,This Section IS NOT on the NHS,1,Rural,4,Minor Arterial,1,State Highway Agency,3,State Highway,SR-35,,99998,Not Reported,45.98189167,45.98189167,-92.366072220,-92.36607222,0,No Special Jurisdiction,1,Rollover/Overturn,0,The First Harmful Event was Not a Collision with a Motor Vehicle in Transport,0,No,1,Non-Junction,1,Not an Intersection,0,None,,,4,On Roadside,2,Dark - Not Lighted,,,,,1,Clear,0,No,0000000,Not Applicable,2,2:00am-2:59am,59,59,3,3:00am-3:59am,5,5,99,Unknown,99,Unknown EMS Hospital Arrival Time,,,,,,,1,
2023,55,550380,Wisconsin,1,1,0,0,0,2,2,133,WAUKESHA (133),0,NOT APPLICABLE,5,5,10,October,2023,5,Thursday,17,5:00pm-5:59pm,48,48,0,This Section IS NOT on the NHS,2,Urban,5,Major Collector,3,Town or Township Highway Agency,99,Unknown/Not Reported,LAKE FIVE RD,,0,None,43.17332222,43.17332222,-88.292241670,-88.29224167,0,No Special Jurisdiction,42,Tree (Standing Only),0,The First Harmful Event was Not a Collision with a Motor Vehicle in Transport,0,No,1,Non-Junction,1,Not an Intersection,0,None,,,4,On Roadside,1,Daylight,,,,,1,Clear,0,No,0000000,Not Applicable,17,5:00pm-5:59pm,50,50,18,6:00pm-6:59pm,0,0,18,6:00pm-6:59pm,35,35,,,,,,,1,
2023,55,550381,Wisconsin,2,2,0,0,0,2,2,127,WALWORTH (127),0,NOT APPLICABLE,2,2,10,October,2023,2,Monday,16,4:00pm-4:59pm,57,57,0,This Section IS NOT on the NHS,2,Urban,3,Other Principal Arterial,2,County Highway Agency,4,County,CR-NN,CR-USH12,0,None,42.66988056,42.66988056,-88.520347220,-88.52034722,0,No Special Jurisdiction,12,Motor Vehicle In-Transport,6,Angle,1,Yes,2,Intersection,3,T-Intersection,0,None,,,1,On Roadway,1,Daylight,,,,,8,Other,0,No,0000000,Not Applicable,99,Unknown,99,Unknown,99,Unknown EMS Scene Arrival Hour,99,Unknown EMS Scene Arrival Minutes,99,Unknown,99,Unknown EMS Hospital Arrival Time,,,,,,,1,
2023,55,550382,Wisconsin,2,2,0,0,0,2,2,79,MILWAUKEE (79),3100,MILWAUKEE,28,28,9,September,2023,5,Thursday,22,10:00pm-10:59pm,48,48,1,This Section IS ON the NHS,2,Urban,1,Interstate,1,State Highway Agency,1,Interstate,I-94,,99998,Not Reported,43.02821944,43.02821944,-88.025908330,-88.02590833,0,No Special Jurisdiction,12,Motor Vehicle In-Transport,1,Front-to-Rear,0,No,1,Non-Junction,1,Not an Intersection,0,None,,,1,On Roadway,3,Dark - Lighted,,,,,1,Clear,0,No,0000000,Not Applicable,22,10:00pm-10:59pm,54,54,23,11:00pm-11:59pm,10,10,88,"Not Applicable (Not Transported) ",88,Not Applicable (Not Transported),,,,,,,1,
2023,55,550384,Wisconsin,2,2,0,0,0,5,5,75,MARINETTE (75),0,NOT APPLICABLE,6,6,10,October,2023,6,Friday,16,4:00pm-4:59pm,33,33,1,This Section IS ON the NHS,1,Rural,3,Other Principal Arterial,1,State Highway Agency,2,U.S. Highway,US-41,KAMM RD,99998,Not Reported,45.05093333,45.05093333,-87.799777780,-87.79977778,0,No Special Jurisdiction,12,Motor Vehicle In-Transport,6,Angle,1,Yes,2,Intersection,2,Four-Way Intersection,0,None,,,1,On Roadway,1,Daylight,,,,,10,Cloudy,0,No,0000000,Not Applicable,16,4:00pm-4:59pm,38,38,16,4:00pm-4:59pm,50,50,17,5:00pm-5:59pm,22,22,,,,,,,1,
2023,55,550385,Wisconsin,2,2,0,0,0,2,2,141,WOOD (141),0,NOT APPLICABLE,22,22,9,September,2023,6,Friday,5,5:00am-5:59am,44,44,0,This Section IS NOT on the NHS,1,Rural,7,Local,2,County Highway Agency,4,County,CR-Y,SHADY RD,0,None,44.67021389,44.67021389,-90.045336110,-90.04533611,0,No Special Jurisdiction,12,Motor Vehicle In-Transport,6,Angle,1,Yes,2,Intersection,2,Four-Way Intersection,0,None,,,1,On Roadway,2,Dark - Not Lighted,,,,,5,"Fog, Smog, Smoke",0,No,0000000,Not Applicable,5,5:00am-5:59am,45,45,5,5:00am-5:59am,55,55,6,6:00am-6:59am,5,5,,,,,,,1,
2023,55,550386,Wisconsin,2,2,0,0,0,2,2,95,POLK (95),3610,OSCEOLA,6,6,10,October,2023,6,Friday,8,8:00am-8:59am,16,16,1,This Section IS ON the NHS,1,Rural,3,Other Principal Arterial,1,State Highway Agency,3,State Highway,SR-35,,99998,Not Reported,45.30495556,45.30495556,-92.698105560,-92.69810556,0,No Special Jurisdiction,12,Motor Vehicle In-Transport,6,Angle,0,No,1,Non-Junction,1,Not an Intersection,0,None,,,1,On Roadway,1,Daylight,,,,,2,Rain,0,No,0000000,Not Applicable,8,8:00am-8:59am,18,18,8,8:00am-8:59am,27,27,8,8:00am-8:59am,40,40,,,,,,,1,
2023,55,550387,Wisconsin,1,1,0,0,0,2,2,139,WINNEBAGO (139),0,NOT APPLICABLE,17,17,10,October,2023,3,Tuesday,15,3:00pm-3:59pm,15,15,0,This Section IS NOT on the NHS,1,Rural,5,Major Collector,2,County Highway Agency,4,County,CR-M,,0,None,43.93518056,43.93518056,-88.739363890,-88.73936389,0,No Special Jurisdiction,35,Embankment,0,The First Harmful Event was Not a Collision with a Motor Vehicle in Transport,0,No,1,Non-Junction,1,Not an Intersection,0,None,,,4,On Roadside,1,Daylight,,,,,1,Clear,0,No,0000000,Not Applicable,15,3:00pm-3:59pm,18,18,15,3:00pm-3:59pm,34,34,88,"Not Applicable (Not Transported) ",88,Not Applicable (Not Transported),,,,,,,2,
2023,55,550388,Wisconsin,2,2,0,0,0,2,2,49,IOWA (49),0,NOT APPLICABLE,19,19,10,October,2023,5,Thursday,12,12:00pm-12:59pm,2,2,1,This Section IS ON the NHS,1,Rural,3,Other Principal Arterial,1,State Highway Agency,2,U.S. Highway,US-18,CR-Y,99998,Not Reported,42.96945833,42.96945833,-90.044961110,-90.04496111,0,No Special Jurisdiction,12,Motor Vehicle In-Transport,6,Angle,0,No,2,Intersection,2,Four-Way Intersection,0,None,,,1,On Roadway,1,Daylight,,,,,10,Cloudy,0,No,0000000,Not Applicable,12,12:00pm-12:59pm,4,4,12,12:00pm-12:59pm,17,17,88,"Not Applicable (Not Transported) ",88,Not Applicable (Not Transported),,,,,,,1,
2023,55,550389,Wisconsin,1,1,0,6,6,1,1,65,LAFAYETTE (65),0,NOT APPLICABLE,8,8,10,October,2023,1,Sunday,19,7:00pm-7:59pm,5,5,0,This Section IS NOT on the NHS,1,Rural,4,Minor Arterial,1,State Highway Agency,3,State Highway,SR-81,,99998,Not Reported,42.66794722,42.66794722,-90.161316670,-90.16131667,0,No Special Jurisdiction,49,Ridden Animal or Animal Drawn Conveyance,0,The First Harmful Event was Not a Collision with a Motor Vehicle in Transport,0,No,1,Non-Junction,1,Not an Intersection,0,None,,,1,On Roadway,5,Dusk,,,,,1,Clear,0,No,0000000,Not Applicable,19,7:00pm-7:59pm,9,9,19,7:00pm-7:59pm,13,13,19,7:00pm-7:59pm,32,32,,,,,,,1,
2023,55,550390,Wisconsin,1,1,0,0,0,1,1,75,MARINETTE (75),0,NOT APPLICABLE,21,21,10,October,2023,7,Saturday,99,Unknown Hours,99,Unknown Minutes,0,This Section IS NOT on the NHS,1,Rural,7,Local,3,Town or Township Highway Agency,99,Unknown/Not Reported,PERCH LAKE RD,NEJEDLO RD,0,None,45.37166667,45.37166667,-88.019277780,-88.01927778,0,No Special Jurisdiction,34,Ditch,0,The First Harmful Event was Not a Collision with a Motor Vehicle in Transport,0,No,3,Intersection-Related,3,T-Intersection,0,None,,,4,On Roadside,9,Reported as Unknown,,,,,99,Reported as Unknown,0,No,0000000,Not Applicable,8,8:00am-8:59am,54,54,9,9:00am-9:59am,23,23,88,"Not Applicable (Not Transported) ",88,Not Applicable (Not Transported),,,,,,,1,
2023,55,550391,Wisconsin,1,1,0,0,0,4,4,63,LA CROSSE (63),0,NOT APPLICABLE,22,22,10,October,2023,1,Sunday,20,8:00pm-8:59pm,23,23,0,This Section IS NOT on the NHS,2,Urban,7,Local,3,Town or Township Highway Agency,99,Unknown/Not Reported,N KINNEY COULEE RD,,99998,Not Reported,43.87216111,43.87216111,-91.140688890,-91.14068889,0,No Special Jurisdiction,34,Ditch,0,The First Harmful Event was Not a Collision with a Motor Vehicle in Transport,0,No,1,Non-Junction,1,Not an Intersection,0,None,,,4,On Roadside,2,Dark - Not Lighted,,,,,1,Clear,0,No,0000000,Not Applicable,20,8:00pm-8:59pm,25,25,20,8:00pm-8:59pm,40,40,21,9:00pm-9:59pm,0,0,,,,,,,1,
2023,55,550392,Wisconsin,1,1,0,0,0,1,1,133,WAUKESHA (133),0,NOT APPLICABLE,15,15,10,October,2023,1,Sunday,16,4:00pm-4:59pm,41,41,0,This Section IS NOT on the NHS,2,Urban,5,Major Collector,3,Town or Township Highway Agency,99,Unknown/Not Reported,RYBECK RD,,99998,Not Reported,43.13000000,43.13000000,-88.339219440,-88.33921944,0,No Special Jurisdiction,42,Tree (Standing Only),0,The First Harmful Event was Not a Collision with a Motor Vehicle in Transport,0,No,1,Non-Junction,1,Not an Intersection,0,None,,,4,On Roadside,1,Daylight,,,,,1,Clear,0,No,0000000,Not Applicable,16,4:00pm-4:59pm,41,41,16,4:00pm-4:59pm,47,47,88,"Not Applicable (Not Transported) ",88,Not Applicable (Not Transported),,,,,,,1,
2023,55,550393,Wisconsin,1,1,0,0,0,1,1,45,GREEN (45),0,NOT APPLICABLE,21,21,10,October,2023,7,Saturday,23,11:00pm-11:59pm,5,5,0,This Section IS NOT on the NHS,1,Rural,7,Local,3,Town or Township Highway Agency,99,Unknown/Not Reported,E STATE LINE RD,HARTMAN RD,99998,Not Reported,42.50028889,42.50028889,-89.382122220,-89.38212222,0,No Special Jurisdiction,35,Embankment,0,The First Harmful Event was Not a Collision with a Motor Vehicle in Transport,0,No,3,Intersection-Related,3,T-Intersection,0,None,,,4,On Roadside,2,Dark - Not Lighted,,,,,1,Clear,0,No,0000000,Not Applicable,23,11:00pm-11:59pm,24,24,23,11:00pm-11:59pm,39,39,99,Unknown,99,Unknown EMS Hospital Arrival Time,,,,,,,1,
2023,55,550394,Wisconsin,2,2,0,0,0,2,2,127,WALWORTH (127),0,NOT APPLICABLE,6,6,10,October,2023,6,Friday,10,10:00am-10:59am,51,51,0,This Section IS NOT on the NHS,2,Urban,3,Other Principal Arterial,1,State Highway Agency,3,State Highway,SR-120,CR-H,99998,Not Reported,42.56468889,42.56468889,-88.413911110,-88.41391111,0,No Special Jurisdiction,12,Motor Vehicle In-Transport,6,Angle,0,No,2,Intersection,2,Four-Way Intersection,0,None,,,1,On Roadway,1,Daylight,,,,,10,Cloudy,0,No,0000000,Not Applicable,10,10:00am-10:59am,51,51,99,Unknown EMS Scene Arrival Hour,99,Unknown EMS Scene Arrival Minutes,88,"Not Applicable (Not Transported) ",88,Not Applicable (Not Transported),,,,,,,1,
2023,55,550395,Wisconsin,2,2,0,0,0,2,2,133,WAUKESHA (133),5060,WAUKESHA,13,13,10,October,2023,6,Friday,9,9:00am-9:59am,40,40,1,This Section IS ON the NHS,2,Urban,3,Other Principal Arterial,1,State Highway Agency,3,State Highway,SR-164,US-18,99998,Not Reported,42.97727778,42.97727778,-88.227558330,-88.22755833,0,No Special Jurisdiction,12,Motor Vehicle In-Transport,6,Angle,0,No,2,Intersection,2,Four-Way Intersection,0,None,,,1,On Roadway,1,Daylight,,,,,2,Rain,0,No,0000000,Not Applicable,9,9:00am-9:59am,42,42,9,9:00am-9:59am,45,45,10,10:00am-10:59am,16,16,,,,,,,1,
2023,55,550396,Wisconsin,3,3,0,0,0,8,8,27,DODGE (27),0,NOT APPLICABLE,25,25,10,October,2023,4,Wednesday,2,2:00am-2:59am,50,50,1,This Section IS ON the NHS,1,Rural,2,Other Freeways and Expressways,1,State Highway Agency,2,U.S. Highway,US-151,,99998,Not Reported,43.62058611,43.62058611,-88.717333330,-88.71733333,0,No Special Jurisdiction,12,Motor Vehicle In-Transport,2,Front-to-Front,0,No,1,Non-Junction,1,Not an Intersection,0,None,,,1,On Roadway,2,Dark - Not Lighted,,,,,2,Rain,0,No,0000000,Not Applicable,2,2:00am-2:59am,52,52,3,3:00am-3:59am,20,20,3,3:00am-3:59am,39,39,,,,,,,2,
2023,55,550397,Wisconsin,2,2,0,0,0,4,4,141,WOOD (141),0,NOT APPLICABLE,9,9,10,October,2023,2,Monday,3,3:00am-3:59am,40,40,0,This Section IS NOT on the NHS,1,Rural,3,Other Principal Arterial,1,State Highway Agency,3,State Highway,SR-73,POLISH RD,99998,Not Reported,44.45356111,44.45356111,-90.161133330,-90.16113333,0,No Special Jurisdiction,12,Motor Vehicle In-Transport,6,Angle,0,No,2,Intersection,2,Four-Way Intersection,0,None,,,1,On Roadway,2,Dark - Not Lighted,,,,,1,Clear,0,No,0000000,Not Applicable,88,Not Applicable (Not Notified),88,Not Applicable (Not Notified),88,Not Applicable,88,Not Applicable,88,"Not Applicable (Not Transported) ",88,Not Applicable (Not Transported),,,,,,,2,
2023,55,550398,Wisconsin,2,2,0,0,0,2,2,81,MONROE (81),0,NOT APPLICABLE,18,18,10,October,2023,4,Wednesday,14,2:00pm-2:59pm,4,4,0,This Section IS NOT on the NHS,1,Rural,5,Major Collector,1,State Highway Agency,2,U.S. Highway,US-12,,99998,Not Reported,44.09273056,44.09273056,-90.539819440,-90.53981944,0,No Special Jurisdiction,12,Motor Vehicle In-Transport,1,Front-to-Rear,0,No,1,Non-Junction,1,Not an Intersection,0,None,,,1,On Roadway,1,Daylight,,,,,1,Clear,0,No,0000000,Not Applicable,14,2:00pm-2:59pm,7,7,14,2:00pm-2:59pm,29,29,14,2:00pm-2:59pm,48,48,,,,,,,1,