caseyear,state,st_case,statename,ve_total,ve_forms,pvh_invl,peds,pernotmvit,permvit,persons,county,countyname,city,cityname,day,dayname,month,monthname,year,day_week,day_weekname,hour,hourname,minute,minutename,nhs,nhsname,rur_urb,rur_urbname,func_sys,func_sysname,rd_owner,rd_ownername,route,routename,tway_id,tway_id2,milept,mileptname,latitude,latitudename,longitud,longitudname,sp_jur,sp_jurname,harm_ev,harm_evname,man_coll,man_collname,reljct1,reljct1name,reljct2,reljct2name,typ_int,typ_intname,wrk_zone,wrk_zonename,road_fnc,road_fncname,rel_road,rel_roadname,lgt_cond,lgt_condname,weather1,weather1name,weather2,weather2name,weather,weathername,sch_bus,sch_busname,rail,railname,not_hour,not_hourname,not_min,not_minname,arr_hour,arr_hourname,arr_min,arr_minname,hosp_hr,hosp_hrname,hosp_mn,hosp_mnname,cf1,cf1name,cf2,cf2name,cf3,cf3name,fatals,drunk_dr
2023,55,550399,Wisconsin,1,1,0,0,0,4,4,73,MARATHON (73),0,NOT APPLICABLE,25,25,10,October,2023,4,Wednesday,20,8:00pm-8:59pm,48,48,0,This Section IS NOT on the NHS,1,Rural,5,Major Collector,2,County Highway Agency,4,County,CR-W,,0,None,45.11233889,45.11233889,-89.624436110,-89.62443611,0,No Special Jurisdiction,1,Rollover/Overturn,0,The First Harmful Event was Not a Collision with a Motor Vehicle in Transport,0,No,1,Non-Junction,1,Not an Intersection,0,None,,,4,On Roadside,2,Dark - Not Lighted,,,,,2,Rain,0,No,0000000,Not Applicable,99,Unknown,99,Unknown,99,Unknown EMS Scene Arrival Hour,99,Unknown EMS Scene Arrival Minutes,99,Unknown,99,Unknown EMS Hospital Arrival Time,,,,,,,1,
2023,55,550400,Wisconsin,1,1,0,0,0,1,1,111,SAUK (111),0,NOT APPLICABLE,26,26,10,October,2023,5,Thursday,99,Unknown Hours,99,Unknown Minutes,0,This Section IS NOT on the NHS,1,Rural,5,Major Collector,2,County Highway Agency,4,County,CR-V,,0,None,43.58348333,43.58348333,-90.083627780,-90.08362778,0,No Special Jurisdiction,1,Rollover/Overturn,0,The First Harmful Event was Not a Collision with a Motor Vehicle in Transport,0,No,1,Non-Junction,1,Not an Intersection,0,None,,,4,On Roadside,2,Dark - Not Lighted,,,,,2,Rain,0,No,0000000,Not Applicable,7,7:00am-7:59am,0,0,7,7:00am-7:59am,0,0,88,"Not Applicable (Not Transported) ",88,Not Applicable (Not Transported),,,,,,,1,
2023,55,550401,Wisconsin,2,2,0,0,0,2,2,49,IOWA (49),0,NOT APPLICABLE,5,5,10,October,2023,5,Thursday,16,4:00pm-4:59pm,7,7,0,This Section IS NOT on the NHS,1,Rural,5,Major Collector,1,State Highway Agency,3,State Highway,SR-130,,99998,Not Reported,43.15619444,43.15619444,-90.190369440,-90.19036944,0,No Special Jurisdiction,12,Motor Vehicle In-Transport,2,Front-to-Front,0,No,1,Non-Junction,1,Not an Intersection,0,None,,,1,On Roadway,1,Daylight,,,,,10,Cloudy,0,No,0000000,Not Applicable,16,4:00pm-4:59pm,7,7,16,4:00pm-4:59pm,18,18,99,Unknown,99,Unknown EMS Hospital Arrival Time,,,,,,,1,
2023,55,550402,Wisconsin,2,2,0,0,0,3,3,39,FOND DU LAC (39),0,NOT APPLICABLE,5,5,10,October,2023,5,Thursday,18,6:00pm-6:59pm,40,40,0,This Section IS NOT on the NHS,1,Rural,4,Minor Arterial,1,State Highway Agency,3,State Highway,SR-49,,99998,Not Reported,43.66103889,43.66103889,-88.775297220,-88.77529722,0,No Special Jurisdiction,12,Motor Vehicle In-Transport,6,Angle,0,No,8,Driveway Access Related,1,Not an Intersection,0,None,,,1,On Roadway,5,Dusk,,,,,1,Clear,0,No,0000000,Not Applicable,18,6:00pm-6:59pm,40,40,18,6:00pm-6:59pm,45,45,19,7:00pm-7:59pm,30,30,,,,,,,1,
2023,55,550403,Wisconsin,3,3,0,0,0,6,6,111,SAUK (111),0,NOT APPLICABLE,11,11,10,October,2023,4,Wednesday,8,8:00am-8:59am,38,38,1,This Section IS ON the NHS,1,Rural,1,Interstate,1,State Highway Agency,1,Interstate,I-90,,99998,Not Reported,43.54049167,43.54049167,-89.607244440,-89.60724444,0,No Special Jurisdiction,12,Motor Vehicle In-Transport,6,Angle,0,No,1,Non-Junction,1,Not an Intersection,0,None,,,1,On Roadway,1,Daylight,,,,,1,Clear,0,No,0000000,Not Applicable,99,Unknown,99,Unknown,99,Unknown EMS Scene Arrival Hour,99,Unknown EMS Scene Arrival Minutes,99,Unknown,99,Unknown EMS Hospital Arrival Time,,,,,,,1,
2023,55,550404,Wisconsin,2,2,0,0,0,3,3,39,FOND DU LAC (39),0,NOT APPLICABLE,17,17,10,October,2023,3,Tuesday,16,4:00pm-4:59pm,59,59,0,This Section IS NOT on the NHS,1,Rural,4,Minor Arterial,1,State Highway Agency,3,State Highway,SR-49,,99998,Not Reported,43.63322500,43.63322500,-88.687563890,-88.68756389,0,No Special Jurisdiction,12,Motor Vehicle In-Transport,1,Front-to-Rear,0,No,8,Driveway Access Related,1,Not an Intersection,0,None,,,1,On Roadway,1,Daylight,,,,,1,Clear,0,No,0000000,Not Applicable,17,5:00pm-5:59pm,2,2,17,5:00pm-5:59pm,5,5,99,Unknown,99,Unknown EMS Hospital Arrival Time,,,,,,,1,
2023,55,550405,Wisconsin,2,2,0,0,0,2,2,45,GREEN (45),0,NOT APPLICABLE,23,23,10,October,2023,2,Monday,19,7:00pm-7:59pm,30,30,1,This Section IS ON the NHS,1,Rural,3,Other Principal Arterial,1,State Highway Agency,3,State Highway,SR-11,CR-GG,99998,Not Reported,42.59043889,42.59043889,-89.398766670,-89.39876667,0,No Special Jurisdiction,12,Motor Vehicle In-Transport,6,Angle,0,No,2,Intersection,2,Four-Way Intersection,0,None,,,1,On Roadway,2,Dark - Not Lighted,,,,,10,Cloudy,0,No,0000000,Not Applicable,19,7:00pm-7:59pm,30,30,19,7:00pm-7:59pm,37,37,88,"Not Applicable (Not Transported) ",88,Not Applicable (Not Transported),,,,,,,1,
2023,55,550407,Wisconsin,1,1,0,0,0,1,1,45,GREEN (45),0,NOT APPLICABLE,25,25,10,October,2023,4,Wednesday,11,11:00am-11:59am,11,11,0,This Section IS NOT on the NHS,1,Rural,7,Local,3,Town or Township Highway Agency,99,Unknown/Not Reported,FREEPORT RD,THEILER RD,0,None,42.51035556,42.51035556,-89.572191670,-89.57219167,0,No Special Jurisdiction,59,"Traffic Sign Support ",0,The First Harmful Event was Not a Collision with a Motor Vehicle in Transport,0,No,3,Intersection-Related,4,Y-Intersection,0,None,,,4,On Roadside,1,Daylight,,,,,10,Cloudy,0,No,0000000,Not Applicable,15,3:00pm-3:59pm,21,21,15,3:00pm-3:59pm,35,35,88,"Not Applicable (Not Transported) ",88,Not Applicable (Not Transported),,,,,,,1,
2023,55,550408,Wisconsin,1,1,0,0,0,1,1,131,WASHINGTON (131),1890,GERMANTOWN,20,20,10,October,2023,6,Friday,23,11:00pm-11:59pm,55,55,0,This Section IS NOT on the NHS,2,Urban,7,Local,4,City or Municipal Highway Agency,99,Unknown/Not Reported,HAWTHORNE DR,,0,None,43.21686944,43.21686944,-88.114419440,-88.11441944,0,No Special Jurisdiction,18,Other Object (not fixed),0,The First Harmful Event was Not a Collision with a Motor Vehicle in Transport,0,No,1,Non-Junction,1,Not an Intersection,0,None,,,1,On Roadway,2,Dark - Not Lighted,,,,,1,Clear,0,No,0000000,Not Applicable,99,Unknown,99,Unknown,99,Unknown EMS Scene Arrival Hour,99,Unknown EMS Scene Arrival Minutes,88,"Not Applicable (Not Transported) ",88,Not Applicable (Not Transported),,,,,,,1,
2023,55,550409,Wisconsin,1,1,0,0,0,1,1,17,CHIPPEWA (17),0,NOT APPLICABLE,21,21,10,October,2023,7,Saturday,21,9:00pm-9:59pm,6,6,0,This Section IS NOT on the NHS,1,Rural,5,Major Collector,2,County Highway Agency,4,County,CR-S,,99998,Not Reported,45.03208611,45.03208611,-91.286272220,-91.28627222,0,No Special Jurisdiction,42,Tree (Standing Only),0,The First Harmful Event was Not a Collision with a Motor Vehicle in Transport,0,No,1,Non-Junction,1,Not an Intersection,0,None,,,4,On Roadside,2,Dark - Not Lighted,,,,,1,Clear,0,No,0000000,Not Applicable,21,9:00pm-9:59pm,9,9,21,9:00pm-9:59pm,20,20,88,"Not Applicable (Not Transported) ",88,Not Applicable (Not Transported),,,,,,,1,
2023,55,550410,Wisconsin,1,1,0,0,0,1,1,133,WAUKESHA (133),3490,OCONOMOWOC,9,9,9,September,2023,7,Saturday,14,2:00pm-2:59pm,29,29,0,This Section IS NOT on the NHS,2,Urban,5,Major Collector,4,City or Municipal Highway Agency,0,Not Signed,ALLEN RD,,0,None,43.10271667,43.10271667,-88.535805560,-88.53580556,0,No Special Jurisdiction,5,Fell/Jumped from Vehicle,0,The First Harmful Event was Not a Collision with a Motor Vehicle in Transport,0,No,1,Non-Junction,1,Not an Intersection,0,None,,,1,On Roadway,1,Daylight,,,,,1,Clear,0,No,0000000,Not Applicable,14,2:00pm-2:59pm,29,29,14,2:00pm-2:59pm,35,35,99,Unknown,99,Unknown EMS Hospital Arrival Time,,,,,,,1,
2023,55,550411,Wisconsin,1,1,0,1,1,1,1,41,FOREST (41),0,NOT APPLICABLE,19,19,10,October,2023,5,Thursday,21,9:00pm-9:59pm,9,9,1,This Section IS ON the NHS,1,Rural,3,Other Principal Arterial,1,State Highway Agency,2,U.S. Highway,US-8,,99998,Not Reported,45.56246944,45.56246944,-88.674036110,-88.67403611,0,No Special Jurisdiction,8,Pedestrian,0,The First Harmful Event was Not a Collision with a Motor Vehicle in Transport,0,No,1,Non-Junction,1,Not an Intersection,0,None,,,1,On Roadway,3,Dark - Lighted,,,,,10,Cloudy,0,No,0000000,Not Applicable,21,9:00pm-9:59pm,11,11,99,Unknown EMS Scene Arrival Hour,99,Unknown EMS Scene Arrival Minutes,88,"Not Applicable (Not Transported) ",88,Not Applicable (Not Transported),,,,,,,1,
2023,55,550412,Wisconsin,1,1,0,1,1,1,1,35,EAU CLAIRE (35),1470,EAU CLAIRE,19,19,10,October,2023,5,Thursday,21,9:00pm-9:59pm,54,54,1,This Section IS ON the NHS,2,Urban,3,Other Principal Arterial,1,State Highway Agency,2,U.S. Highway,US-12,LONDON RD,7,7,44.79462778,44.79462778,-91.463188890,-91.46318889,0,No Special Jurisdiction,9,Pedalcyclist,0,The First Harmful Event was Not a Collision with a Motor Vehicle in Transport,0,No,3,Intersection-Related,2,Four-Way Intersection,0,None,,,1,On Roadway,3,Dark - Lighted,,,,,2,Rain,0,No,0000000,Not Applicable,21,9:00pm-9:59pm,56,56,21,9:00pm-9:59pm,59,59,22,10:00pm-10:59pm,30,30,,,,,,,1,
2023,55,550413,Wisconsin,7,7,0,0,0,12,12,109,ST CROIX (109),0,NOT APPLICABLE,23,23,10,October,2023,2,Monday,17,5:00pm-5:59pm,35,35,1,This Section IS ON the NHS,1,Rural,1,Interstate,1,State Highway Agency,1,Interstate,I-94,,99998,Not Reported,44.94686944,44.94686944,-92.537341670,-92.53734167,0,No Special Jurisdiction,12,Motor Vehicle In-Transport,1,Front-to-Rear,0,No,1,Non-Junction,1,Not an Intersection,4,"Work Zone, Type Unknown",,,1,On Roadway,1,Daylight,,,,,10,Cloudy,0,No,0000000,Not Applicable,17,5:00pm-5:59pm,38,38,17,5:00pm-5:59pm,45,45,99,Unknown,99,Unknown EMS Hospital Arrival Time,,,,,,,2,
2023,55,550414,Wisconsin,1,1,0,0,0,1,1,1,ADAMS (1),0,NOT APPLICABLE,28,28,10,October,2023,7,Saturday,21,9:00pm-9:59pm,15,15,0,This Section IS NOT on the NHS,1,Rural,4,Minor Arterial,1,State Highway Agency,3,State Highway,SR-13,,99998,Not Reported,44.04561944,44.04561944,-89.808008330,-89.80800833,0,No Special Jurisdiction,1,Rollover/Overturn,0,The First Harmful Event was Not a Collision with a Motor Vehicle in Transport,0,No,1,Non-Junction,1,Not an Intersection,0,None,,,4,On Roadside,2,Dark - Not Lighted,,,,,1,Clear,0,No,0000000,Not Applicable,21,9:00pm-9:59pm,20,20,21,9:00pm-9:59pm,31,31,88,"Not Applicable (Not Transported) ",88,Not Applicable (Not Transported),,,,,,,1,
2023,55,550416,Wisconsin,1,1,0,0,0,3,3,57,JUNEAU (57),0,NOT APPLICABLE,24,24,10,October,2023,3,Tuesday,0,0:00am-0:59am,45,45,0,This Section IS NOT on the NHS,1,Rural,7,Local,3,Town or Township Highway Agency,99,Unknown/Not Reported,23RD ST,,99998,Not Reported,44.01017500,44.01017500,-90.099308330,-90.09930833,0,No Special Jurisdiction,30,Utility Pole/Light Support,0,The First Harmful Event was Not a Collision with a Motor Vehicle in Transport,0,No,1,Non-Junction,1,Not an Intersection,0,None,,,4,On Roadside,2,Dark - Not Lighted,,,,,10,Cloudy,0,No,0000000,Not Applicable,0,0:00am-0:59am,52,52,0,0:00am-0:59am,57,57,2,2:00am-2:59am,30,30,,,,,,,1,
2023,55,550417,Wisconsin,2,2,0,0,0,3,3,25,DANE (25),0,NOT APPLICABLE,29,29,10,October,2023,1,Sunday,11,11:00am-11:59am,10,10,0,This Section IS NOT on the NHS,1,Rural,3,Other Principal Arterial,2,County Highway Agency,4,County,CR-PB,,0,None,42.94438333,42.94438333,-89.514922220,-89.51492222,0,No Special Jurisdiction,12,Motor Vehicle In-Transport,6,Angle,0,No,4,Driveway Access,1,Not an Intersection,0,None,,,1,On Roadway,1,Daylight,,,,,10,Cloudy,0,No,0000000,Not Applicable,99,Unknown,99,Unknown,99,Unknown EMS Scene Arrival Hour,99,Unknown EMS Scene Arrival Minutes,99,Unknown,99,Unknown EMS Hospital Arrival Time,,,,,,,1,
2023,55,550418,Wisconsin,1,1,0,0,0,1,1,13,BURNETT (13),1980,GRANTSBURG,22,22,8,August,2023,3,Tuesday,15,3:00pm-3:59pm,35,35,1,This Section IS ON the NHS,1,Rural,3,Other Principal Arterial,1,State Highway Agency,3,State Highway,SR-70,,99998,Not Reported,45.77305278,45.77305278,-92.681444440,-92.68144444,0,No Special Jurisdiction,42,Tree (Standing Only),0,The First Harmful Event was Not a Collision with a Motor Vehicle in Transport,0,No,1,Non-Junction,1,Not an Intersection,0,None,,,4,On Roadside,1,Daylight,,,,,1,Clear,0,No,0000000,Not Applicable,15,3:00pm-3:59pm,35,35,99,Unknown EMS Scene Arrival Hour,99,Unknown EMS Scene Arrival Minutes,15,3:00pm-3:59pm,59,59,,,,,,,1,
2023,55,550419,Wisconsin,2,2,0,0,0,2,2,139,WINNEBAGO (139),0,NOT APPLICABLE,1,1,11,November,2023,4,Wednesday,7,7:00am-7:59am,47,47,1,This Section IS ON the NHS,1,Rural,3,Other Principal Arterial,1,State Highway Agency,3,State Highway,SR-21,,5,5,44.03538611,44.03538611,-88.694455560,-88.69445556,0,No Special Jurisdiction,12,Motor Vehicle In-Transport,1,Front-to-Rear,0,No,1,Non-Junction,1,Not an Intersection,0,None,,,1,On Roadway,1,Daylight,,,,,1,Clear,0,No,0000000,Not Applicable,8,8:00am-8:59am,0,0,8,8:00am-8:59am,0,0,88,"Not Applicable (Not Transported) ",88,Not Applicable (Not Transported),,,,,,,1,
2023,55,550422,Wisconsin,1,1,0,0,0,1,1,79,MILWAUKEE (79),5130,WAUWATOSA,1,1,11,November,2023,4,Wednesday,2,2:00am-2:59am,21,21,0,This Section IS NOT on the NHS,2,Urban,4,Minor Arterial,1,State Highway Agency,3,State Highway,SR-100,,99998,Not Reported,43.09235278,43.09235278,-88.047625000,-88.04762500,0,No Special Jurisdiction,38,Fence,0,The First Harmful Event was Not a Collision with a Motor Vehicle in Transport,0,No,1,Non-Junction,1,Not an Intersection,0,None,,,4,On Roadside,3,Dark - Lighted,,,,,10,Cloudy,0,No,0000000,Not Applicable,2,2:00am-2:59am,24,24,2,2:00am-2:59am,31,31,88,"Not Applicable (Not Transported) ",88,Not Applicable (Not Transported),,,,,,,1,
2023,55,550423,Wisconsin,3,3,0,0,0,3,3,139,WINNEBAGO (139),0,NOT APPLICABLE,26,26,10,October,2023,5,Thursday,14,2:00pm-2:59pm,31,31,1,This Section IS ON the NHS,1,Rural,3,Other Principal Arterial,1,State Highway Agency,3,State Highway,SR-21,SAND PIT RD,99998,Not Reported,44.03321667,44.03321667,-88.653252780,-88.65325278,0,No Special Jurisdiction,12,Motor Vehicle In-Transport,1,Front-to-Rear,0,No,2,Intersection,2,Four-Way Intersection,0,None,,,1,On Roadway,1,Daylight,,,,,2,Rain,0,No,0000000,Not Applicable,14,2:00pm-2:59pm,32,32,99,Unknown EMS Scene Arrival Hour,99,Unknown EMS Scene Arrival Minutes,99,Unknown,99,Unknown EMS Hospital Arrival Time,,,,,,,1,
2023,55,550424,Wisconsin,1,1,0,0,0,3,3,79,MILWAUKEE (79),3100,MILWAUKEE,28,28,10,October,2023,7,Saturday,16,4:00pm-4:59pm,7,7,0,This Section IS NOT on the NHS,2,Urban,7,Local,4,City or Municipal Highway Agency,99,Unknown/Not Reported,W BOBOLINK PL,,0,None,43.12604167,43.12604167,-88.006316670,-88.00631667,0,No Special Jurisdiction,42,Tree (Standing Only),0,The First Harmful Event was Not a Collision with a Motor Vehicle in Transport,0,No,1,Non-Junction,1,Not an Intersection,0,None,,,4,On Roadside,1,Daylight,,,,,10,Cloudy,0,No,0000000,Not Applicable,99,Unknown,99,Unknown,99,Unknown EMS Scene Arrival Hour,99,Unknown EMS Scene Arrival Minutes,99,Unknown,99,Unknown EMS Hospital Arrival Time,,,,,,,1,
2023,55,550425,Wisconsin,2,2,0,0,0,6,6,79,MILWAUKEE (79),3100,MILWAUKEE,29,29,10,October,2023,1,Sunday,21,9:00pm-9:59pm,11,11,0,This Section IS NOT on the NHS,2,Urban,4,Minor Arterial,4,City or Municipal Highway Agency,99,Unknown/Not Reported,N 35TH ST,,0,None,43.03286389,43.03286389,-87.957733330,-87.95773333,0,No Special Jurisdiction,12,Motor Vehicle In-Transport,6,Angle,1,Yes,5,Entrance/Exit Ramp Related,1,Not an Intersection,0,None,,,1,On Roadway,3,Dark - Lighted,,,,,10,Cloudy,0,No,0000000,Not Applicable,99,Unknown,99,Unknown,99,Unknown EMS Scene Arrival Hour,99,Unknown EMS Scene Arrival Minutes,99,Unknown,99,Unknown EMS Hospital Arrival Time,,,,,,,1,
2023,55,550426,Wisconsin,2,2,0,0,0,2,2,75,MARINETTE (75),0,NOT APPLICABLE,6,6,11,November,2023,2,Monday,17,5:00pm-5:59pm,21,21,1,This Section IS ON the NHS,1,Rural,3,Other Principal Arterial,1,State Highway Agency,2,U.S. Highway,US-8,,99998,Not Reported,45.63460278,45.63460278,-88.332480560,-88.33248056,0,No Special Jurisdiction,12,Motor Vehicle In-Transport,6,Angle,0,No,8,Driveway Access Related,1,Not an Intersection,0,None,,,1,On Roadway,2,Dark - Not Lighted,,,,,2,Rain,0,No,0000000,Not Applicable,17,5:00pm-5:59pm,21,21,17,5:00pm-5:59pm,30,30,88,"Not Applicable (Not Transported) ",88,Not Applicable (Not Transported),,,,,,,1,
2023,55,550427,Wisconsin,1,1,0,0,0,1,1,137,WAUSHARA (137),0,NOT APPLICABLE,2,2,11,November,2023,5,Thursday,9,9:00am-9:59am,16,16,0,This Section IS NOT on the NHS,1,Rural,7,Local,3,Town or Township Highway Agency,99,Unknown/Not Reported,15TH RD,,99998,Not Reported,44.17444444,44.17444444,-89.312713890,-89.31271389,0,No Special Jurisdiction,34,Ditch,0,The First Harmful Event was Not a Collision with a Motor Vehicle in Transport,0,No,1,Non-Junction,1,Not an Intersection,0,None,,,4,On Roadside,9,Reported as Unknown,,,,,99,Reported as Unknown,0,No,0000000,Not Applicable,9,9:00am-9:59am,20,20,99,Unknown EMS Scene Arrival Hour,97,Officially Cancelled,99,Unknown,97,Officially Canceled,,,,,,,1,
2023,55,550428,Wisconsin,2,2,0,0,0,2,2,79,MILWAUKEE (79),3100,MILWAUKEE,2,2,11,November,2023,5,Thursday,10,10:00am-10:59am,42,42,1,This Section IS ON the NHS,2,Urban,3,Other Principal Arterial,1,State Highway Agency,3,State Highway,SR-190 W CAPITOL DR,N 100TH ST,5,5,43.08957222,43.08957222,-88.037752780,-88.03775278,0,No Special Jurisdiction,12,Motor Vehicle In-Transport,6,Angle,0,No,2,Intersection,2,Four-Way Intersection,0,None,,,1,On Roadway,1,Daylight,,,,,1,Clear,0,No,0000000,Not Applicable,10,10:00am-10:59am,41,41,99,Unknown EMS Scene Arrival Hour,99,Unknown EMS Scene Arrival Minutes,88,"Not Applicable (Not Transported) ",88,Not Applicable (Not Transported),,,,,,,1,
2023,55,550429,Wisconsin,2,2,0,0,0,2,2,59,KENOSHA (59),9997,Other,12,12,11,November,2023,1,Sunday,3,3:00am-3:59am,3,3,1,This Section IS ON the NHS,1,Rural,1,Interstate,1,State Highway Agency,1,Interstate,I-41,,99998,Not Reported,42.62743611,42.62743611,-87.952650000,-87.95265000,0,No Special Jurisdiction,12,Motor Vehicle In-Transport,1,Front-to-Rear,0,No,1,Non-Junction,1,Not an Intersection,0,None,,,1,On Roadway,2,Dark - Not Lighted,,,,,10,Cloudy,0,No,0000000,Not Applicable,3,3:00am-3:59am,5,5,3,3:00am-3:59am,13,13,99,Unknown,99,Unknown EMS Hospital Arrival Time,,,,,,,1,
2023,55,550430,Wisconsin,2,2,0,0,0,4,4,63,LA CROSSE (63),3560,ONALASKA,4,4,11,November,2023,7,Saturday,15,3:00pm-3:59pm,12,12,1,This Section IS ON the NHS,2,Urban,3,Other Principal Arterial,1,State Highway Agency,3,State Highway,SR-16,BRAUND ST,1,1,43.86826389,43.86826389,-91.200611110,-91.20061111,0,No Special Jurisdiction,12,Motor Vehicle In-Transport,1,Front-to-Rear,0,No,3,Intersection-Related,3,T-Intersection,4,"Work Zone, Type Unknown",,,1,On Roadway,1,Daylight,,,,,1,Clear,0,No,0000000,Not Applicable,99,Unknown,99,Unknown,99,Unknown EMS Scene Arrival Hour,99,Unknown EMS Scene Arrival Minutes,99,Unknown,99,Unknown EMS Hospital Arrival Time,,,,,,,1,
2023,55,550431,Wisconsin,1,1,0,0,0,1,1,101,RACINE (101),3224,MOUNT PLEASANT,29,29,10,October,2023,1,Sunday,1,1:00am-1:59am,13,13,0,This Section IS NOT on the NHS,2,Urban,3,Other Principal Arterial,1,State Highway Agency,3,State Highway,SR-31,SUNSET BLVD,0,None,42.70972222,42.70972222,-87.849880560,-87.84988056,0,No Special Jurisdiction,31,"Post, Pole or Other Supports",0,The First Harmful Event was Not a Collision with a Motor Vehicle in Transport,0,No,3,Intersection-Related,2,Four-Way Intersection,0,None,,,4,On Roadside,3,Dark - Lighted,,,,,1,Clear,0,No,0000000,Not Applicable,99,Unknown,99,Unknown,99,Unknown EMS Scene Arrival Hour,99,Unknown EMS Scene Arrival Minutes,88,"Not Applicable (Not Transported) ",88,Not Applicable (Not Transported),,,,,,,1,
2023,55,550432,Wisconsin,2,2,0,0,0,2,2,33,DUNN (33),0,NOT APPLICABLE,13,13,11,November,2023,2,Monday,20,8:00pm-8:59pm,30,30,1,This Section IS ON the NHS,1,Rural,3,Other Principal Arterial,1,State Highway Agency,3,State Highway,SR-29,970TH ST,99998,Not Reported,44.89885000,44.89885000,-91.670852780,-91.67085278,0,No Special Jurisdiction,12,Motor Vehicle In-Transport,6,Angle,0,No,2,Intersection,2,Four-Way Intersection,0,None,,,1,On Roadway,2,Dark - Not Lighted,,,,,1,Clear,0,No,0000000,Not Applicable,20,8:00pm-8:59pm,34,34,20,8:00pm-8:59pm,48,48,88,"Not Applicable (Not Transported) ",88,Not Applicable (Not Transported),,,,,,,1,
2023,55,550433,Wisconsin,2,2,0,0,0,2,2,85,ONEIDA (85),0,NOT APPLICABLE,19,19,11,November,2023,1,Sunday,10,10:00am-10:59am,43,43,1,This Section IS ON the NHS,1,Rural,3,Other Principal Arterial,1,State Highway Agency,2,U.S. Highway,US-51,CR-K,99998,Not Reported,45.64496667,45.64496667,-89.704997220,-89.70499722,0,No Special Jurisdiction,12,Motor Vehicle In-Transport,2,Front-to-Front,1,Yes,2,Intersection,2,Four-Way Intersection,0,None,,,1,On Roadway,1,Daylight,,,,,1,Clear,0,No,0000000,Not Applicable,88,Not Applicable (Not Notified),88,Not Applicable (Not Notified),88,Not Applicable,88,Not Applicable,88,"Not Applicable (Not Transported) ",88,Not Applicable (Not Transported),,,,,,,1,
2023,55,550434,Wisconsin,5,5,0,0,0,5,5,59,KENOSHA (59),3795,PLEASANT PRAIRIE,14,14,11,November,2023,3,Tuesday,8,8:00am-8:59am,10,10,1,This Section IS ON the NHS,2,Urban,3,Other Principal Arterial,1,State Highway Agency,3,State Highway,SR-50,,99998,Not Reported,42.56692500,42.56692500,-87.894344440,-87.89434444,0,No Special Jurisdiction,12,Motor Vehicle In-Transport,6,Angle,0,No,1,Non-Junction,1,Not an Intersection,0,None,,,1,On Roadway,1,Daylight,,,,,1,Clear,0,No,0000000,Not Applicable,8,8:00am-8:59am,10,10,8,8:00am-8:59am,16,16,8,8:00am-8:59am,35,35,,,,,,,1,
2023,55,550435,Wisconsin,2,2,0,0,0,3,3,67,LANGLADE (67),160,ANTIGO,15,15,11,November,2023,4,Wednesday,17,5:00pm-5:59pm,15,15,0,This Section IS NOT on the NHS,2,Urban,4,Minor Arterial,4,City or Municipal Highway Agency,99,Unknown/Not Reported,5TH AVE,DORR ST,0,None,45.14058889,45.14058889,-89.157666670,-89.15766667,0,No Special Jurisdiction,12,Motor Vehicle In-Transport,6,Angle,0,No,2,Intersection,2,Four-Way Intersection,0,None,,,1,On Roadway,5,Dusk,,,,,1,Clear,0,No,0000000,Not Applicable,17,5:00pm-5:59pm,16,16,17,5:00pm-5:59pm,18,18,17,5:00pm-5:59pm,37,37,,,,,,,1,
2023,55,550436,Wisconsin,1,1,0,0,0,1,1,125,VILAS (125),0,NOT APPLICABLE,15,15,11,November,2023,4,Wednesday,20,8:00pm-8:59pm,3,3,0,This Section IS NOT on the NHS,1,Rural,7,Local,3,Town or Township Highway Agency,99,Unknown/Not Reported,SUNDSTEIN RD,,0,None,45.88019444,45.88019444,-89.252858330,-89.25285833,0,No Special Jurisdiction,42,Tree (Standing Only),0,The First Harmful Event was Not a Collision with a Motor Vehicle in Transport,0,No,1,Non-Junction,1,Not an Intersection,0,None,,,4,On Roadside,2,Dark - Not Lighted,,,,,1,Clear,0,No,0000000,Not Applicable,20,8:00pm-8:59pm,3,3,20,8:00pm-8:59pm,12,12,88,"Not Applicable (Not Transported) ",88,Not Applicable (Not Transported),,,,,,,1,
2023,55,550437,Wisconsin,1,1,0,0,0,1,1,3,ASHLAND (3),0,NOT APPLICABLE,12,12,11,November,2023,1,Sunday,19,7:00pm-7:59pm,36,36,1,This Section IS ON the NHS,1,Rural,3,Other Principal Arterial,1,State Highway Agency,3,State Highway,SR-13,,99998,Not Reported,46.54563056,46.54563056,-90.854266670,-90.85426667,0,No Special Jurisdiction,34,Ditch,0,The First Harmful Event was Not a Collision with a Motor Vehicle in Transport,0,No,1,Non-Junction,1,Not an Intersection,0,None,,,4,On Roadside,2,Dark - Not Lighted,,,,,1,Clear,0,No,0000000,Not Applicable,99,Unknown,99,Unknown,99,Unknown EMS Scene Arrival Hour,99,Unknown EMS Scene Arrival Minutes,99,Unknown,99,Unknown EMS Hospital Arrival Time,,,,,,,1,
2023,55,550438,Wisconsin,2,2,0,0,0,2,2,25,DANE (25),0,NOT APPLICABLE,23,23,11,November,2023,5,Thursday,4,4:00am-4:59am,13,13,1,This Section IS ON the NHS,2,Urban,1,Interstate,1,State Highway Agency,1,Interstate,I-39,,99998,Not Reported,42.85174167,42.85174167,-89.033808330,-89.03380833,0,No Special Jurisdiction,12,Motor Vehicle In-Transport,1,Front-to-Rear,0,No,1,Non-Junction,1,Not an Intersection,0,None,,,1,On Roadway,2,Dark - Not Lighted,,,,,1,Clear,0,No,0000000,Not Applicable,4,4:00am-4:59am,27,27,4,4:00am-4:59am,40,40,88,"Not Applicable (Not Transported) ",88,Not Applicable (Not Transported),,,,,,,1,