caseyear,state,st_case,statename,ve_total,ve_forms,pvh_invl,peds,pernotmvit,permvit,persons,county,countyname,city,cityname,day,dayname,month,monthname,year,day_week,day_weekname,hour,hourname,minute,minutename,nhs,nhsname,rur_urb,rur_urbname,func_sys,func_sysname,rd_owner,rd_ownername,route,routename,tway_id,tway_id2,milept,mileptname,latitude,latitudename,longitud,longitudname,sp_jur,sp_jurname,harm_ev,harm_evname,man_coll,man_collname,reljct1,reljct1name,reljct2,reljct2name,typ_int,typ_intname,wrk_zone,wrk_zonename,road_fnc,road_fncname,rel_road,rel_roadname,lgt_cond,lgt_condname,weather1,weather1name,weather2,weather2name,weather,weathername,sch_bus,sch_busname,rail,railname,not_hour,not_hourname,not_min,not_minname,arr_hour,arr_hourname,arr_min,arr_minname,hosp_hr,hosp_hrname,hosp_mn,hosp_mnname,cf1,cf1name,cf2,cf2name,cf3,cf3name,fatals,drunk_dr
2023,55,550514,Wisconsin,2,2,0,0,0,4,4,59,KENOSHA (59),4880,TWIN LAKES,17,17,12,December,2023,1,Sunday,2,2:00am-2:59am,48,48,0,This Section IS NOT on the NHS,2,Urban,4,Minor Arterial,2,County Highway Agency,4,County,CR-P,W MAIN ST,99998,Not Reported,42.52387500,42.52387500,-88.280427780,-88.28042778,0,No Special Jurisdiction,12,Motor Vehicle In-Transport,6,Angle,0,No,2,Intersection,2,Four-Way Intersection,0,None,,,1,On Roadway,2,Dark - Not Lighted,,,,,1,Clear,0,No,0000000,Not Applicable,3,3:00am-3:59am,0,0,3,3:00am-3:59am,0,0,99,Unknown,99,Unknown EMS Hospital Arrival Time,,,,,,,1,
2023,55,550515,Wisconsin,3,3,0,0,0,4,4,141,WOOD (141),0,NOT APPLICABLE,26,26,12,December,2023,3,Tuesday,13,1:00pm-1:59pm,30,30,1,This Section IS ON the NHS,1,Rural,3,Other Principal Arterial,1,State Highway Agency,2,U.S. Highway,US-10,,99998,Not Reported,44.62538889,44.62538889,-90.073733330,-90.07373333,0,No Special Jurisdiction,12,Motor Vehicle In-Transport,2,Front-to-Front,0,No,1,Non-Junction,1,Not an Intersection,0,None,,,1,On Roadway,1,Daylight,,,,,2,Rain,0,No,0000000,Not Applicable,13,1:00pm-1:59pm,31,31,13,1:00pm-1:59pm,41,41,99,Unknown,99,Unknown EMS Hospital Arrival Time,,,,,,,1,
2023,55,550516,Wisconsin,1,1,0,0,0,6,6,133,WAUKESHA (133),0,NOT APPLICABLE,20,20,12,December,2023,4,Wednesday,23,11:00pm-11:59pm,51,51,0,This Section IS NOT on the NHS,2,Urban,4,Minor Arterial,2,County Highway Agency,4,County,CR-DR,,99998,Not Reported,43.05095556,43.05095556,-88.359791670,-88.35979167,0,No Special Jurisdiction,32,Culvert,0,The First Harmful Event was Not a Collision with a Motor Vehicle in Transport,0,No,1,Non-Junction,1,Not an Intersection,0,None,,,4,On Roadside,2,Dark - Not Lighted,,,,,10,Cloudy,0,No,0000000,Not Applicable,23,11:00pm-11:59pm,52,52,23,11:00pm-11:59pm,55,55,99,Unknown,99,Unknown EMS Hospital Arrival Time,,,,,,,2,
2023,55,550517,Wisconsin,1,1,0,1,1,1,1,15,CALUMET (15),9997,Other,28,28,12,December,2023,5,Thursday,16,4:00pm-4:59pm,53,53,0,This Section IS NOT on the NHS,2,Urban,3,Other Principal Arterial,1,State Highway Agency,3,State Highway,SR-114,,2,2,44.19357500,44.19357500,-88.289722220,-88.28972222,0,No Special Jurisdiction,8,Pedestrian,0,The First Harmful Event was Not a Collision with a Motor Vehicle in Transport,0,No,1,Non-Junction,1,Not an Intersection,0,None,,,1,On Roadway,5,Dusk,,,,,2,Rain,0,No,0000000,Not Applicable,17,5:00pm-5:59pm,1,1,99,Unknown EMS Scene Arrival Hour,99,Unknown EMS Scene Arrival Minutes,88,"Not Applicable (Not Transported) ",88,Not Applicable (Not Transported),,,,,,,1,
2023,55,550518,Wisconsin,1,1,0,0,0,1,1,59,KENOSHA (59),3795,PLEASANT PRAIRIE,4,4,9,September,2023,2,Monday,17,5:00pm-5:59pm,14,14,0,This Section IS NOT on the NHS,2,Urban,3,Other Principal Arterial,1,State Highway Agency,3,State Highway,SR-165,,99998,Not Reported,42.52261111,42.52261111,-87.871219440,-87.87121944,0,No Special Jurisdiction,59,"Traffic Sign Support ",0,The First Harmful Event was Not a Collision with a Motor Vehicle in Transport,0,No,1,Non-Junction,1,Not an Intersection,0,None,,,4,On Roadside,1,Daylight,,,,,1,Clear,0,No,0000000,Not Applicable,17,5:00pm-5:59pm,15,15,17,5:00pm-5:59pm,19,19,99,Unknown,99,Unknown EMS Hospital Arrival Time,,,,,,,1,
2023,55,550519,Wisconsin,3,3,0,0,0,3,3,133,WAUKESHA (133),5060,WAUKESHA,7,7,12,December,2023,5,Thursday,13,1:00pm-1:59pm,20,20,1,This Section IS ON the NHS,2,Urban,3,Other Principal Arterial,1,State Highway Agency,2,U.S. Highway,US-18,MADISON ST,99998,Not Reported,43.01314444,43.01314444,-88.286111110,-88.28611111,0,No Special Jurisdiction,12,Motor Vehicle In-Transport,6,Angle,0,No,2,Intersection,2,Four-Way Intersection,0,None,,,1,On Roadway,1,Daylight,,,,,1,Clear,0,No,0000000,Not Applicable,13,1:00pm-1:59pm,20,20,13,1:00pm-1:59pm,29,29,13,1:00pm-1:59pm,46,46,,,,,,,1,
2023,55,550520,Wisconsin,2,2,0,0,0,3,3,79,MILWAUKEE (79),3100,MILWAUKEE,29,29,12,December,2023,6,Friday,3,3:00am-3:59am,25,25,0,This Section IS NOT on the NHS,2,Urban,4,Minor Arterial,4,City or Municipal Highway Agency,0,Not Signed,W VILLARD AVE,,99998,Not Reported,43.11220000,43.11220000,-87.941788890,-87.94178889,0,No Special Jurisdiction,12,Motor Vehicle In-Transport,2,Front-to-Front,0,No,1,Non-Junction,1,Not an Intersection,0,None,,,1,On Roadway,3,Dark - Lighted,,,,,99,Reported as Unknown,0,No,0000000,Not Applicable,99,Unknown,99,Unknown,99,Unknown EMS Scene Arrival Hour,99,Unknown EMS Scene Arrival Minutes,99,Unknown,99,Unknown EMS Hospital Arrival Time,,,,,,,1,
2023,55,550521,Wisconsin,1,1,0,1,1,1,1,79,MILWAUKEE (79),3100,MILWAUKEE,8,8,12,December,2023,6,Friday,22,10:00pm-10:59pm,28,28,0,This Section IS NOT on the NHS,2,Urban,4,Minor Arterial,4,City or Municipal Highway Agency,0,Not Signed,N TEUTONIA AVE,,99998,Not Reported,43.11336944,43.11336944,-87.950072220,-87.95007222,0,No Special Jurisdiction,8,Pedestrian,0,The First Harmful Event was Not a Collision with a Motor Vehicle in Transport,0,No,1,Non-Junction,1,Not an Intersection,0,None,,,1,On Roadway,3,Dark - Lighted,,,,,1,Clear,0,No,0000000,Not Applicable,22,10:00pm-10:59pm,29,29,99,Unknown EMS Scene Arrival Hour,99,Unknown EMS Scene Arrival Minutes,88,"Not Applicable (Not Transported) ",88,Not Applicable (Not Transported),,,,,,,1,
2023,55,550522,Wisconsin,4,2,2,0,4,4,8,79,MILWAUKEE (79),3100,MILWAUKEE,12,12,12,December,2023,3,Tuesday,21,9:00pm-9:59pm,31,31,1,This Section IS ON the NHS,2,Urban,3,Other Principal Arterial,1,State Highway Agency,3,State Highway,SR-241,W OKLAHOMA AVE,99998,Not Reported,42.98856944,42.98856944,-87.948163890,-87.94816389,0,No Special Jurisdiction,12,Motor Vehicle In-Transport,6,Angle,0,No,2,Intersection,2,Four-Way Intersection,0,None,,,1,On Roadway,3,Dark - Lighted,,,,,1,Clear,0,No,0000000,Not Applicable,99,Unknown,99,Unknown,99,Unknown EMS Scene Arrival Hour,99,Unknown EMS Scene Arrival Minutes,99,Unknown,99,Unknown EMS Hospital Arrival Time,,,,,,,1,
2023,55,550523,Wisconsin,1,1,0,0,0,1,1,79,MILWAUKEE (79),3100,MILWAUKEE,12,12,12,December,2023,3,Tuesday,17,5:00pm-5:59pm,33,33,0,This Section IS NOT on the NHS,2,Urban,3,Other Principal Arterial,4,City or Municipal Highway Agency,99,Unknown/Not Reported,N SHERMAN BLVD,,99998,Not Reported,43.11631389,43.11631389,-87.966730560,-87.96673056,0,No Special Jurisdiction,33,Curb,0,The First Harmful Event was Not a Collision with a Motor Vehicle in Transport,0,No,1,Non-Junction,1,Not an Intersection,0,None,,,4,On Roadside,3,Dark - Lighted,,,,,1,Clear,0,No,0000000,Not Applicable,99,Unknown,99,Unknown,99,Unknown EMS Scene Arrival Hour,99,Unknown EMS Scene Arrival Minutes,88,"Not Applicable (Not Transported) ",88,Not Applicable (Not Transported),,,,,,,1,
2023,55,550524,Wisconsin,3,2,1,0,0,3,3,79,MILWAUKEE (79),3100,MILWAUKEE,31,31,12,December,2023,1,Sunday,18,6:00pm-6:59pm,36,36,1,This Section IS ON the NHS,2,Urban,3,Other Principal Arterial,1,State Highway Agency,3,State Highway,SR-59,,3,3,43.02321389,43.02321389,-87.927152780,-87.92715278,0,No Special Jurisdiction,12,Motor Vehicle In-Transport,2,Front-to-Front,0,No,1,Non-Junction,1,Not an Intersection,0,None,,,1,On Roadway,3,Dark - Lighted,,,,,4,Snow,0,No,0000000,Not Applicable,99,Unknown,99,Unknown,99,Unknown EMS Scene Arrival Hour,99,Unknown EMS Scene Arrival Minutes,99,Unknown,99,Unknown EMS Hospital Arrival Time,,,,,,,1,
2023,55,550525,Wisconsin,1,1,0,2,2,1,1,39,FOND DU LAC (39),0,NOT APPLICABLE,31,31,12,December,2023,1,Sunday,1,1:00am-1:59am,10,10,0,This Section IS NOT on the NHS,1,Rural,4,Minor Arterial,1,State Highway Agency,2,U.S. Highway,US-45,,99998,Not Reported,43.54753056,43.54753056,-88.240652780,-88.24065278,0,No Special Jurisdiction,8,Pedestrian,0,The First Harmful Event was Not a Collision with a Motor Vehicle in Transport,0,No,1,Non-Junction,1,Not an Intersection,0,None,,,1,On Roadway,2,Dark - Not Lighted,,,,,1,Clear,0,No,0000000,Not Applicable,1,1:00am-1:59am,19,19,1,1:00am-1:59am,32,32,2,2:00am-2:59am,26,26,,,,,,,1,
2023,55,550526,Wisconsin,1,1,0,1,1,2,2,25,DANE (25),2780,MADISON,16,16,12,December,2023,7,Saturday,4,4:00am-4:59am,33,33,1,This Section IS ON the NHS,2,Urban,3,Other Principal Arterial,1,State Highway Agency,3,State Highway,SR-113 PACKERS AVE,INTERNATIONAL LN,2,2,43.11875000,43.11875000,-89.354975000,-89.35497500,0,No Special Jurisdiction,8,Pedestrian,0,The First Harmful Event was Not a Collision with a Motor Vehicle in Transport,1,Yes,2,Intersection,3,T-Intersection,0,None,,,1,On Roadway,2,Dark - Not Lighted,,,,,1,Clear,0,No,0000000,Not Applicable,4,4:00am-4:59am,34,34,4,4:00am-4:59am,38,38,88,"Not Applicable (Not Transported) ",88,Not Applicable (Not Transported),,,,,,,1,
2023,55,550527,Wisconsin,1,1,0,1,1,1,1,131,WASHINGTON (131),1890,GERMANTOWN,29,29,11,November,2023,4,Wednesday,18,6:00pm-6:59pm,36,36,1,This Section IS ON the NHS,2,Urban,3,Other Principal Arterial,1,State Highway Agency,3,State Highway,SR-167,,1,1,43.22087500,43.22087500,-88.115608330,-88.11560833,0,No Special Jurisdiction,8,Pedestrian,0,The First Harmful Event was Not a Collision with a Motor Vehicle in Transport,0,No,1,Non-Junction,1,Not an Intersection,0,None,,,1,On Roadway,3,Dark - Lighted,,,,,1,Clear,0,No,0000000,Not Applicable,99,Unknown,99,Unknown,99,Unknown EMS Scene Arrival Hour,99,Unknown EMS Scene Arrival Minutes,99,Unknown,99,Unknown EMS Hospital Arrival Time,,,,,,,1,
2023,55,550528,Wisconsin,2,2,0,0,0,2,2,79,MILWAUKEE (79),3100,MILWAUKEE,17,17,6,June,2023,7,Saturday,2,2:00am-2:59am,32,32,1,This Section IS ON the NHS,2,Urban,1,Interstate,1,State Highway Agency,1,Interstate,I-94,,99998,Not Reported,43.03214167,43.03214167,-87.954058330,-87.95405833,0,No Special Jurisdiction,12,Motor Vehicle In-Transport,2,Front-to-Front,0,No,1,Non-Junction,1,Not an Intersection,0,None,,,1,On Roadway,3,Dark - Lighted,,,,,1,Clear,0,No,0000000,Not Applicable,2,2:00am-2:59am,39,39,2,2:00am-2:59am,50,50,3,3:00am-3:59am,16,16,,,,,,,2,
2023,55,550529,Wisconsin,1,1,0,0,0,4,4,47,GREEN LAKE (47),0,NOT APPLICABLE,7,7,10,October,2023,7,Saturday,21,9:00pm-9:59pm,25,25,0,This Section IS NOT on the NHS,1,Rural,7,Local,2,County Highway Agency,4,County,CR-A,SPRINGBROOK RD,99998,Not Reported,43.90738056,43.90738056,-88.966980560,-88.96698056,0,No Special Jurisdiction,1,Rollover/Overturn,0,The First Harmful Event was Not a Collision with a Motor Vehicle in Transport,0,No,3,Intersection-Related,3,T-Intersection,0,None,,,4,On Roadside,2,Dark - Not Lighted,,,,,1,Clear,0,No,0000000,Not Applicable,21,9:00pm-9:59pm,28,28,21,9:00pm-9:59pm,36,36,22,10:00pm-10:59pm,44,44,,,,,,,1,
2023,55,550530,Wisconsin,1,1,0,1,1,1,1,79,MILWAUKEE (79),3100,MILWAUKEE,29,29,12,December,2023,6,Friday,17,5:00pm-5:59pm,11,11,1,This Section IS ON the NHS,2,Urban,3,Other Principal Arterial,1,State Highway Agency,3,State Highway,SR-175 W APPLETON AVE,,1,1,43.09610000,43.09610000,-88.008916670,-88.00891667,0,No Special Jurisdiction,8,Pedestrian,0,The First Harmful Event was Not a Collision with a Motor Vehicle in Transport,0,No,1,Non-Junction,1,Not an Intersection,0,None,,,1,On Roadway,3,Dark - Lighted,,,,,10,Cloudy,0,No,0000000,Not Applicable,99,Unknown,99,Unknown,99,Unknown EMS Scene Arrival Hour,99,Unknown EMS Scene Arrival Minutes,88,"Not Applicable (Not Transported) ",88,Not Applicable (Not Transported),,,,,,,1,
2023,55,550531,Wisconsin,1,1,0,0,0,1,1,53,JACKSON (53),0,NOT APPLICABLE,29,29,12,December,2023,6,Friday,15,3:00pm-3:59pm,50,50,0,This Section IS NOT on the NHS,1,Rural,4,Minor Arterial,1,State Highway Agency,2,U.S. Highway,US-12,,99998,Not Reported,44.37085556,44.37085556,-90.821027780,-90.82102778,0,No Special Jurisdiction,24,Guardrail Face,0,The First Harmful Event was Not a Collision with a Motor Vehicle in Transport,0,No,1,Non-Junction,1,Not an Intersection,0,None,,,4,On Roadside,1,Daylight,,,,,1,Clear,0,No,0000000,Not Applicable,99,Unknown,99,Unknown,99,Unknown EMS Scene Arrival Hour,99,Unknown EMS Scene Arrival Minutes,99,Unknown,99,Unknown EMS Hospital Arrival Time,,,,,,,1,
2023,55,550533,Wisconsin,2,2,0,0,0,2,2,77,MARQUETTE (77),0,NOT APPLICABLE,27,27,5,May,2023,7,Saturday,20,8:00pm-8:59pm,4,4,0,This Section IS NOT on the NHS,1,Rural,5,Major Collector,2,County Highway Agency,4,County,CR-C,,99999,Unknown,43.77061944,43.77061944,-89.211883330,-89.21188333,0,No Special Jurisdiction,12,Motor Vehicle In-Transport,1,Front-to-Rear,0,No,1,Non-Junction,1,Not an Intersection,0,None,,,1,On Roadway,1,Daylight,,,,,1,Clear,0,No,0000000,Not Applicable,20,8:00pm-8:59pm,59,59,21,9:00pm-9:59pm,8,8,99,Unknown,99,Unknown EMS Hospital Arrival Time,,,,,,,1,
2023,55,550534,Wisconsin,1,1,0,0,0,1,1,67,LANGLADE (67),0,NOT APPLICABLE,21,21,6,June,2023,4,Wednesday,17,5:00pm-5:59pm,29,29,0,This Section IS NOT on the NHS,1,Rural,7,Local,3,Town or Township Highway Agency,5,Township,TS-SUMMIT LAKE RD,,0,None,45.37921944,45.37921944,-89.192538890,-89.19253889,0,No Special Jurisdiction,1,Rollover/Overturn,0,The First Harmful Event was Not a Collision with a Motor Vehicle in Transport,0,No,1,Non-Junction,1,Not an Intersection,0,None,,,4,On Roadside,1,Daylight,,,,,1,Clear,0,No,0000000,Not Applicable,17,5:00pm-5:59pm,50,50,18,6:00pm-6:59pm,9,9,99,Unknown,99,Unknown EMS Hospital Arrival Time,,,,,,,1,
2023,55,550535,Wisconsin,1,1,0,0,0,1,1,57,JUNEAU (57),0,NOT APPLICABLE,2,2,6,June,2023,6,Friday,21,9:00pm-9:59pm,35,35,0,This Section IS NOT on the NHS,1,Rural,7,Local,3,Town or Township Highway Agency,5,Township,TS-25TH ST,9TH AVE,0,None,43.99579722,43.99579722,-90.122305560,-90.12230556,0,No Special Jurisdiction,1,Rollover/Overturn,0,The First Harmful Event was Not a Collision with a Motor Vehicle in Transport,0,No,2,Intersection,2,Four-Way Intersection,0,None,,,1,On Roadway,3,Dark - Lighted,,,,,1,Clear,0,No,0000000,Not Applicable,99,Unknown,99,Unknown,99,Unknown EMS Scene Arrival Hour,99,Unknown EMS Scene Arrival Minutes,88,"Not Applicable (Not Transported) ",88,Not Applicable (Not Transported),,,,,,,1,
2023,55,550536,Wisconsin,1,1,0,0,0,2,2,75,MARINETTE (75),0,NOT APPLICABLE,30,30,7,July,2023,1,Sunday,16,4:00pm-4:59pm,34,34,0,This Section IS NOT on the NHS,1,Rural,7,Local,3,Town or Township Highway Agency,5,Township,TS-RIGHT OF WAY RD,,0,None,45.22876389,45.22876389,-87.872275000,-87.87227500,0,No Special Jurisdiction,1,Rollover/Overturn,0,The First Harmful Event was Not a Collision with a Motor Vehicle in Transport,0,No,8,Driveway Access Related,1,Not an Intersection,0,None,,,4,On Roadside,1,Daylight,,,,,1,Clear,0,No,0000000,Not Applicable,99,Unknown,99,Unknown,99,Unknown EMS Scene Arrival Hour,99,Unknown EMS Scene Arrival Minutes,99,Unknown,99,Unknown EMS Hospital Arrival Time,,,,,,,1,
2023,55,550537,Wisconsin,1,1,0,0,0,1,1,81,MONROE (81),0,NOT APPLICABLE,10,10,7,July,2023,2,Monday,21,9:00pm-9:59pm,7,7,0,This Section IS NOT on the NHS,1,Rural,7,Local,3,Town or Township Highway Agency,5,Township,TS-HERITAGE AVE,,0,None,43.94259444,43.94259444,-90.548572220,-90.54857222,0,No Special Jurisdiction,1,Rollover/Overturn,0,The First Harmful Event was Not a Collision with a Motor Vehicle in Transport,0,No,1,Non-Junction,1,Not an Intersection,0,None,,,1,On Roadway,2,Dark - Not Lighted,,,,,10,Cloudy,0,No,0000000,Not Applicable,99,Unknown,99,Unknown,99,Unknown EMS Scene Arrival Hour,99,Unknown EMS Scene Arrival Minutes,99,Unknown,99,Unknown EMS Hospital Arrival Time,,,,,,,1,
2023,55,550538,Wisconsin,1,1,0,0,0,2,2,51,IRON (51),0,NOT APPLICABLE,6,6,7,July,2023,5,Thursday,19,7:00pm-7:59pm,54,54,0,This Section IS NOT on the NHS,1,Rural,6,Minor Collector,3,Town or Township Highway Agency,5,Township,TS-N POPKO RD,,0,None,46.14053889,46.14053889,-90.156644440,-90.15664444,0,No Special Jurisdiction,1,Rollover/Overturn,0,The First Harmful Event was Not a Collision with a Motor Vehicle in Transport,0,No,1,Non-Junction,1,Not an Intersection,0,None,,,1,On Roadway,5,Dusk,,,,,1,Clear,0,No,0000000,Not Applicable,99,Unknown,99,Unknown,99,Unknown EMS Scene Arrival Hour,99,Unknown EMS Scene Arrival Minutes,99,Unknown,99,Unknown EMS Hospital Arrival Time,,,,,,,1,
2023,55,550539,Wisconsin,1,1,0,0,0,1,1,43,GRANT (43),0,NOT APPLICABLE,26,26,8,August,2023,7,Saturday,17,5:00pm-5:59pm,15,15,0,This Section IS NOT on the NHS,1,Rural,7,Local,3,Town or Township Highway Agency,5,Township,TS-OAK RD,,0,None,42.67064722,42.67064722,-90.620341670,-90.62034167,0,No Special Jurisdiction,1,Rollover/Overturn,0,The First Harmful Event was Not a Collision with a Motor Vehicle in Transport,0,No,1,Non-Junction,1,Not an Intersection,0,None,,,1,On Roadway,1,Daylight,,,,,1,Clear,0,No,0000000,Not Applicable,99,Unknown,99,Unknown,99,Unknown EMS Scene Arrival Hour,99,Unknown EMS Scene Arrival Minutes,88,"Not Applicable (Not Transported) ",88,Not Applicable (Not Transported),,,,,,,1,
2023,55,550540,Wisconsin,1,1,0,0,0,1,1,103,RICHLAND (103),0,NOT APPLICABLE,25,25,8,August,2023,6,Friday,18,6:00pm-6:59pm,1,1,0,This Section IS NOT on the NHS,1,Rural,7,Local,98,Not Reported,0,Not Signed,RUSTYS LN,,8,8,43.21996944,43.21996944,-90.594802780,-90.59480278,0,No Special Jurisdiction,1,Rollover/Overturn,0,The First Harmful Event was Not a Collision with a Motor Vehicle in Transport,0,No,1,Non-Junction,1,Not an Intersection,0,None,,,1,On Roadway,1,Daylight,,,,,1,Clear,0,No,0000000,Not Applicable,99,Unknown,99,Unknown,99,Unknown EMS Scene Arrival Hour,99,Unknown EMS Scene Arrival Minutes,88,"Not Applicable (Not Transported) ",88,Not Applicable (Not Transported),,,,,,,1,
2023,55,550541,Wisconsin,1,1,0,0,0,1,1,55,JEFFERSON (55),0,NOT APPLICABLE,19,19,8,August,2023,7,Saturday,18,6:00pm-6:59pm,23,23,0,This Section IS NOT on the NHS,1,Rural,6,Minor Collector,2,County Highway Agency,4,County,CR-Z,,0,None,42.86722222,42.86722222,-88.542375000,-88.54237500,0,No Special Jurisdiction,34,Ditch,0,The First Harmful Event was Not a Collision with a Motor Vehicle in Transport,0,No,1,Non-Junction,1,Not an Intersection,0,None,,,4,On Roadside,1,Daylight,,,,,1,Clear,0,No,0000000,Not Applicable,99,Unknown,99,Unknown,99,Unknown EMS Scene Arrival Hour,99,Unknown EMS Scene Arrival Minutes,99,Unknown,99,Unknown EMS Hospital Arrival Time,,,,,,,1,
2023,55,550542,Wisconsin,1,1,0,0,0,1,1,119,TAYLOR (119),4070,RIB LAKE,12,12,8,August,2023,7,Saturday,12,12:00pm-12:59pm,45,45,0,This Section IS NOT on the NHS,2,Urban,7,Local,4,City or Municipal Highway Agency,5,Township,TS-LAKE SHORE DR,,0,None,45.31622222,45.31622222,-90.189313890,-90.18931389,0,No Special Jurisdiction,1,Rollover/Overturn,0,The First Harmful Event was Not a Collision with a Motor Vehicle in Transport,0,No,1,Non-Junction,1,Not an Intersection,0,None,,,1,On Roadway,1,Daylight,,,,,1,Clear,0,No,0000000,Not Applicable,99,Unknown,99,Unknown,99,Unknown EMS Scene Arrival Hour,99,Unknown EMS Scene Arrival Minutes,99,Unknown,99,Unknown EMS Hospital Arrival Time,,,,,,,1,
2023,55,550543,Wisconsin,1,1,0,0,0,1,1,109,ST CROIX (109),0,NOT APPLICABLE,4,4,9,September,2023,2,Monday,19,7:00pm-7:59pm,58,58,0,This Section IS NOT on the NHS,1,Rural,7,Local,3,Town or Township Highway Agency,5,Township,TS-205TH AVE,,0,None,45.15899167,45.15899167,-92.648750000,-92.64875000,0,No Special Jurisdiction,11,Live Animal,0,The First Harmful Event was Not a Collision with a Motor Vehicle in Transport,0,No,1,Non-Junction,1,Not an Intersection,0,None,,,1,On Roadway,5,Dusk,,,,,1,Clear,0,No,0000000,Not Applicable,99,Unknown,99,Unknown,99,Unknown EMS Scene Arrival Hour,99,Unknown EMS Scene Arrival Minutes,99,Unknown,99,Unknown EMS Hospital Arrival Time,,,,,,,1,
2023,55,550545,Wisconsin,1,1,0,0,0,1,1,141,WOOD (141),0,NOT APPLICABLE,2,2,9,September,2023,7,Saturday,16,4:00pm-4:59pm,53,53,0,This Section IS NOT on the NHS,1,Rural,7,Local,3,Town or Township Highway Agency,5,Township,TS-DAIRY RD,,0,None,44.41456944,44.41456944,-90.180122220,-90.18012222,0,No Special Jurisdiction,5,Fell/Jumped from Vehicle,0,The First Harmful Event was Not a Collision with a Motor Vehicle in Transport,0,No,1,Non-Junction,1,Not an Intersection,0,None,,,1,On Roadway,1,Daylight,,,,,1,Clear,0,No,0000000,Not Applicable,99,Unknown,99,Unknown,99,Unknown EMS Scene Arrival Hour,99,Unknown EMS Scene Arrival Minutes,99,Unknown,99,Unknown EMS Hospital Arrival Time,,,,,,,1,
2023,55,550546,Wisconsin,1,1,0,0,0,1,1,19,CLARK (19),0,NOT APPLICABLE,16,16,11,November,2023,5,Thursday,12,12:00pm-12:59pm,12,12,0,This Section IS NOT on the NHS,1,Rural,7,Local,3,Town or Township Highway Agency,5,Township,TS-N RIVER RD,,0,None,44.77890278,44.77890278,-90.610619440,-90.61061944,0,No Special Jurisdiction,1,Rollover/Overturn,0,The First Harmful Event was Not a Collision with a Motor Vehicle in Transport,0,No,1,Non-Junction,1,Not an Intersection,0,None,,,4,On Roadside,1,Daylight,,,,,1,Clear,0,No,0000000,Not Applicable,99,Unknown,99,Unknown,99,Unknown EMS Scene Arrival Hour,99,Unknown EMS Scene Arrival Minutes,88,"Not Applicable (Not Transported) ",88,Not Applicable (Not Transported),,,,,,,1,
2023,55,550547,Wisconsin,1,1,0,0,0,2,2,69,LINCOLN (69),0,NOT APPLICABLE,31,31,12,December,2023,1,Sunday,1,1:00am-1:59am,32,32,0,This Section IS NOT on the NHS,1,Rural,7,Local,3,Town or Township Highway Agency,5,Township,TS-SCOTT RD,,0,None,45.16854167,45.16854167,-89.734227780,-89.73422778,0,No Special Jurisdiction,1,Rollover/Overturn,0,The First Harmful Event was Not a Collision with a Motor Vehicle in Transport,0,No,1,Non-Junction,1,Not an Intersection,0,None,,,4,On Roadside,2,Dark - Not Lighted,,,,,10,Cloudy,0,No,0000000,Not Applicable,99,Unknown,99,Unknown,99,Unknown EMS Scene Arrival Hour,99,Unknown EMS Scene Arrival Minutes,99,Unknown,99,Unknown EMS Hospital Arrival Time,,,,,,,1,
2023,55,550548,Wisconsin,1,1,0,0,0,1,1,31,DOUGLAS (31),0,NOT APPLICABLE,30,30,3,March,2023,5,Thursday,19,7:00pm-7:59pm,35,35,0,This Section IS NOT on the NHS,1,Rural,7,Local,3,Town or Township Highway Agency,5,Township,TS-BENNETT RD,,0,None,46.46018333,46.46018333,-91.862086110,-91.86208611,0,No Special Jurisdiction,1,Rollover/Overturn,0,The First Harmful Event was Not a Collision with a Motor Vehicle in Transport,0,No,1,Non-Junction,1,Not an Intersection,0,None,,,4,On Roadside,2,Dark - Not Lighted,,,,,4,Snow,0,No,0000000,Not Applicable,99,Unknown,99,Unknown,99,Unknown EMS Scene Arrival Hour,99,Unknown EMS Scene Arrival Minutes,88,"Not Applicable (Not Transported) ",88,Not Applicable (Not Transported),,,,,,,1,
2023,55,550549,Wisconsin,1,1,0,0,0,1,1,97,PORTAGE (97),0,NOT APPLICABLE,20,20,5,May,2023,7,Saturday,20,8:00pm-8:59pm,4,4,0,This Section IS NOT on the NHS,1,Rural,7,Local,3,Town or Township Highway Agency,5,Township,TS-TORUN RD,,0,None,44.58757222,44.58757222,-89.528413890,-89.52841389,0,No Special Jurisdiction,32,Culvert,0,The First Harmful Event was Not a Collision with a Motor Vehicle in Transport,0,No,1,Non-Junction,1,Not an Intersection,0,None,,,4,On Roadside,2,Dark - Not Lighted,,,,,1,Clear,0,No,0000000,Not Applicable,99,Unknown,99,Unknown,99,Unknown EMS Scene Arrival Hour,99,Unknown EMS Scene Arrival Minutes,88,"Not Applicable (Not Transported) ",88,Not Applicable (Not Transported),,,,,,,1,
2023,55,550550,Wisconsin,1,1,0,0,0,1,1,133,WAUKESHA (133),5060,WAUKESHA,28,28,6,June,2023,4,Wednesday,9,9:00am-9:59am,20,20,9,Unknown if This Section Is on the NHS,2,Urban,98,Not Reported,2,County Highway Agency,4,County,CR-X SAYLESVILLE RD,,99998,Not Reported,42.97845278,42.97845278,-88.275375000,-88.27537500,0,No Special Jurisdiction,33,Curb,0,The First Harmful Event was Not a Collision with a Motor Vehicle in Transport,0,No,1,Non-Junction,1,Not an Intersection,0,None,,,3,On Median,1,Daylight,,,,,5,"Fog, Smog, Smoke",0,No,0000000,Not Applicable,9,9:00am-9:59am,22,22,9,9:00am-9:59am,25,25,9,9:00am-9:59am,46,46,,,,,,,1,